ISO-10303-21;
HEADER;
FILE_DESCRIPTION (( 'STEP AP214' ),
    '1' );
FILE_NAME ('Rocket_Pipe&Valve&Camera.STEP',
    '2025-07-20T08:49:38',
    ( '' ),
    ( '' ),
    'SwSTEP 2.0',
    'SolidWorks 2025',
    '' );
FILE_SCHEMA (( 'AUTOMOTIVE_DESIGN' ));
ENDSEC;

DATA;
#1 = CARTESIAN_POINT ( 'NONE',  ( 108.8183333626804767, -1631.474342653318445, -12.67126040713769264 ) ) ;
#2 = DIRECTION ( 'NONE',  ( 4.059191156308233303E-16, -1.000000000000000000, -5.331194851499991817E-17 ) ) ;
#3 = CARTESIAN_POINT ( 'NONE',  ( 101.3395806650739956, -1666.887771401710324, -14.66000334112020198 ) ) ;
#4 = VERTEX_POINT ( 'NONE', #2283 ) ;
#5 = CARTESIAN_POINT ( 'NONE',  ( 33.60072345666042537, -2999.866646067351667, -113.2620668495095373 ) ) ;
#6 = EDGE_CURVE ( 'NONE', #1184, #913, #236, .T. ) ;
#7 = VERTEX_POINT ( 'NONE', #2558 ) ;
#8 = CARTESIAN_POINT ( 'NONE',  ( 31.95843117701374680, -4111.956288766928992, -97.83462851088380319 ) ) ;
#9 = CYLINDRICAL_SURFACE ( 'NONE', #1427, 3.250000000000002665 ) ;
#10 = CARTESIAN_POINT ( 'NONE',  ( 109.3225324697367000, -1629.718316549590099, -12.02119193971324052 ) ) ;
#11 = CARTESIAN_POINT ( 'NONE',  ( 30.87058466812511170, -4111.570282203477291, -97.62951940700030207 ) ) ;
#12 = CARTESIAN_POINT ( 'NONE',  ( 31.99241245755676033, -3000.671842495224155, -97.26749723379316492 ) ) ;
#13 = CARTESIAN_POINT ( 'NONE',  ( 96.99755759765444907, -1669.640000000001237, 32.80173561188851750 ) ) ;
#14 = DIRECTION ( 'NONE',  ( 0.000000000000000000, 0.000000000000000000, 1.000000000000000000 ) ) ;
#15 = PRODUCT_RELATED_PRODUCT_CATEGORY ( 'part', '', ( #329 ) ) ;
#16 = CARTESIAN_POINT ( 'NONE',  ( 23.99916385082617154, -4284.640000000000327, 128.0745979281654172 ) ) ;
#17 = DIRECTION ( 'NONE',  ( -0.9914448613738103822, -1.218814494917753813E-16, -0.1305261922200525726 ) ) ;
#18 = CARTESIAN_POINT ( 'NONE',  ( 101.7307680862615058, -1654.640000000001464, -13.63814644350688354 ) ) ;
#19 = CARTESIAN_POINT ( 'NONE',  ( 36.90409677744865746, -4109.794844586842373, -95.51220460866960593 ) ) ;
#20 = VERTEX_POINT ( 'NONE', #222 ) ;
#21 = EDGE_CURVE ( 'NONE', #1037, #2653, #1234, .T. ) ;
#22 = DIRECTION ( 'NONE',  ( 0.1305261922200539326, 0.000000000000000000, -0.9914448613738100491 ) ) ;
#23 = EDGE_CURVE ( 'NONE', #566, #2232, #1988, .T. ) ;
#24 = CARTESIAN_POINT ( 'NONE',  ( 23.73894100790455752, -4100.234236894482819, -92.99265186274173800 ) ) ;
#25 = CARTESIAN_POINT ( 'NONE',  ( 94.75931457267672897, -1667.995474337014002, 38.79845308929832726 ) ) ;
#26 = DIRECTION ( 'NONE',  ( 0.000000000000000000, 0.000000000000000000, 1.000000000000000000 ) ) ;
#27 = EDGE_LOOP ( 'NONE', ( #703, #227 ) ) ;
#28 = CARTESIAN_POINT ( 'NONE',  ( -102.3937499999999403, -1.258758722255669386E-14, 1.253961781901942107E-14 ) ) ;
#29 = CARTESIAN_POINT ( 'NONE',  ( 29.54914364993532772, -4111.900852134765955, -89.16825548908846599 ) ) ;
#30 = CARTESIAN_POINT ( 'NONE',  ( 119.2730196079833860, -5792.430000000000291, -209.7669299331839454 ) ) ;
#31 = CARTESIAN_POINT ( 'NONE',  ( 100.2979698087347060, -1631.132373514014262, -20.61061113379868104 ) ) ;
#32 = CIRCLE ( 'NONE', #2049, 4.999999999999988454 ) ;
#33 = CARTESIAN_POINT ( 'NONE',  ( -102.3937499999992013, -5944.539895423040434, -0.5300266275552062423 ) ) ;
#34 = CARTESIAN_POINT ( 'NONE',  ( 101.7918254567590850, -1654.975875495332957, 40.43240419891143489 ) ) ;
#35 = CARTESIAN_POINT ( 'NONE',  ( 119.2730196079804443, -5894.030000000000655, 209.7669299331855370 ) ) ;
#36 = AXIS2_PLACEMENT_3D ( 'NONE', #83, #1098, #2113 ) ;
#37 = VERTEX_POINT ( 'NONE', #523 ) ;
#38 = CARTESIAN_POINT ( 'NONE',  ( 24.08072345666039027, -3001.059656082222318, -113.2620668495095373 ) ) ;
#39 = B_SPLINE_CURVE_WITH_KNOTS ( 'NONE', 3,
 ( #2065, #1878, #1367, #600, #2858, #1629, #866, #84, #374, #568, #1815, #306, #2345, #56, #2114, #2825, #552, #1100, #1565, #103 ),
 .UNSPECIFIED., .F., .F.,
 ( 4, 2, 2, 2, 2, 2, 2, 2, 2, 4 ),
 ( 0.000000000000000000, 0.001114639179973031654, 0.001671958769959862008, 0.002229278359946692580, 0.003343917539920909267, 0.004458556719895127689, 0.005573195899869344376, 0.006687835079843561931, 0.007802474259817780353, 0.008917113439791997040 ),
 .UNSPECIFIED. ) ;
#40 = CARTESIAN_POINT ( 'NONE',  ( 35.87454439887678603, -3007.221873384675291, -95.90387908736690292 ) ) ;
#41 = CARTESIAN_POINT ( 'NONE',  ( 22.98446176753857983, -2998.955125388512442, -99.78075154848103523 ) ) ;
#42 = CARTESIAN_POINT ( 'NONE',  ( 93.02279633543416537, -1664.349704088801673, 42.79396034898766743 ) ) ;
#43 = CARTESIAN_POINT ( 'NONE',  ( 34.81840794120358851, -3012.640000000000327, -93.49898157892477002 ) ) ;
#44 = MECHANICAL_DESIGN_GEOMETRIC_PRESENTATION_REPRESENTATION (  '', ( #1050 ), #3113 ) ;
#45 = ORIENTED_EDGE ( 'NONE', *, *, #2218, .F. ) ;
#46 = FACE_OUTER_BOUND ( 'NONE', #665, .T. ) ;
#47 = CARTESIAN_POINT ( 'NONE',  ( 18.25539622878124746, -4118.523110050286959, -92.30796396082574518 ) ) ;
#48 = CIRCLE ( 'NONE', #2906, 3.250000000000002665 ) ;
#49 = CARTESIAN_POINT ( 'NONE',  ( -1921.110542241465737, -5283.207558107435943, 1.590000000000000080 ) ) ;
#50 = SPHERICAL_SURFACE ( 'NONE', #2078, 5.000000000000000000 ) ;
#51 = FACE_OUTER_BOUND ( 'NONE', #980, .T. ) ;
#52 = LINE ( 'NONE', #813, #2239 ) ;
#53 = CARTESIAN_POINT ( 'NONE',  ( 31.16195705023352502, -4082.902554215341752, -73.31977957178979466 ) ) ;
#54 = EDGE_LOOP ( 'NONE', ( #1647, #2267, #2798, #767 ) ) ;
#55 = CARTESIAN_POINT ( 'NONE',  ( 24.16740269684524733, -3012.640000000000782, -104.0538580409903489 ) ) ;
#56 = CARTESIAN_POINT ( 'NONE',  ( 104.5137563491565516, -1659.043228805078115, 38.15688474465907376 ) ) ;
#57 = CARTESIAN_POINT ( 'NONE',  ( 27.61576348847637519, -2994.862801457424212, -98.59959511483384631 ) ) ;
#58 = CARTESIAN_POINT ( 'NONE',  ( -102.3814042639693582, -5691.397657313528725, -1.590000000000000080 ) ) ;
#59 = EDGE_LOOP ( 'NONE', ( #3224, #1611, #259, #1164 ) ) ;
#60 = CARTESIAN_POINT ( 'NONE',  ( 39.25218550299000952, -4107.375767896999605, -94.57138030240105309 ) ) ;
#61 = LINE ( 'NONE', #381, #1534 ) ;
#62 = CARTESIAN_POINT ( 'NONE',  ( 25.47316631587289493, -4101.425046348331307, -99.17504198166433582 ) ) ;
#63 = ADVANCED_FACE ( 'NONE', ( #732 ), #2298, .T. ) ;
#64 = CARTESIAN_POINT ( 'NONE',  ( 102.1821598593102891, -1617.140000000001464, -6.579228339925892399 ) ) ;
#65 = LINE ( 'NONE', #2590, #3013 ) ;
#66 = DIRECTION ( 'NONE',  ( 0.2739130434782606760, 0.000000000000000000, 0.9617544617065607593 ) ) ;
#67 = CARTESIAN_POINT ( 'NONE',  ( 36.53675860419847510, -4101.444826613368605, -80.93843361204910991 ) ) ;
#68 = VERTEX_POINT ( 'NONE', #35 ) ;
#69 = DIRECTION ( 'NONE',  ( 0.000000000000000000, 0.000000000000000000, -1.000000000000000000 ) ) ;
#70 = LINE ( 'NONE', #615, #1158 ) ;
#71 = CARTESIAN_POINT ( 'NONE',  ( 22.82851494508902235, -2999.749410430660646, -99.23778666693493733 ) ) ;
#72 = FACE_BOUND ( 'NONE', #1119, .T. ) ;
#73 = EDGE_CURVE ( 'NONE', #191, #1833, #158, .T. ) ;
#74 = CARTESIAN_POINT ( 'NONE',  ( 106.2338268407071240, -1627.140000000001464, 36.30633068687102138 ) ) ;
#75 = CARTESIAN_POINT ( 'NONE',  ( 31.95843117701374680, -4111.956288766928992, -97.83462851088380319 ) ) ;
#76 = CARTESIAN_POINT ( 'NONE',  ( 27.68390924204822312, -4100.436390058002871, -98.58051614624602621 ) ) ;
#77 = CARTESIAN_POINT ( 'NONE',  ( 91.74329136046596034, -1628.334798452945051, 45.47174715492837294 ) ) ;
#78 = CARTESIAN_POINT ( 'NONE',  ( 111.3197420800871384, -1627.401314167117107, -8.949962399916183031 ) ) ;
#79 = FACE_OUTER_BOUND ( 'NONE', #2559, .T. ) ;
#80 = CARTESIAN_POINT ( 'NONE',  ( 31.97647799815832315, -4237.520035190740600, 97.60418539258202486 ) ) ;
#81 = CARTESIAN_POINT ( 'NONE',  ( 36.46429090568214093, -4115.826243671085649, -87.24807377193711488 ) ) ;
#82 = VERTEX_POINT ( 'NONE', #2358 ) ;
#83 = CARTESIAN_POINT ( 'NONE',  ( 110.0932912816704459, -1654.640000000001464, -22.62348898450014190 ) ) ;
#84 = CARTESIAN_POINT ( 'NONE',  ( 102.4861440890125834, -1657.061683450412602, 39.90633321935499112 ) ) ;
#85 = AXIS2_PLACEMENT_3D ( 'NONE', #705, #1724, #2734 ) ;
#86 = CARTESIAN_POINT ( 'NONE',  ( 30.33343385246815771, -2996.115607312995053, -97.79763620218710685 ) ) ;
#87 = EDGE_LOOP ( 'NONE', ( #1016, #2733, #947 ) ) ;
#88 = LINE ( 'NONE', #1322, #1318 ) ;
#89 = EDGE_CURVE ( 'NONE', #480, #82, #353, .T. ) ;
#90 = CARTESIAN_POINT ( 'NONE',  ( 94.54085706211996865, -1619.090453432632785, 39.33308350626847272 ) ) ;
#91 = CARTESIAN_POINT ( 'NONE',  ( 38.06840794120372351, -4096.640000000000327, -99.99898157892477002 ) ) ;
#92 = CARTESIAN_POINT ( 'NONE',  ( 31.81677680640064665, -4109.418489266521647, -97.32508799232705599 ) ) ;
#93 = AXIS2_PLACEMENT_3D ( 'NONE', #3190, #1946, #917 ) ;
#94 = CARTESIAN_POINT ( 'NONE',  ( 122.0269803920178902, 0.000000000000000000, -208.1769299331839136 ) ) ;
#95 = CARTESIAN_POINT ( 'NONE',  ( 102.0527238695379850, -1617.236603306410416, -8.397793865281737880 ) ) ;
#96 = DIRECTION ( 'NONE',  ( -1.229331597148917955E-16, 1.000000000000000000, -0.000000000000000000 ) ) ;
#97 = ADVANCED_FACE ( 'NONE', ( #302 ), #336, .T. ) ;
#98 = DIRECTION ( 'NONE',  ( 0.000000000000000000, -1.000000000000000000, 0.000000000000000000 ) ) ;
#99 =( BOUNDED_SURFACE ( )  B_SPLINE_SURFACE ( 3, 2, ( 
 ( #298, #1279, #2308 ),
 ( #2521, #252, #31 ),
 ( #1, #1263, #1526 ),
 ( #729, #3262, #1043 ),
 ( #2026, #519, #1747 ),
 ( #1026, #993, #487 ),
 ( #744, #504, #2043 ),
 ( #3047, #2058, #383 ),
 ( #845, #2125, #1375 ),
 ( #811, #1390, #1638 ),
 ( #1888, #2355, #861 ),
 ( #1823, #2588, #1607 ),
 ( #1873, #3094, #2403 ),
 ( #2882, #2141, #1837 ),
 ( #1361, #2388, #2339 ),
 ( #129, #2371, #1575 ),
 ( #1092, #609, #624 ),
 ( #1856, #827, #316 ),
 ( #2621, #2074, #3081 ),
 ( #3112, #2869, #2650 ),
 ( #78, #595, #3131 ),
 ( #2637, #2850, #1622 ),
 ( #560, #2899, #350 ),
 ( #1328, #2109, #95 ),
 ( #1112, #368, #113 ),
 ( #2834, #3145, #64 ) ),
 .UNSPECIFIED., .F., .F., .F. ) 
 B_SPLINE_SURFACE_WITH_KNOTS ( ( 4, 2, 2, 2, 2, 2, 2, 2, 2, 2, 2, 2, 4 ),
 ( 3, 3 ),
 ( 0.000000000000000000, 0.002978809823386770021, 0.004468214735080154598, 0.005957619646773540042, 0.008936429470160309196, 0.01042583438185369464, 0.01191523929354708008, 0.01340464420524046379, 0.01489404911693384924, 0.01787285894032061839, 0.01936226385201400557, 0.02085166876370738928, 0.02383047858709416017 ),
 ( 0.000000000000000000, 1.000000000000000000 ),
 .UNSPECIFIED. ) 
 GEOMETRIC_REPRESENTATION_ITEM ( )  RATIONAL_B_SPLINE_SURFACE ( (
 ( 1.000000000000000000, 0.8146840925885232565, 1.000000000000000000),
 ( 1.000000000000000000, 0.8146818639990492938, 1.000000000000000000),
 ( 1.000000000000000000, 0.8137328243397207173, 1.000000000000000000),
 ( 1.000000000000000000, 0.8109801326616294936, 1.000000000000000000),
 ( 1.000000000000000000, 0.8098404930530551660, 1.000000000000000000),
 ( 1.000000000000000000, 0.8071217548367490835, 1.000000000000000000),
 ( 1.000000000000000000, 0.8055439528644822156, 1.000000000000000000),
 ( 1.000000000000000000, 0.8002929929252996510, 1.000000000000000000),
 ( 1.000000000000000000, 0.7960764895746346159, 1.000000000000000000),
 ( 1.000000000000000000, 0.7888424368371469431, 1.000000000000000000),
 ( 1.000000000000000000, 0.7862664941701058563, 1.000000000000000000),
 ( 1.000000000000000000, 0.7809406613534664032, 1.000000000000000000),
 ( 1.000000000000000000, 0.7781823627009053501, 1.000000000000000000),
 ( 1.000000000000000000, 0.7725119659999698518, 1.000000000000000000),
 ( 1.000000000000000000, 0.7695997914428281961, 1.000000000000000000),
 ( 1.000000000000000000, 0.7636548638809820266, 1.000000000000000000),
 ( 1.000000000000000000, 0.7606113414340990309, 1.000000000000000000),
 ( 1.000000000000000000, 0.7514202315516793629, 1.000000000000000000),
 ( 1.000000000000000000, 0.7453100381147210740, 1.000000000000000000),
 ( 1.000000000000000000, 0.7363671324149567710, 1.000000000000000000),
 ( 1.000000000000000000, 0.7334230206492687865, 1.000000000000000000),
 ( 1.000000000000000000, 0.7276406099208400091, 1.000000000000000000),
 ( 1.000000000000000000, 0.7248007526678431622, 1.000000000000000000),
 ( 1.000000000000000000, 0.7166398871653613112, 1.000000000000000000),
 ( 1.000000000000000000, 0.7116222452082752170, 1.000000000000000000),
 ( 1.000000000000000000, 0.7071067811865396902, 1.000000000000000000) ) ) 
 REPRESENTATION_ITEM ( '' )  SURFACE ( )  );
#100 = ORIENTED_EDGE ( 'NONE', *, *, #3180, .T. ) ;
#101 = DIRECTION ( 'NONE',  ( 1.229331597148917955E-16, -1.000000000000000000, 0.000000000000000000 ) ) ;
#102 = CIRCLE ( 'NONE', #2119, 102.3937499999999403 ) ;
#103 = CARTESIAN_POINT ( 'NONE',  ( 106.4705535175864952, -1659.640000000001237, 36.00522563075084292 ) ) ;
#104 = B_SPLINE_CURVE_WITH_KNOTS ( 'NONE', 3,
 ( #2664, #2436, #2153, #672, #655, #397, #2948, #1437, #415, #2700, #621, #3142, #433, #3193, #1423, #1636, #2453, #1403, #1138, #1918, #1950, #2200, #1675, #920, #1618, #1373, #2386, #110, #1123, #1884, #2895, #1208 ),
 .UNSPECIFIED., .F., .F.,
 ( 4, 2, 2, 2, 2, 2, 2, 2, 2, 2, 2, 2, 2, 2, 2, 4 ),
 ( 0.000000000000000000, 0.0007169349632424399299, 0.001433869926484879860, 0.002150804889727319681, 0.002867739852969759719, 0.003584674816212199758, 0.004301609779454639362, 0.005018544742697079834, 0.005735479705939519439, 0.006452414669181959044, 0.007169349632424399515, 0.007886284595666839120, 0.008603219558909278725, 0.01003708948539415967, 0.01075402444863659927, 0.01147095941187903888 ),
 .UNSPECIFIED. ) ;
#105 = EDGE_CURVE ( 'NONE', #2694, #3189, #2703, .T. ) ;
#106 = CARTESIAN_POINT ( 'NONE',  ( 24.08072345666039382, -3005.350995198624332, -103.7420668495095128 ) ) ;
#107 = ORIENTED_EDGE ( 'NONE', *, *, #308, .F. ) ;
#108 = CARTESIAN_POINT ( 'NONE',  ( 36.62416177434343467, -4101.001581877217177, -95.61991290443140201 ) ) ;
#109 = DIRECTION ( 'NONE',  ( -1.229331597148917955E-16, 1.000000000000000000, -0.000000000000000000 ) ) ;
#110 = CARTESIAN_POINT ( 'NONE',  ( 33.38276838622321208, -3002.654459469031281, -96.79912635222393646 ) ) ;
#111 = CARTESIAN_POINT ( 'NONE',  ( 91.54598066963310998, -1632.140000000001237, 45.86734636206548998 ) ) ;
#112 = CIRCLE ( 'NONE', #2393, 9.750000000000008882 ) ;
#113 = CARTESIAN_POINT ( 'NONE',  ( 102.1232253804813581, -1617.140000000336613, -7.494541204259682843 ) ) ;
#114 = CARTESIAN_POINT ( 'NONE',  ( 93.51155757519184419, -1665.648944974599090, 41.71542565118384971 ) ) ;
#115 = CARTESIAN_POINT ( 'NONE',  ( 34.69725304471543126, -4109.187062561996754, -96.33592954833011390 ) ) ;
#116 = EDGE_LOOP ( 'NONE', ( #2179, #2163, #2544, #458 ) ) ;
#117 = FACE_OUTER_BOUND ( 'NONE', #2147, .T. ) ;
#118 = CARTESIAN_POINT ( 'NONE',  ( 111.5044978208717197, -1659.474711236964822, -8.604640059495149984 ) ) ;
#119 = EDGE_CURVE ( 'NONE', #2449, #1931, #564, .T. ) ;
#120 = ORIENTED_EDGE ( 'NONE', *, *, #1443, .T. ) ;
#121 = VERTEX_POINT ( 'NONE', #1314 ) ;
#122 = CARTESIAN_POINT ( 'NONE',  ( 102.6822907829171072, -1629.422430888453391, 39.75230025987164595 ) ) ;
#123 = EDGE_CURVE ( 'NONE', #390, #2645, #2330, .T. ) ;
#124 = VERTEX_POINT ( 'NONE', #1331 ) ;
#125 = ADVANCED_FACE ( 'NONE', ( #549 ), #865, .T. ) ;
#126 = CARTESIAN_POINT ( 'NONE',  ( 95.31697101833357522, -1618.081540439268792, 37.40767822512425056 ) ) ;
#127 = CARTESIAN_POINT ( 'NONE',  ( 2.052541207863720925E-13, -1669.640000000001237, 0.000000000000000000 ) ) ;
#128 = CARTESIAN_POINT ( 'NONE',  ( 110.0932912816702185, 1.683849623058285941E-14, -22.62348898450013834 ) ) ;
#129 = CARTESIAN_POINT ( 'NONE',  ( 110.3841952941742761, -1628.157801222473609, -10.50981577700671465 ) ) ;
#130 = CARTESIAN_POINT ( 'NONE',  ( 91.71581208076771929, -1658.094661695024342, 45.52690176266394673 ) ) ;
#131 = CARTESIAN_POINT ( 'NONE',  ( -111.3937499999994287, -4179.474026095070258, 2.558717127065790969E-13 ) ) ;
#132 = ORIENTED_EDGE ( 'NONE', *, *, #925, .T. ) ;
#133 = LINE ( 'NONE', #2394, #2606 ) ;
#134 = EDGE_LOOP ( 'NONE', ( #1579, #2991, #3204 ) ) ;
#135 = EDGE_LOOP ( 'NONE', ( #2761, #1408, #2512, #1685 ) ) ;
#136 = DIRECTION ( 'NONE',  ( -0.9914448613738103822, 0.000000000000000000, -0.1305261922200525726 ) ) ;
#137 = ORIENTED_EDGE ( 'NONE', *, *, #1794, .T. ) ;
#138 = CARTESIAN_POINT ( 'NONE',  ( -102.3937499999994287, -4189.474026095069348, 5.117434254131580929E-13 ) ) ;
#139 = VECTOR ( 'NONE', #650, 1000.000000000000000 ) ;
#140 = ORIENTED_EDGE ( 'NONE', *, *, #2691, .F. ) ;
#141 = ADVANCED_FACE ( 'NONE', ( #2176 ), #2901, .F. ) ;
#142 = AXIS2_PLACEMENT_3D ( 'NONE', #769, #2300, #22 ) ;
#143 = CARTESIAN_POINT ( 'NONE',  ( 52.56768252400151908, 6.293034761108672566E-15, 87.86989696772307923 ) ) ;
#144 = PLANE ( 'NONE',  #2100 ) ;
#145 = VECTOR ( 'NONE', #1781, 1000.000000000000000 ) ;
#146 = CARTESIAN_POINT ( 'NONE',  ( 1.376980392017264965, 0.000000000000000000, -0.7949999999999872724 ) ) ;
#147 = CARTESIAN_POINT ( 'NONE',  ( 95.73161765643415322, -1617.681263725530926, 36.33377017424582078 ) ) ;
#148 = ADVANCED_FACE ( 'NONE', ( #3182 ), #1392, .T. ) ;
#149 = CARTESIAN_POINT ( 'NONE',  ( 95.79966907163368717, -1659.596875268053736, 36.53979250761922515 ) ) ;
#150 = CARTESIAN_POINT ( 'NONE',  ( 41.11838240381256071, -4110.684403357844531, -99.47354983353142188 ) ) ;
#151 = CARTESIAN_POINT ( 'NONE',  ( 961.9322515127347515, -5283.207558107435943, 1662.935533059216368 ) ) ;
#152 = VECTOR ( 'NONE', #317, 1000.000000000000000 ) ;
#153 = CARTESIAN_POINT ( 'NONE',  ( 102.0596801571270618, -1659.992266029247730, -9.297582021831484411 ) ) ;
#154 = ORIENTED_EDGE ( 'NONE', *, *, #2240, .F. ) ;
#155 = ORIENTED_EDGE ( 'NONE', *, *, #2774, .T. ) ;
#156 = VECTOR ( 'NONE', #1933, 999.9999999999998863 ) ;
#157 = CARTESIAN_POINT ( 'NONE',  ( 23.99916385082627457, -5149.640000000000327, 128.0745979281654172 ) ) ;
#158 = B_SPLINE_CURVE_WITH_KNOTS ( 'NONE', 3,
 ( #2759, #491, #3019, #1296, #1764, #2773, #507, #1530, #1511, #272, #1283, #19, #2046, #3051, #783, #1797, #2805, #3069, #833, #2063, #115, #1826, #1578, #3097, #1610, #2872, #1875, #2639, #1841, #1594, #2884, #799, #2624, #2854 ),
 .UNSPECIFIED., .F., .F.,
 ( 4, 2, 2, 2, 2, 2, 2, 2, 2, 2, 2, 2, 2, 2, 2, 2, 4 ),
 ( 0.000000000000000000, 0.0007097519409622229632, 0.001419503881924445926, 0.002129255822886668998, 0.002839007763848891853, 0.003548759704811115141, 0.003903635675292235676, 0.004258511645773357078, 0.004968263586735514013, 0.005678015527697671816, 0.006387767468659829619, 0.007097519409621985687, 0.007807271350584143489, 0.008517023291546301292, 0.009226775232508458227, 0.009936527173470615162, 0.01135603105539226450 ),
 .UNSPECIFIED. ) ;
#159 = VERTEX_POINT ( 'NONE', #2584 ) ;
#160 = CARTESIAN_POINT ( 'NONE',  ( 101.7918254564745837, -1632.140000000001237, 40.43240419887398929 ) ) ;
#161 = ORIENTED_EDGE ( 'NONE', *, *, #3057, .T. ) ;
#162 = CARTESIAN_POINT ( 'NONE',  ( 91.88738878935888010, -1627.219486595779927, 45.18100086665756265 ) ) ;
#163 = LINE ( 'NONE', #1388, #2438 ) ;
#164 = CARTESIAN_POINT ( 'NONE',  ( 23.99916385082627457, -5149.640000000000327, 128.0745979281654172 ) ) ;
#165 = CARTESIAN_POINT ( 'NONE',  ( 18.25539622878124746, -4118.523110050286959, -92.30796396082574518 ) ) ;
#166 = EDGE_CURVE ( 'NONE', #2029, #2382, #2076, .T. ) ;
#167 = CARTESIAN_POINT ( 'NONE',  ( 94.92730044386978250, -1657.029179280586050, 38.99494371265663517 ) ) ;
#168 = VECTOR ( 'NONE', #2325, 999.9999999999998863 ) ;
#169 = EDGE_CURVE ( 'NONE', #1153, #1001, #246, .T. ) ;
#170 = DIRECTION ( 'NONE',  ( -1.000000000000000000, -1.208387367954123044E-16, 1.922389810624379822E-33 ) ) ;
#171 = CARTESIAN_POINT ( 'NONE',  ( 102.0528889193084865, -1669.543296121959202, -8.395073944260834864 ) ) ;
#172 = ORIENTED_EDGE ( 'NONE', *, *, #855, .F. ) ;
#173 = B_SPLINE_CURVE_WITH_KNOTS ( 'NONE', 3,
 ( #1751, #2247, #3005, #2760, #2464, #915, #3250, #1687, #1736, #1975, #966, #175, #2693, #733, #2745, #1466, #981, #1990, #459, #2446 ),
 .UNSPECIFIED., .F., .F.,
 ( 4, 2, 2, 2, 2, 2, 2, 2, 2, 4 ),
 ( 6.938893903907228378E-18, 0.001114970855261646510, 0.002229941710523286082, 0.003344912565784925653, 0.004459883421046565224, 0.005574854276308205230, 0.006689825131569844367, 0.007247310559200670008, 0.007804795986831496515, 0.008919766842093147796 ),
 .UNSPECIFIED. ) ;
#174 = VERTEX_POINT ( 'NONE', #2305 ) ;
#175 = CARTESIAN_POINT ( 'NONE',  ( 109.4721289636325565, -1657.357569111549765, -11.82164102603215738 ) ) ;
#176 = ORIENTED_EDGE ( 'NONE', *, *, #3037, .F. ) ;
#177 = CARTESIAN_POINT ( 'NONE',  ( 105.2645069780507612, -1627.374070874605422, 37.40252505308865238 ) ) ;
#178 = VERTEX_POINT ( 'NONE', #1039 ) ;
#179 = FACE_OUTER_BOUND ( 'NONE', #2410, .T. ) ;
#180 = LINE ( 'NONE', #871, #156 ) ;
#181 = CYLINDRICAL_SURFACE ( 'NONE', #2378, 4.999999999999998224 ) ;
#182 = EDGE_CURVE ( 'NONE', #1924, #404, #2830, .T. ) ;
#183 = CARTESIAN_POINT ( 'NONE',  ( 38.06840794120359561, -3012.640000000000782, -99.99898157892477002 ) ) ;
#184 = CARTESIAN_POINT ( 'NONE',  ( 95.73692921199051398, -1659.501841701833200, 36.72567444551832949 ) ) ;
#185 = LINE ( 'NONE', #1681, #879 ) ;
#186 = CARTESIAN_POINT ( 'NONE',  ( 40.15445430506372304, -3004.055608005451177, -90.44148102889266738 ) ) ;
#187 = CARTESIAN_POINT ( 'NONE',  ( 102.1299231322265513, -1659.982501460643562, -7.635118168285605300 ) ) ;
#188 = ORIENTED_EDGE ( 'NONE', *, *, #1626, .T. ) ;
#189 = ORIENTED_EDGE ( 'NONE', *, *, #1543, .T. ) ;
#190 = CARTESIAN_POINT ( 'NONE',  ( 31.81677680640020256, -2999.016337796273547, -97.32508799232714125 ) ) ;
#191 = VERTEX_POINT ( 'NONE', #312 ) ;
#192 = CARTESIAN_POINT ( 'NONE',  ( 41.25000000000054001, -4284.640000000000327, 110.6017630962545013 ) ) ;
#193 = EDGE_LOOP ( 'NONE', ( #273, #1964, #1467, #1753 ) ) ;
#194 = ORIENTED_EDGE ( 'NONE', *, *, #2842, .F. ) ;
#195 = DIRECTION ( 'NONE',  ( 0.000000000000000000, 0.000000000000000000, 1.000000000000000000 ) ) ;
#196 = LINE ( 'NONE', #2916, #2503 ) ;
#197 = AXIS2_PLACEMENT_3D ( 'NONE', #1021, #3026, #2766 ) ;
#198 = DIRECTION ( 'NONE',  ( 0.9914448613738102711, 1.218814494917753813E-16, 0.1305261922200525726 ) ) ;
#199 = CIRCLE ( 'NONE', #2052, 102.3937499999999545 ) ;
#200 = CARTESIAN_POINT ( 'NONE',  ( 29.54914364993532772, -4111.900852134765955, -89.16825548908846599 ) ) ;
#201 = CARTESIAN_POINT ( 'NONE',  ( 101.4108286639699941, -1619.529777792676441, -14.15887954644761138 ) ) ;
#202 = DIRECTION ( 'NONE',  ( -0.4698983068804742924, -0.3417342897097483401, -0.8138877419075909447 ) ) ;
#203 = CARTESIAN_POINT ( 'NONE',  ( 78.19075809532100152, -1627.140000000001464, 37.32526473504972842 ) ) ;
#204 = CARTESIAN_POINT ( 'NONE',  ( 110.1117794820117552, -1658.311606746587131, -10.91882956651319958 ) ) ;
#205 = EDGE_CURVE ( 'NONE', #1418, #1994, #293, .T. ) ;
#206 = VERTEX_POINT ( 'NONE', #13 ) ;
#207 = ORIENTED_EDGE ( 'NONE', *, *, #1525, .F. ) ;
#208 = CARTESIAN_POINT ( 'NONE',  ( 35.69461467187052506, -4088.417115210944758, -78.72627029527195930 ) ) ;
#209 = VECTOR ( 'NONE', #300, 1000.000000000000000 ) ;
#210 = VERTEX_POINT ( 'NONE', #1324 ) ;
#211 = PRODUCT_CONTEXT ( 'NONE', #3215, 'mechanical' ) ;
#212 = ORIENTED_EDGE ( 'NONE', *, *, #2902, .F. ) ;
#213 = ORIENTED_EDGE ( 'NONE', *, *, #2233, .T. ) ;
#214 = EDGE_CURVE ( 'NONE', #337, #191, #1439, .T. ) ;
#215 = CARTESIAN_POINT ( 'NONE',  ( 109.1367086289610029, -1630.184141955129235, -12.26450133458133784 ) ) ;
#216 = PLANE ( 'NONE',  #327 ) ;
#217 = CARTESIAN_POINT ( 'NONE',  ( 30.83013465389845820, -3005.486381306856401, -97.64306443682245629 ) ) ;
#218 = CARTESIAN_POINT ( 'NONE',  ( 119.2730196079833860, 0.000000000000000000, -209.7669299331839454 ) ) ;
#219 = DIRECTION ( 'NONE',  ( -1.000000000000000000, 0.000000000000000000, 0.000000000000000000 ) ) ;
#220 = DIRECTION ( 'NONE',  ( 0.000000000000000000, -0.4999999999999769629, 0.8660254037844519193 ) ) ;
#221 = DIRECTION ( 'NONE',  ( 0.000000000000000000, 0.000000000000000000, 1.000000000000000000 ) ) ;
#222 = CARTESIAN_POINT ( 'NONE',  ( 16.31265736576156300, -5197.701849072458572, 101.0859893789923518 ) ) ;
#223 = CARTESIAN_POINT ( 'NONE',  ( 34.61838240381256782, -4102.180496392336863, -92.97354983353140767 ) ) ;
#224 = AXIS2_PLACEMENT_3D ( 'NONE', #956, #641, #2469 ) ;
#225 = ORIENTED_EDGE ( 'NONE', *, *, #677, .T. ) ;
#226 = EDGE_LOOP ( 'NONE', ( #1627, #463, #1416, #1484 ) ) ;
#227 = ORIENTED_EDGE ( 'NONE', *, *, #3178, .F. ) ;
#228 = CARTESIAN_POINT ( 'NONE',  ( 91.58986396191120605, -1630.131074673657395, 45.78006197415750478 ) ) ;
#229 = DIRECTION ( 'NONE',  ( 0.000000000000000000, 0.000000000000000000, 1.000000000000000000 ) ) ;
#230 = DIRECTION ( 'NONE',  ( -0.000000000000000000, -1.000000000000000000, 0.000000000000000000 ) ) ;
#231 = DIRECTION ( 'NONE',  ( 0.1305261922200524061, -3.389636702121535649E-32, -0.9914448613738103822 ) ) ;
#232 = CARTESIAN_POINT ( 'NONE',  ( 28.92740269684539101, -4096.640000000000327, -104.0538580409903489 ) ) ;
#233 = DIRECTION ( 'NONE',  ( -0.9472995919932055697, 0.000000000000000000, -0.3203490018862337751 ) ) ;
#234 = DIRECTION ( 'NONE',  ( -1.229331597148917955E-16, 1.000000000000000000, -0.000000000000000000 ) ) ;
#235 = CARTESIAN_POINT ( 'NONE',  ( 100.6772120939541963, -1662.235545705271534, -18.67164446198090033 ) ) ;
#236 = LINE ( 'NONE', #2311, #145 ) ;
#237 = ADVANCED_FACE ( 'NONE', ( #46 ), #1261, .T. ) ;
#238 = CARTESIAN_POINT ( 'NONE',  ( 26.38748521735894315, -4085.001881171303012, -77.85243719342658153 ) ) ;
#239 = ORIENTED_EDGE ( 'NONE', *, *, #2561, .T. ) ;
#240 = EDGE_CURVE ( 'NONE', #1037, #2746, #670, .T. ) ;
#241 = CARTESIAN_POINT ( 'NONE',  ( 100.6511532934238602, -1661.975864505139953, -18.81144832890547747 ) ) ;
#242 = DIRECTION ( 'NONE',  ( -1.229331597148917955E-16, 1.000000000000000000, -0.000000000000000000 ) ) ;
#243 = CARTESIAN_POINT ( 'NONE',  ( 29.08861625926555661, -4113.029246970122585, -98.17553638218093681 ) ) ;
#244 = CARTESIAN_POINT ( 'NONE',  ( 27.67940335708192379, -3008.816563985981702, -98.58165019081872060 ) ) ;
#245 = EDGE_CURVE ( 'NONE', #566, #2728, #2684, .T. ) ;
#246 = LINE ( 'NONE', #28, #2198 ) ;
#247 = CIRCLE ( 'NONE', #299, 3.250000000000002665 ) ;
#248 = CARTESIAN_POINT ( 'NONE',  ( 100.7820704288716342, -1623.590330595213572, -18.09743557597056807 ) ) ;
#249 = VECTOR ( 'NONE', #1291, 1000.000000000000000 ) ;
#250 = EDGE_CURVE ( 'NONE', #1418, #1550, #360, .T. ) ;
#251 = VECTOR ( 'NONE', #492, 999.9999999999998863 ) ;
#252 = CARTESIAN_POINT ( 'NONE',  ( 101.7307680862894870, -1631.638395262541735, -13.63814644295448275 ) ) ;
#253 = LINE ( 'NONE', #164, #1846 ) ;
#254 = CLOSED_SHELL ( 'NONE', ( #728, #1828, #1300, #1382, #3030, #516, #1356, #2860, #1301, #2819, #1139, #2866, #3185, #583, #2099, #429, #479, #2346, #1666, #661, #2476, #141, #2946, #2519, #892, #2935, #768, #1787, #1036, #592, #2896, #755, #1965, #1646, #2384, #2115, #379, #1415, #3064, #1298, #237, #2136, #1928, #125, #1167, #2721, #1173, #63, #2604, #2801, #586, #2002, #1010, #2006, #1105, #148, #1512, #2620, #1286, #3001, #1448, #2862, #2106, #97, #795, #1071, #2578, #1195, #3015, #1925, #1864, #1075, #2437, #1855, #958, #1639, #2086, #375, #689, #1421, #2258 ) ) ;
#255 = CARTESIAN_POINT ( 'NONE',  ( 101.4996065898257598, -1667.689546567369916, -13.52386683836356696 ) ) ;
#256 = ORIENTED_EDGE ( 'NONE', *, *, #2177, .T. ) ;
#257 = CARTESIAN_POINT ( 'NONE',  ( 34.61838240381256782, -4114.498858301666587, -105.9735498335314219 ) ) ;
#258 = CARTESIAN_POINT ( 'NONE',  ( 13.83677518500865489, -4284.640000000000327, 92.39275336598097965 ) ) ;
#259 = ORIENTED_EDGE ( 'NONE', *, *, #1132, .F. ) ;
#260 = CARTESIAN_POINT ( 'NONE',  ( 24.16740269684537878, -4096.640000000000327, -113.5738580409904017 ) ) ;
#261 = DIRECTION ( 'NONE',  ( 0.000000000000000000, -0.4999999999999324429, -0.8660254037844775654 ) ) ;
#262 = VECTOR ( 'NONE', #231, 999.9999999999998863 ) ;
#263 = CARTESIAN_POINT ( 'NONE',  ( 109.4660023477083683, -1629.433575171706025, -11.82995446787996130 ) ) ;
#264 = CARTESIAN_POINT ( 'NONE',  ( 31.23228041094910878, -4111.006743106156136, -97.51441287176766082 ) ) ;
#265 = CARTESIAN_POINT ( 'NONE',  ( 27.47660944275480688, -3008.836155820839849, -98.63836504159675656 ) ) ;
#266 = CARTESIAN_POINT ( 'NONE',  ( 41.31840794120372351, -4096.640000000000327, -99.99898157892501160 ) ) ;
#267 = TOROIDAL_SURFACE ( 'NONE', #3120, 112.3937499999999261, 10.00000000000000000 ) ;
#268 = CARTESIAN_POINT ( 'NONE',  ( 100.8299046609866423, -1623.193371889721448, -17.82958234145508314 ) ) ;
#269 = CARTESIAN_POINT ( 'NONE',  ( 34.87629242494634951, -3005.429905932884139, -100.1510338904487440 ) ) ;
#270 = CARTESIAN_POINT ( 'NONE',  ( 108.7880293596513184, -1654.975377339967963, -12.70904037073830750 ) ) ;
#271 = EDGE_CURVE ( 'NONE', #2285, #2197, #777, .T. ) ;
#272 = CARTESIAN_POINT ( 'NONE',  ( 37.43681482423568241, -4109.637008647158837, -95.30482760064410286 ) ) ;
#273 = ORIENTED_EDGE ( 'NONE', *, *, #2762, .T. ) ;
#274 = CARTESIAN_POINT ( 'NONE',  ( 29.36652196497624701, -4096.021028550566371, -68.60348882766109568 ) ) ;
#275 = EDGE_CURVE ( 'NONE', #430, #2197, #2120, .T. ) ;
#276 = AXIS2_PLACEMENT_3D ( 'NONE', #2090, #1592, #873 ) ;
#277 = DIRECTION ( 'NONE',  ( 0.9914448613738101601, 0.000000000000000000, 0.1305261922200529057 ) ) ;
#278 = DIRECTION ( 'NONE',  ( 1.229331597148917955E-16, -1.000000000000000000, 0.000000000000000000 ) ) ;
#279 = CARTESIAN_POINT ( 'NONE',  ( 31.16572831336360494, -3004.732896478450130, -97.53590514648496423 ) ) ;
#280 = ORIENTED_EDGE ( 'NONE', *, *, #6, .T. ) ;
#281 = DIRECTION ( 'NONE',  ( 0.8087343211506712315, 0.5881741220021186045, 0.000000000000000000 ) ) ;
#282 = CARTESIAN_POINT ( 'NONE',  ( 78.84338905642125894, -1654.640000000001464, 32.36804042818066307 ) ) ;
#283 = CARTESIAN_POINT ( 'NONE',  ( -102.3937499999999403, -1.258758722255669386E-14, 1.253961781901942107E-14 ) ) ;
#284 = CARTESIAN_POINT ( 'NONE',  ( 34.81840794120358851, -3012.640000000000782, -99.99898157892477002 ) ) ;
#285 = CARTESIAN_POINT ( 'NONE',  ( 91.54598066998188699, -1655.647626485989349, 45.86734636136939258 ) ) ;
#286 = DIRECTION ( 'NONE',  ( 0.9914448613738103822, 1.218814494917753813E-16, 0.1305261922200525726 ) ) ;
#287 = ORIENTED_EDGE ( 'NONE', *, *, #1443, .F. ) ;
#288 = CARTESIAN_POINT ( 'NONE',  ( 34.81840794120371640, -4096.640000000000327, -106.4989815789247700 ) ) ;
#289 = CARTESIAN_POINT ( 'NONE',  ( 33.68740269684527533, -3012.640000000000327, -94.53385804099032441 ) ) ;
#290 = CARTESIAN_POINT ( 'NONE',  ( 95.23728283399412931, -1668.610057062352553, 37.61017548133003174 ) ) ;
#291 = CARTESIAN_POINT ( 'NONE',  ( 28.32584423981887767, -2994.138792432788705, -89.44416386819887066 ) ) ;
#292 = ORIENTED_EDGE ( 'NONE', *, *, #1344, .T. ) ;
#293 = LINE ( 'NONE', #2275, #411 ) ;
#294 = DIRECTION ( 'NONE',  ( -1.229331597148917955E-16, 1.000000000000000000, 0.000000000000000000 ) ) ;
#295 =( BOUNDED_CURVE ( )  B_SPLINE_CURVE ( 3, ( #1162, #962, #2741, #471 ),
 .UNSPECIFIED., .F., .F. ) 
 B_SPLINE_CURVE_WITH_KNOTS ( ( 4, 4 ),
 ( 1.486117208151147340, 1.570796326794896780 ),
 .UNSPECIFIED. ) 
 CURVE ( )  GEOMETRIC_REPRESENTATION_ITEM ( )  RATIONAL_B_SPLINE_CURVE ( ( 1.000000000000000000, 0.9994025431654762759, 0.9994025431654762759, 1.000000000000000000 ) ) 
 REPRESENTATION_ITEM ( '' )  );
#296 = CARTESIAN_POINT ( 'NONE',  ( 27.48916847422403720, -4100.418071871812572, -98.63500557114602429 ) ) ;
#297 = B_SPLINE_CURVE_WITH_KNOTS ( 'NONE', 3,
 ( #432, #2679, #414, #1436, #2452, #2199, #1273, #241, #1253, #757, #528, #1020, #773, #3009, #512, #1004, #2270, #3041, #1536, #986, #1516, #3025, #1784, #1502 ),
 .UNSPECIFIED., .F., .F.,
 ( 4, 2, 2, 2, 2, 2, 2, 2, 2, 2, 2, 4 ),
 ( 0.000000000000000000, 0.002872657517806968992, 0.005745315035613937985, 0.007181643794517420312, 0.008617972553420904375, 0.01149063007122787250, 0.01292695883013160116, 0.01436328758903532635, 0.01723594510684316877, 0.01867227386574708825, 0.02010860262465101120, 0.02298126014245899587 ),
 .UNSPECIFIED. ) ;
#298 = CARTESIAN_POINT ( 'NONE',  ( 108.7880293594698600, -1632.140000000001237, -12.70904037076218707 ) ) ;
#299 = AXIS2_PLACEMENT_3D ( 'NONE', #1360, #1111, #2124 ) ;
#300 = DIRECTION ( 'NONE',  ( 4.270088556250605644E-16, -1.000000000000000000, -2.135044278125303315E-16 ) ) ;
#301 = CARTESIAN_POINT ( 'NONE',  ( 94.75936943512466826, -1655.634996962572359, 39.43878694097760729 ) ) ;
#302 = FACE_OUTER_BOUND ( 'NONE', #524, .T. ) ;
#303 = AXIS2_PLACEMENT_3D ( 'NONE', #2670, #402, #911 ) ;
#304 = ORIENTED_EDGE ( 'NONE', *, *, #1766, .T. ) ;
#305 = CARTESIAN_POINT ( 'NONE',  ( 41.31840794120373062, -4096.640000000000327, -99.99898157892477002 ) ) ;
#306 = CARTESIAN_POINT ( 'NONE',  ( 103.7778846195809450, -1658.530365018383236, 38.83422960621383879 ) ) ;
#307 = CARTESIAN_POINT ( 'NONE',  ( 26.11434271660035478, -2995.084606378045919, -99.00782496392777432 ) ) ;
#308 = EDGE_CURVE ( 'NONE', #2231, #2662, #2225, .T. ) ;
#309 = CARTESIAN_POINT ( 'NONE',  ( 35.54749465410922937, -4101.259540113671392, -96.02535958512791581 ) ) ;
#310 = AXIS2_PLACEMENT_3D ( 'NONE', #666, #1689, #2696 ) ;
#311 = VERTEX_POINT ( 'NONE', #532 ) ;
#312 = CARTESIAN_POINT ( 'NONE',  ( 39.25218550299000952, -4107.375767896999605, -94.57138030240105309 ) ) ;
#313 = FACE_OUTER_BOUND ( 'NONE', #2829, .T. ) ;
#314 = AXIS2_PLACEMENT_3D ( 'NONE', #282, #824, #1077 ) ;
#315 = CARTESIAN_POINT ( 'NONE',  ( 31.28494962493549281, -4104.449561395675119, -97.49744286064583321 ) ) ;
#316 = CARTESIAN_POINT ( 'NONE',  ( 101.4990027271070687, -1619.092786736616972, -13.52877412569272053 ) ) ;
#317 = DIRECTION ( 'NONE',  ( 1.229331597148917955E-16, -1.000000000000000000, 0.000000000000000000 ) ) ;
#318 = CARTESIAN_POINT ( 'NONE',  ( 101.9438860010304353, -1655.791553898343636, 40.31967818133951909 ) ) ;
#319 = DIRECTION ( 'NONE',  ( -0.000000000000000000, 0.4999999999999319988, -0.8660254037844778985 ) ) ;
#320 = VERTEX_POINT ( 'NONE', #557 ) ;
#321 = DIRECTION ( 'NONE',  ( 1.000000000000000000, 0.000000000000000000, 0.000000000000000000 ) ) ;
#322 = DIRECTION ( 'NONE',  ( 1.922389810624375716E-33, -1.590872150442208330E-17, -1.000000000000000000 ) ) ;
#323 = EDGE_CURVE ( 'NONE', #2144, #174, #3104, .T. ) ;
#324 = CARTESIAN_POINT ( 'NONE',  ( 23.06892269896358272, -2998.616450442547830, -99.76130434441184036 ) ) ;
#325 = DIRECTION ( 'NONE',  ( -1.000000000000000000, -1.137096869188916390E-16, 0.000000000000000000 ) ) ;
#326 = EDGE_CURVE ( 'NONE', #1588, #950, #2783, .T. ) ;
#327 = AXIS2_PLACEMENT_3D ( 'NONE', #1490, #759, #2221 ) ;
#328 = ORIENTED_EDGE ( 'NONE', *, *, #2764, .T. ) ;
#329 = PRODUCT ( 'Rocket_Pipe&Valve&Camera', 'Rocket_Pipe&Valve&Camera', '', ( #211 ) ) ;
#330 = LINE ( 'NONE', #1107, #1521 ) ;
#331 = CARTESIAN_POINT ( 'NONE',  ( 29.54914364993532772, -4111.900852134765955, -89.16825548908846599 ) ) ;
#332 = DIRECTION ( 'NONE',  ( -1.208387367954123044E-16, 1.000000000000000000, -1.590872150442208330E-17 ) ) ;
#333 = DIRECTION ( 'NONE',  ( -1.000000000000000000, 0.000000000000000000, 0.000000000000000000 ) ) ;
#334 = LINE ( 'NONE', #1346, #1898 ) ;
#335 = DIRECTION ( 'NONE',  ( 1.208387367954123044E-16, -1.000000000000000000, 1.590872150442211719E-17 ) ) ;
#336 = CYLINDRICAL_SURFACE ( 'NONE', #1429, 4.999999999999998224 ) ;
#337 = VERTEX_POINT ( 'NONE', #266 ) ;
#338 = PLANE ( 'NONE',  #2318 ) ;
#339 = CARTESIAN_POINT ( 'NONE',  ( 33.71875959994639516, -3004.346057062607542, -96.68265144768093933 ) ) ;
#340 = EDGE_CURVE ( 'NONE', #2855, #2583, #1277, .T. ) ;
#341 = CARTESIAN_POINT ( 'NONE',  ( 25.19276709472836018, -2995.533607228352594, -99.24657335609548170 ) ) ;
#342 = VERTEX_POINT ( 'NONE', #395 ) ;
#343 = CARTESIAN_POINT ( 'NONE',  ( 35.14047806566424015, -4101.569088113215003, -96.17503017131450349 ) ) ;
#344 = EDGE_CURVE ( 'NONE', #2382, #311, #330, .T. ) ;
#345 = CARTESIAN_POINT ( 'NONE',  ( 93.10835235446759839, -1622.151631934806574, 42.61160894334461346 ) ) ;
#346 = DIRECTION ( 'NONE',  ( 0.000000000000000000, -0.5329411146587876846, -0.8461523316201694511 ) ) ;
#347 = EDGE_CURVE ( 'NONE', #2692, #2928, #2152, .T. ) ;
#348 = DIRECTION ( 'NONE',  ( 1.224646799147353207E-16, 1.505497005539125953E-32, 1.000000000000000000 ) ) ;
#349 = CARTESIAN_POINT ( 'NONE',  ( 16.31265736576145642, 3.424144691489184407E-15, 101.0859893789923660 ) ) ;
#350 = CARTESIAN_POINT ( 'NONE',  ( 101.9309057910326146, -1617.521866917149055, -9.735030645329745269 ) ) ;
#351 = DIRECTION ( 'NONE',  ( -0.4999999999999919509, 0.000000000000000000, -0.8660254037844432595 ) ) ;
#352 = CARTESIAN_POINT ( 'NONE',  ( -102.3937499999994429, -4169.474026095070258, 0.000000000000000000 ) ) ;
#353 = LINE ( 'NONE', #581, #1522 ) ;
#354 = EDGE_CURVE ( 'NONE', #2625, #1487, #856, .T. ) ;
#355 = ORIENTED_EDGE ( 'NONE', *, *, #2691, .T. ) ;
#356 = VECTOR ( 'NONE', #3088, 1000.000000000000000 ) ;
#357 = CARTESIAN_POINT ( 'NONE',  ( 22.82851494508902235, -2999.749410430660646, -99.23778666693493733 ) ) ;
#358 = CARTESIAN_POINT ( 'NONE',  ( 34.68890920022795399, -3006.223991218243555, -96.33890603710511868 ) ) ;
#359 = AXIS2_PLACEMENT_3D ( 'NONE', #1483, #3235, #2194 ) ;
#360 = CIRCLE ( 'NONE', #1683, 10.00000000000000000 ) ;
#361 = CARTESIAN_POINT ( 'NONE',  ( 32.15484722230207382, -2997.607472695962315, -98.54115054148732611 ) ) ;
#362 = VERTEX_POINT ( 'NONE', #2121 ) ;
#363 = LINE ( 'NONE', #2365, #1157 ) ;
#364 = CARTESIAN_POINT ( 'NONE',  ( 95.73803959776783756, -1627.276371499264997, 36.72240086412852378 ) ) ;
#365 = CARTESIAN_POINT ( 'NONE',  ( -1.376980392017264965, 0.000000000000000000, 0.7949999999999872724 ) ) ;
#366 = CIRCLE ( 'NONE', #1796, 10.00000000000000888 ) ;
#367 = CARTESIAN_POINT ( 'NONE',  ( -96.39374999999941451, -4169.474026095070258, 0.000000000000000000 ) ) ;
#368 = CARTESIAN_POINT ( 'NONE',  ( 102.1648501427271469, -1627.013170295449527, -6.848065989409207965 ) ) ;
#369 = EDGE_CURVE ( 'NONE', #687, #2449, #2863, .T. ) ;
#370 = CARTESIAN_POINT ( 'NONE',  ( 102.5562014877748709, -1657.170711405837210, 39.85192313990645374 ) ) ;
#371 = CARTESIAN_POINT ( 'NONE',  ( 27.79401159196748239, -4104.218607276052353, -81.54713346866859069 ) ) ;
#372 = ORIENTED_EDGE ( 'NONE', *, *, #1182, .F. ) ;
#373 = CARTESIAN_POINT ( 'NONE',  ( -96.39374999999941451, -4184.474026095069348, 8.660254037844234531 ) ) ;
#374 = CARTESIAN_POINT ( 'NONE',  ( 102.6742212492877684, -1657.346424828296676, 39.75874474317451046 ) ) ;
#375 = ADVANCED_FACE ( 'NONE', ( #637 ), #426, .F. ) ;
#376 = DIRECTION ( 'NONE',  ( 1.000000000000000000, 0.000000000000000000, 0.000000000000000000 ) ) ;
#377 = ORIENTED_EDGE ( 'NONE', *, *, #123, .F. ) ;
#378 = CARTESIAN_POINT ( 'NONE',  ( -102.0268594001716025, -4184.474026095069348, -8.660254037844222097 ) ) ;
#379 = ADVANCED_FACE ( 'NONE', ( #179 ), #1932, .F. ) ;
#380 = CARTESIAN_POINT ( 'NONE',  ( 96.99755759765422169, -1627.140000000001692, 32.80173561188843223 ) ) ;
#381 = CARTESIAN_POINT ( 'NONE',  ( -102.3814042639701540, -1.258606952221754708E-14, -1.590000000000000080 ) ) ;
#382 = PLANE ( 'NONE',  #2472 ) ;
#383 = CARTESIAN_POINT ( 'NONE',  ( 100.5894640853499027, -1625.410822804954250, -19.14094043765754449 ) ) ;
#384 = CARTESIAN_POINT ( 'NONE',  ( 96.91125739131727812, -1659.766829704931752, 33.05693275604652825 ) ) ;
#385 = DIRECTION ( 'NONE',  ( 1.000000000000000000, 0.000000000000000000, 0.000000000000000000 ) ) ;
#386 = ORIENTED_EDGE ( 'NONE', *, *, #2687, .F. ) ;
#387 = FACE_OUTER_BOUND ( 'NONE', #752, .T. ) ;
#388 = CARTESIAN_POINT ( 'NONE',  ( 101.8892907934375671, -1669.144133710976575, -10.16088170214196396 ) ) ;
#389 = EDGE_LOOP ( 'NONE', ( #45, #718, #3008, #161, #1813 ) ) ;
#390 = VERTEX_POINT ( 'NONE', #1966 ) ;
#391 = CARTESIAN_POINT ( 'NONE',  ( 2.052541207863720925E-13, -1669.640000000001237, 0.000000000000000000 ) ) ;
#392 = ORIENTED_EDGE ( 'NONE', *, *, #1320, .T. ) ;
#393 = CARTESIAN_POINT ( 'NONE',  ( 101.7918254564746121, -1631.762262042199836, 40.43240419887397508 ) ) ;
#394 = ORIENTED_EDGE ( 'NONE', *, *, #2762, .F. ) ;
#395 = CARTESIAN_POINT ( 'NONE',  ( -241.2999999999993008, -5792.430000000000291, 1.590000000000000080 ) ) ;
#396 = B_SPLINE_CURVE_WITH_KNOTS ( 'NONE', 3,
 ( #1104, #2582, #2135, #541, #603, #1070, #2828, #1055, #1337, #343, #2068, #2878, #309, #3107, #2084, #1354, #2118, #2383, #108, #1120, #789, #1556, #1304, #2319, #3075, #806, #555, #1135, #3155, #2196, #1400, #2431, #1452, #652, #635, #2167, #3174, #1633 ),
 .UNSPECIFIED., .F., .F.,
 ( 4, 2, 2, 2, 2, 2, 2, 2, 2, 2, 2, 2, 2, 2, 2, 2, 2, 2, 4 ),
 ( 0.01135603105539226450, 0.01214614921819543412, 0.01293626738099860549, 0.01372638554380177511, 0.01451650370660494474, 0.01491156278800741079, 0.01530662186940987685, 0.01570168095081234116, 0.01609674003221480548, 0.01649179911361726980, 0.01688685819501973759, 0.01767697635782570012, 0.01846709452063166265, 0.01925721268343762865, 0.02083744900904727082, 0.02162756717185081515, 0.02241768533465435947, 0.02320780349745790727, 0.02399792166026145160 ),
 .UNSPECIFIED. ) ;
#397 = CARTESIAN_POINT ( 'NONE',  ( 38.51178697451094024, -2999.308729242984555, -94.87541418228173029 ) ) ;
#398 = CARTESIAN_POINT ( 'NONE',  ( 93.55570396158742597, -1621.026228817007905, 41.61656127301092312 ) ) ;
#399 = CARTESIAN_POINT ( 'NONE',  ( 101.9906747865814083, -1655.952051372505821, 40.28474546154296121 ) ) ;
#400 = CARTESIAN_POINT ( 'NONE',  ( 28.72212168855326553, -4121.176986450967888, -90.48511471009680918 ) ) ;
#401 = ORIENTED_EDGE ( 'NONE', *, *, #1486, .F. ) ;
#402 = DIRECTION ( 'NONE',  ( 1.000000000000000000, -0.000000000000000000, 0.000000000000000000 ) ) ;
#403 = CARTESIAN_POINT ( 'NONE',  ( 101.6035048899563549, -1668.142565577937830, -12.72497913971870531 ) ) ;
#404 = VERTEX_POINT ( 'NONE', #721 ) ;
#405 = ORIENTED_EDGE ( 'NONE', *, *, #2598, .F. ) ;
#406 = CARTESIAN_POINT ( 'NONE',  ( 85.18696199831582305, -1627.140000000001464, -15.81617983458651011 ) ) ;
#407 = ORIENTED_EDGE ( 'NONE', *, *, #2380, .T. ) ;
#408 = CARTESIAN_POINT ( 'NONE',  ( 101.8418262285628941, -1631.390409000346608, 40.39575086020869321 ) ) ;
#409 = AXIS2_PLACEMENT_3D ( 'NONE', #183, #1192, #3212 ) ;
#410 = ORIENTED_EDGE ( 'NONE', *, *, #1101, .T. ) ;
#411 = VECTOR ( 'NONE', #1805, 1000.000000000000000 ) ;
#412 = TOROIDAL_SURFACE ( 'NONE', #2581, 112.3937499999999261, 10.00000000000000000 ) ;
#413 = EDGE_CURVE ( 'NONE', #2494, #337, #1422, .T. ) ;
#414 = CARTESIAN_POINT ( 'NONE',  ( 100.3158890084739170, -1656.555549874148937, -20.52397893715122024 ) ) ;
#415 = CARTESIAN_POINT ( 'NONE',  ( 37.82760331633631523, -2998.691772688966921, -95.15039685372013878 ) ) ;
#416 = DIRECTION ( 'NONE',  ( 0.1708671448548755578, -0.9397966137609636839, -0.2959505762328723533 ) ) ;
#417 = EDGE_CURVE ( 'NONE', #320, #37, #1095, .T. ) ;
#418 = FACE_OUTER_BOUND ( 'NONE', #226, .T. ) ;
#419 = CARTESIAN_POINT ( 'NONE',  ( 91.96573546564103196, -1660.001207256785619, 45.02018992646072348 ) ) ;
#420 = CARTESIAN_POINT ( 'NONE',  ( -102.0268594001716025, -4184.474026095069348, 8.660254037844234531 ) ) ;
#421 = LINE ( 'NONE', #630, #2552 ) ;
#422 = EDGE_LOOP ( 'NONE', ( #1470, #1707, #2229 ) ) ;
#423 = VERTEX_POINT ( 'NONE', #1948 ) ;
#424 = AXIS2_PLACEMENT_3D ( 'NONE', #2036, #2793, #2288 ) ;
#425 = CARTESIAN_POINT ( 'NONE',  ( 23.99916385082628167, -5169.640000000000327, 128.0745979281654172 ) ) ;
#426 =( BOUNDED_SURFACE ( )  B_SPLINE_SURFACE ( 3, 2, ( 
 ( #1635, #380, #1589 ),
 ( #74, #2170, #2647 ),
 ( #1154, #1617, #1602 ),
 ( #904, #3176, #2847 ),
 ( #2366, #605, #2400 ),
 ( #2663, #1339, #2634 ),
 ( #1402, #1088, #126 ),
 ( #3125, #2416, #620 ),
 ( #1868, #3108, #90 ),
 ( #1357, #2385, #840 ),
 ( #2879, #1122, #2913 ),
 ( #1656, #1883, #1850 ),
 ( #1387, #364, #590 ),
 ( #1372, #1901, #345 ),
 ( #2137, #3141, #870 ),
 ( #1137, #3160, #886 ),
 ( #1472, #2929, #938 ),
 ( #1742, #2718, #2219 ),
 ( #447, #954, #1454 ),
 ( #2947, #3207, #162 ),
 ( #3255, #2484, #1674 ),
 ( #1189, #3192, #228 ),
 ( #3226, #2994, #1224 ),
 ( #2467, #919, #671 ) ),
 .UNSPECIFIED., .F., .F., .F. ) 
 B_SPLINE_SURFACE_WITH_KNOTS ( ( 4, 2, 2, 2, 2, 2, 2, 2, 2, 2, 2, 4 ),
 ( 3, 3 ),
 ( 0.000000000000000000, 0.002978856859228316313, 0.004468285288842474903, 0.005957713718456632626, 0.008936570577684949807, 0.01042599900729910753, 0.01191542743691326525, 0.01489428429614158243, 0.01638371272575574189, 0.01787314115536989961, 0.02085199801459821506, 0.02383085487382653050 ),
 ( 0.000000000000000000, 1.000000000000000000 ),
 .UNSPECIFIED. ) 
 GEOMETRIC_REPRESENTATION_ITEM ( )  RATIONAL_B_SPLINE_SURFACE ( (
 ( 1.000000000000000000, 0.7071067811865398012, 1.000000000000000000),
 ( 1.000000000000000000, 0.7116252009538258649, 1.000000000000000000),
 ( 1.000000000000000000, 0.7166267624561249994, 1.000000000000000000),
 ( 1.000000000000000000, 0.7247212414140539183, 1.000000000000000000),
 ( 1.000000000000000000, 0.7275181085882971299, 1.000000000000000000),
 ( 1.000000000000000000, 0.7332868485887653609, 1.000000000000000000),
 ( 1.000000000000000000, 0.7362730104431135514, 1.000000000000000000),
 ( 1.000000000000000000, 0.7452790153680212137, 1.000000000000000000),
 ( 1.000000000000000000, 0.7513839394657402249, 1.000000000000000000),
 ( 1.000000000000000000, 0.7604917595037300471, 1.000000000000000000),
 ( 1.000000000000000000, 0.7635194250606767152, 1.000000000000000000),
 ( 1.000000000000000000, 0.7695221223995569737, 1.000000000000000000),
 ( 1.000000000000000000, 0.7724608426912723536, 1.000000000000000000),
 ( 1.000000000000000000, 0.7809851473832263302, 1.000000000000000000),
 ( 1.000000000000000000, 0.7863070073947896477, 1.000000000000000000),
 ( 1.000000000000000000, 0.7935449980704435413, 1.000000000000000000),
 ( 1.000000000000000000, 0.7958449257731727844, 1.000000000000000000),
 ( 1.000000000000000000, 0.8000742091424752900, 1.000000000000000000),
 ( 1.000000000000000000, 0.8020081975243058547, 1.000000000000000000),
 ( 1.000000000000000000, 0.8072425251773179822, 1.000000000000000000),
 ( 1.000000000000000000, 0.8099796175250636443, 1.000000000000000000),
 ( 1.000000000000000000, 0.8137253523205149053, 1.000000000000000000),
 ( 1.000000000000000000, 0.8146861976311502440, 1.000000000000000000),
 ( 1.000000000000000000, 0.8146840925885263651, 1.000000000000000000) ) ) 
 REPRESENTATION_ITEM ( '' )  SURFACE ( )  );
#427 = ORIENTED_EDGE ( 'NONE', *, *, #2627, .T. ) ;
#428 = DIRECTION ( 'NONE',  ( -1.229331597148917955E-16, 1.000000000000000000, -0.000000000000000000 ) ) ;
#429 = ADVANCED_FACE ( 'NONE', ( #2981 ), #832, .T. ) ;
#430 = VERTEX_POINT ( 'NONE', #3241 ) ;
#431 = VECTOR ( 'NONE', #611, 999.9999999999998863 ) ;
#432 = CARTESIAN_POINT ( 'NONE',  ( 100.2979698085751181, -1654.640000000001464, -20.61061113457533978 ) ) ;
#433 = CARTESIAN_POINT ( 'NONE',  ( 36.55583798448349597, -2998.269823744798032, -95.64626710306369262 ) ) ;
#434 = DIRECTION ( 'NONE',  ( 0.1708671448548713945, -0.9397966137609636839, 0.2959505762328747402 ) ) ;
#435 = CARTESIAN_POINT ( 'NONE',  ( 24.15255419885703603, -4109.514265712719862, -113.5204469719776057 ) ) ;
#436 = CARTESIAN_POINT ( 'NONE',  ( 95.20013687276097869, -1658.246540143173661, 38.25735875770956085 ) ) ;
#437 = VECTOR ( 'NONE', #2025, 999.9999999999998863 ) ;
#438 = LINE ( 'NONE', #151, #1147 ) ;
#439 = CARTESIAN_POINT ( 'NONE',  ( 39.25218550298983899, -3000.775497512168840, -94.57138030240108151 ) ) ;
#440 = CARTESIAN_POINT ( 'NONE',  ( 110.9515479056347402, -1659.140855192556273, -9.601841946616470835 ) ) ;
#441 = ORIENTED_EDGE ( 'NONE', *, *, #2314, .T. ) ;
#442 = VERTEX_POINT ( 'NONE', #2235 ) ;
#443 = CARTESIAN_POINT ( 'NONE',  ( 32.98634179434087343, -3002.415914147398325, -101.5320937335701785 ) ) ;
#444 = ORIENTED_EDGE ( 'NONE', *, *, #1699, .F. ) ;
#445 = CARTESIAN_POINT ( 'NONE',  ( 151.4568591799477417, -1654.640000000001464, -2.048437552863915823 ) ) ;
#446 = EDGE_LOOP ( 'NONE', ( #1449, #2744, #1947, #2922 ) ) ;
#447 = CARTESIAN_POINT ( 'NONE',  ( 102.3123962236176112, -1630.046196007801200, 40.04044649586738558 ) ) ;
#448 = CARTESIAN_POINT ( 'NONE',  ( 47.08127093178372746, -5149.640000000000327, 121.5006848846871605 ) ) ;
#449 = CARTESIAN_POINT ( 'NONE',  ( 140.8086928922844265, -1659.640000000001237, 40.52592744193395902 ) ) ;
#450 =( NAMED_UNIT ( * ) SI_UNIT ( $, .STERADIAN. ) SOLID_ANGLE_UNIT ( ) );
#451 = DIRECTION ( 'NONE',  ( 0.8087343211506712315, 0.5881741220021186045, 0.000000000000000000 ) ) ;
#452 = FACE_OUTER_BOUND ( 'NONE', #3022, .T. ) ;
#453 = CARTESIAN_POINT ( 'NONE',  ( 140.8086928922844265, -1632.140000000001237, 40.52592744193396612 ) ) ;
#454 = CARTESIAN_POINT ( 'NONE',  ( 39.08633044148643876, -3004.468434756067381, -94.64016315213098096 ) ) ;
#455 = FACE_OUTER_BOUND ( 'NONE', #1066, .T. ) ;
#456 = EDGE_CURVE ( 'NONE', #7, #1550, #2435, .T. ) ;
#457 = VERTEX_POINT ( 'NONE', #1979 ) ;
#458 = ORIENTED_EDGE ( 'NONE', *, *, #501, .F. ) ;
#459 = CARTESIAN_POINT ( 'NONE',  ( 108.7880293594698884, -1655.017737957802865, -12.70904037076217463 ) ) ;
#460 = ORIENTED_EDGE ( 'NONE', *, *, #344, .T. ) ;
#461 = CARTESIAN_POINT ( 'NONE',  ( 122.0269803920178902, -5894.030000000000655, -208.1769299331839136 ) ) ;
#462 = ORIENTED_EDGE ( 'NONE', *, *, #275, .F. ) ;
#463 = ORIENTED_EDGE ( 'NONE', *, *, #2034, .T. ) ;
#464 = DIRECTION ( 'NONE',  ( 0.2739130434782606760, 0.000000000000000000, 0.9617544617065607593 ) ) ;
#465 = CARTESIAN_POINT ( 'NONE',  ( -1337.299959909764766, -3673.765041794863009, -2313.091475523584904 ) ) ;
#466 = CARTESIAN_POINT ( 'NONE',  ( 23.75260899199162878, -4111.277886166680219, -99.60071047893127627 ) ) ;
#467 = AXIS2_PLACEMENT_3D ( 'NONE', #1489, #2500, #229 ) ;
#468 = CARTESIAN_POINT ( 'NONE',  ( 26.50311168579116838, -3008.578438025110700, -98.90450934239673586 ) ) ;
#469 = CIRCLE ( 'NONE', #2474, 102.3937499999999403 ) ;
#470 = CARTESIAN_POINT ( 'NONE',  ( 100.3158379487785794, -1630.232147201707221, -20.52420021606022615 ) ) ;
#471 = CARTESIAN_POINT ( 'NONE',  ( -102.3937499999994429, -4169.474026095070258, 0.000000000000000000 ) ) ;
#472 = EDGE_CURVE ( 'NONE', #2427, #1642, #1207, .T. ) ;
#473 = DIRECTION ( 'NONE',  ( -1.137096869188916636E-16, 1.000000000000000000, 3.238515406691910466E-17 ) ) ;
#474 = CARTESIAN_POINT ( 'NONE',  ( 108.9374976614593606, -1655.965430823602219, -12.52064135713658466 ) ) ;
#475 = ORIENTED_EDGE ( 'NONE', *, *, #1326, .T. ) ;
#476 = PRESENTATION_LAYER_ASSIGNMENT (  '', '', ( #1050 ) ) ;
#477 = CARTESIAN_POINT ( 'NONE',  ( 38.50677174925131396, -4088.289690878390047, -86.11331007409273752 ) ) ;
#478 = AXIS2_PLACEMENT_3D ( 'NONE', #2576, #3121, #3072 ) ;
#479 = ADVANCED_FACE ( 'NONE', ( #483 ), #1710, .T. ) ;
#480 = VERTEX_POINT ( 'NONE', #2699 ) ;
#481 = ORIENTED_EDGE ( 'NONE', *, *, #521, .T. ) ;
#482 = ORIENTED_EDGE ( 'NONE', *, *, #1644, .T. ) ;
#483 = FACE_OUTER_BOUND ( 'NONE', #1435, .T. ) ;
#484 = CARTESIAN_POINT ( 'NONE',  ( -108.3937499999994287, -4184.474026095069348, -8.660254037844222097 ) ) ;
#485 = CARTESIAN_POINT ( 'NONE',  ( 140.8086928922844265, -1632.140000000001237, 40.52592744193395902 ) ) ;
#486 = LINE ( 'NONE', #1459, #1969 ) ;
#487 = CARTESIAN_POINT ( 'NONE',  ( 100.4522935626382463, -1627.249821898907612, -19.84531976108632634 ) ) ;
#488 = EDGE_CURVE ( 'NONE', #1994, #2336, #297, .T. ) ;
#489 = LINE ( 'NONE', #1494, #3169 ) ;
#490 = CARTESIAN_POINT ( 'NONE',  ( 100.4501054429916564, -1659.560513404222775, -19.85928937126326588 ) ) ;
#491 = CARTESIAN_POINT ( 'NONE',  ( 39.18618394797656634, -4107.604459312299696, -94.59877448098438890 ) ) ;
#492 = DIRECTION ( 'NONE',  ( -0.1305261922200524061, -0.000000000000000000, 0.9914448613738103822 ) ) ;
#493 = EDGE_CURVE ( 'NONE', #1465, #3173, #3213, .T. ) ;
#494 = DIRECTION ( 'NONE',  ( 0.1305261922200539881, 0.000000000000000000, -0.9914448613738100491 ) ) ;
#495 = ORIENTED_EDGE ( 'NONE', *, *, #2939, .T. ) ;
#496 = ORIENTED_EDGE ( 'NONE', *, *, #2014, .F. ) ;
#497 = CARTESIAN_POINT ( 'NONE',  ( 38.06840794120359561, -3012.640000000000782, -99.99898157892477002 ) ) ;
#498 = CARTESIAN_POINT ( 'NONE',  ( 111.0056275426649819, -1627.599996999350651, -9.509184380790967950 ) ) ;
#499 = CARTESIAN_POINT ( 'NONE',  ( 28.47112417941413298, -4113.248398635668309, -98.35638580065922554 ) ) ;
#500 = CARTESIAN_POINT ( 'NONE',  ( 27.77827971880933688, -3008.797252037169528, -98.55382955413817569 ) ) ;
#501 = EDGE_CURVE ( 'NONE', #82, #1184, #1754, .T. ) ;
#502 = DIRECTION ( 'NONE',  ( 0.000000000000000000, -1.000000000000000000, 0.000000000000000000 ) ) ;
#503 = CARTESIAN_POINT ( 'NONE',  ( 101.1368746260054365, -1621.016749106929865, -16.00705970154081825 ) ) ;
#504 = CARTESIAN_POINT ( 'NONE',  ( 101.7962341572851841, -1629.531270878190526, -12.98491314403711883 ) ) ;
#505 = CARTESIAN_POINT ( 'NONE',  ( 41.31840794120359561, -3012.640000000000782, -99.99898157892477002 ) ) ;
#506 = CARTESIAN_POINT ( 'NONE',  ( 101.2855454299259748, -1666.599990190997687, -15.02827526083057919 ) ) ;
#507 = CARTESIAN_POINT ( 'NONE',  ( 38.35792401010336761, -4108.991111279644429, -94.93778352536254772 ) ) ;
#508 = CARTESIAN_POINT ( 'NONE',  ( 32.15484722230207382, -2997.607472695962315, -98.54115054148732611 ) ) ;
#509 = EDGE_LOOP ( 'NONE', ( #2611, #1131, #212, #2989 ) ) ;
#510 = ORIENTED_EDGE ( 'NONE', *, *, #182, .T. ) ;
#511 = CARTESIAN_POINT ( 'NONE',  ( 33.68740269684540323, -4096.640000000000327, -113.5738580409904017 ) ) ;
#512 = CARTESIAN_POINT ( 'NONE',  ( 101.3033478082641068, -1666.696026076900580, -14.90836346522893585 ) ) ;
#513 = CARTESIAN_POINT ( 'NONE',  ( 110.8282649338331964, -1627.736771194924358, -9.806569807233826097 ) ) ;
#514 = FACE_OUTER_BOUND ( 'NONE', #2213, .T. ) ;
#515 = CARTESIAN_POINT ( 'NONE',  ( 31.84133698369475596, -3002.331593009600965, -97.31709834591465835 ) ) ;
#516 = ADVANCED_FACE ( 'NONE', ( #2513 ), #9, .T. ) ;
#517 = CARTESIAN_POINT ( 'NONE',  ( 96.70373086097934845, -1669.639999999666088, 33.67060658114434091 ) ) ;
#518 = VECTOR ( 'NONE', #1240, 1000.000000000000000 ) ;
#519 = CARTESIAN_POINT ( 'NONE',  ( 101.7662805778112158, -1630.203192506542337, -13.29101737201840905 ) ) ;
#520 = CARTESIAN_POINT ( 'NONE',  ( 102.3937499999999403, 1.258758722255669386E-14, 0.000000000000000000 ) ) ;
#521 = EDGE_CURVE ( 'NONE', #2427, #20, #2765, .T. ) ;
#522 = CARTESIAN_POINT ( 'NONE',  ( 100.5550639219482463, -1660.921411976649551, -19.31820160909719775 ) ) ;
#523 = CARTESIAN_POINT ( 'NONE',  ( -108.3937499999994287, -4179.474026095070258, 8.000000000000259348 ) ) ;
#524 = EDGE_LOOP ( 'NONE', ( #664, #1170, #3007, #2064 ) ) ;
#525 = CARTESIAN_POINT ( 'NONE',  ( 34.45856660239702052, -4124.466060763836140, -88.47939040681191614 ) ) ;
#526 = AXIS2_PLACEMENT_3D ( 'NONE', #146, #2622, #351 ) ;
#527 = FACE_OUTER_BOUND ( 'NONE', #2729, .T. ) ;
#528 = CARTESIAN_POINT ( 'NONE',  ( 100.9286284259558641, -1664.371008223975878, -17.27153170775642366 ) ) ;
#529 = CARTESIAN_POINT ( 'NONE',  ( 93.15011940870905960, -1664.715069944960533, 42.51633363533834142 ) ) ;
#530 = CARTESIAN_POINT ( 'NONE',  ( 40.15445430506372304, -3004.055608005451177, -90.44148102889266738 ) ) ;
#531 = ORIENTED_EDGE ( 'NONE', *, *, #2821, .T. ) ;
#532 = CARTESIAN_POINT ( 'NONE',  ( 140.1560619311841549, -1632.140000000001237, 45.48315174880301015 ) ) ;
#533 = CARTESIAN_POINT ( 'NONE',  ( 2.040457334184179871E-13, -1659.640000000001237, -1.590872150442208268E-16 ) ) ;
#534 = FACE_OUTER_BOUND ( 'NONE', #2529, .T. ) ;
#535 = CARTESIAN_POINT ( 'NONE',  ( 33.98962755241142020, -2991.826534743740467, -87.24757037657715841 ) ) ;
#536 = CARTESIAN_POINT ( 'NONE',  ( 94.73456418326637163, -1654.640000000001237, 39.50329812612931590 ) ) ;
#537 = ORIENTED_EDGE ( 'NONE', *, *, #2448, .T. ) ;
#538 = EDGE_LOOP ( 'NONE', ( #631, #3076, #2676, #899 ) ) ;
#539 = FACE_OUTER_BOUND ( 'NONE', #2885, .T. ) ;
#540 = CARTESIAN_POINT ( 'NONE',  ( 28.45018693499838847, -2994.984514706200571, -98.36248555708561980 ) ) ;
#541 = CARTESIAN_POINT ( 'NONE',  ( 33.90881541371670238, -4103.382598026526466, -96.61615941679326625 ) ) ;
#542 = ORIENTED_EDGE ( 'NONE', *, *, #1271, .T. ) ;
#543 = CARTESIAN_POINT ( 'NONE',  ( 40.59209160393688620, -4104.692457326568729, -98.09107688947729287 ) ) ;
#544 = DIRECTION ( 'NONE',  ( -1.000000000000000000, 0.000000000000000000, 0.000000000000000000 ) ) ;
#545 = CARTESIAN_POINT ( 'NONE',  ( 29.45370410618577139, -4101.518379107205874, -98.06644394350729499 ) ) ;
#546 = CARTESIAN_POINT ( 'NONE',  ( 34.81840794120372351, -4096.640000000000327, -99.99898157892435790 ) ) ;
#547 = LINE ( 'NONE', #1562, #1000 ) ;
#548 = DIRECTION ( 'NONE',  ( -0.4043671605753291209, 0.5881741220021186045, -0.7003844670288477126 ) ) ;
#549 = FACE_OUTER_BOUND ( 'NONE', #618, .T. ) ;
#550 = EDGE_LOOP ( 'NONE', ( #1238, #1663, #2959, #2165 ) ) ;
#551 = CARTESIAN_POINT ( 'NONE',  ( 22.82851494508902235, -2999.749410430660646, -99.23778666693493733 ) ) ;
#552 = CARTESIAN_POINT ( 'NONE',  ( 105.5098413567855573, -1659.491168627342404, 37.13992361820190524 ) ) ;
#553 = CARTESIAN_POINT ( 'NONE',  ( 28.13655454279296109, -2986.825477368825887, -93.60707526820321789 ) ) ;
#554 = CARTESIAN_POINT ( 'NONE',  ( 93.54778728456581405, -1665.763250893073064, 41.63778168402662772 ) ) ;
#555 = CARTESIAN_POINT ( 'NONE',  ( 38.51973312334299493, -4102.579665567273878, -94.87216779386240262 ) ) ;
#556 = ORIENTED_EDGE ( 'NONE', *, *, #1515, .F. ) ;
#557 = CARTESIAN_POINT ( 'NONE',  ( -108.3937499999994287, -4179.474026095070258, -7.999999999999745093 ) ) ;
#558 = CARTESIAN_POINT ( 'NONE',  ( 20.71212417522638560, -4109.350955156303826, -91.62498343553382085 ) ) ;
#559 = DIRECTION ( 'NONE',  ( 1.000000000000000000, 0.000000000000000000, 0.000000000000000000 ) ) ;
#560 = CARTESIAN_POINT ( 'NONE',  ( 111.5899857150523928, -1627.267288972359438, -8.439576421269519457 ) ) ;
#561 = CIRCLE ( 'NONE', #2892, 102.3937499999999403 ) ;
#562 = CARTESIAN_POINT ( 'NONE',  ( 0.000000000000000000, 0.000000000000000000, 0.000000000000000000 ) ) ;
#563 = PLANE ( 'NONE',  #1440 ) ;
#564 = LINE ( 'NONE', #2593, #580 ) ;
#565 = VECTOR ( 'NONE', #1380, 1000.000000000000000 ) ;
#566 = VERTEX_POINT ( 'NONE', #1770 ) ;
#567 = CARTESIAN_POINT ( 'NONE',  ( 26.62929942859705434, -4077.387993219738291, -67.91328884830977586 ) ) ;
#568 = CARTESIAN_POINT ( 'NONE',  ( 103.0906090042839907, -1657.873268742520850, 39.42122732832488907 ) ) ;
#569 = CARTESIAN_POINT ( 'NONE',  ( 23.42989275965320672, -2997.633542481527002, -99.67722772045856061 ) ) ;
#570 = CARTESIAN_POINT ( 'NONE',  ( 112.1614954983810577, -1669.640000000001237, -7.221770325147254255 ) ) ;
#571 = VECTOR ( 'NONE', #934, 1000.000000000000000 ) ;
#572 = ORIENTED_EDGE ( 'NONE', *, *, #1870, .F. ) ;
#573 = VECTOR ( 'NONE', #3067, 1000.000000000000000 ) ;
#574 = CARTESIAN_POINT ( 'NONE',  ( 31.55006909550921890, -4105.178891759424914, -97.41197348102672038 ) ) ;
#575 = AXIS2_PLACEMENT_3D ( 'NONE', #127, #1692, #2930 ) ;
#576 = EDGE_CURVE ( 'NONE', #1550, #1252, #2779, .T. ) ;
#577 = CARTESIAN_POINT ( 'NONE',  ( -241.2999999999993008, -5894.030000000000655, 1.590000000000000080 ) ) ;
#578 = FACE_OUTER_BOUND ( 'NONE', #3191, .T. ) ;
#579 = CARTESIAN_POINT ( 'NONE',  ( 16.31265736576175840, -4236.578150927542083, 101.0859893789925223 ) ) ;
#580 = VECTOR ( 'NONE', #1812, 1000.000000000000000 ) ;
#581 = CARTESIAN_POINT ( 'NONE',  ( -108.3937499999994287, -4169.474026095070258, 0.000000000000000000 ) ) ;
#582 = ORIENTED_EDGE ( 'NONE', *, *, #2320, .F. ) ;
#583 = ADVANCED_FACE ( 'NONE', ( #1059 ), #762, .T. ) ;
#584 = CARTESIAN_POINT ( 'NONE',  ( 21.75000000000054001, -4284.640000000000327, 110.6017630962545013 ) ) ;
#585 = CARTESIAN_POINT ( 'NONE',  ( 33.90565133800284059, -3004.845523850357949, -96.61726888739158881 ) ) ;
#586 = ADVANCED_FACE ( 'NONE', ( #1074 ), #591, .T. ) ;
#587 = LINE ( 'NONE', #1554, #356 ) ;
#588 = CARTESIAN_POINT ( 'NONE',  ( 32.17398977938128724, -2994.124637194684055, -99.55256229447570604 ) ) ;
#589 = AXIS2_PLACEMENT_3D ( 'NONE', #3231, #2504, #3031 ) ;
#590 = CARTESIAN_POINT ( 'NONE',  ( 93.51399962831949608, -1621.125179760314722, 41.70995716297976941 ) ) ;
#591 = PLANE ( 'NONE',  #1849 ) ;
#592 = ADVANCED_FACE ( 'NONE', ( #2088 ), #1340, .F. ) ;
#593 = CARTESIAN_POINT ( 'NONE',  ( 22.97975733169207402, -4106.236055587814008, -99.78181593877246769 ) ) ;
#594 = CARTESIAN_POINT ( 'NONE',  ( 2.052541207863720925E-13, -1669.640000000001237, 0.000000000000000000 ) ) ;
#595 = CARTESIAN_POINT ( 'NONE',  ( 102.1084133309883129, -1626.732350306706849, -8.167780881987624753 ) ) ;
#596 = CARTESIAN_POINT ( 'NONE',  ( -11.54105354047894139, -1.418778178169824047E-15, 3.286956521739192283 ) ) ;
#597 = CARTESIAN_POINT ( 'NONE',  ( 38.47001520896696292, -4107.186426578335158, -86.01675713706146098 ) ) ;
#598 = ORIENTED_EDGE ( 'NONE', *, *, #472, .T. ) ;
#599 = DIRECTION ( 'NONE',  ( -0.1305261922200526559, -0.000000000000000000, 0.9914448613738102711 ) ) ;
#600 = CARTESIAN_POINT ( 'NONE',  ( 101.9798806722499762, -1655.919203633681946, 40.29279715557297692 ) ) ;
#601 = CARTESIAN_POINT ( 'NONE',  ( 24.08072345666039027, -3009.642334315024527, -94.22206684950947420 ) ) ;
#602 = ORIENTED_EDGE ( 'NONE', *, *, #2481, .F. ) ;
#603 = CARTESIAN_POINT ( 'NONE',  ( 34.01798832537773620, -4103.141618953282887, -96.57780912235267579 ) ) ;
#604 = EDGE_CURVE ( 'NONE', #2903, #1959, #1110, .T. ) ;
#605 = CARTESIAN_POINT ( 'NONE',  ( 96.62320826137977292, -1626.769280179732277, 33.97050674673790382 ) ) ;
#606 = DIRECTION ( 'NONE',  ( 1.000000000000000000, 1.208387367954123044E-16, -1.922389810624376059E-33 ) ) ;
#607 = CARTESIAN_POINT ( 'NONE',  ( 93.01936746450373050, -1622.408991776027051, 42.80526976880678802 ) ) ;
#608 = EDGE_CURVE ( 'NONE', #404, #337, #1270, .T. ) ;
#609 = CARTESIAN_POINT ( 'NONE',  ( 102.0276738263897158, -1626.951880723804834, -9.903015440716666618 ) ) ;
#610 = CARTESIAN_POINT ( 'NONE',  ( 105.9872726384542432, -1659.607798897814291, 36.60075578393367834 ) ) ;
#611 = DIRECTION ( 'NONE',  ( 0.9914448613738103822, 1.218814494917753813E-16, 0.1305261922200525726 ) ) ;
#612 = EDGE_LOOP ( 'NONE', ( #2926, #2889, #3085, #1740 ) ) ;
#613 = AXIS2_PLACEMENT_3D ( 'NONE', #3024, #756, #277 ) ;
#614 = CARTESIAN_POINT ( 'NONE',  ( 47.08127093178362088, -4264.640000000001237, 121.5006848846871605 ) ) ;
#615 = CARTESIAN_POINT ( 'NONE',  ( 47.08127093178373457, -5169.640000000000327, 121.5006848846871605 ) ) ;
#616 = VECTOR ( 'NONE', #2491, 1000.000000000000000 ) ;
#617 = CARTESIAN_POINT ( 'NONE',  ( -108.3937499999994287, -4174.474026095069348, -8.660254037844222097 ) ) ;
#618 = EDGE_LOOP ( 'NONE', ( #634, #2465, #2574, #982 ) ) ;
#619 = DIRECTION ( 'NONE',  ( 0.9914448613738102711, 0.000000000000000000, 0.1305261922200540714 ) ) ;
#620 = CARTESIAN_POINT ( 'NONE',  ( 94.84798246483100570, -1618.637434422064871, 38.58830810466622552 ) ) ;
#621 = CARTESIAN_POINT ( 'NONE',  ( 37.21979873840381003, -2998.395995939617478, -95.38984555428470458 ) ) ;
#622 = CIRCLE ( 'NONE', #1634, 102.3937499999999403 ) ;
#623 = DIRECTION ( 'NONE',  ( 0.000000000000000000, 0.4999999999999324429, 0.8660254037844775654 ) ) ;
#624 = CARTESIAN_POINT ( 'NONE',  ( 101.3374623101286716, -1619.903196101830645, -14.67472598808820727 ) ) ;
#625 = CARTESIAN_POINT ( 'NONE',  ( 105.4724100194347187, -1659.472910258187085, 37.17703894796157726 ) ) ;
#626 = DIRECTION ( 'NONE',  ( -0.000000000000000000, 0.000000000000000000, 1.000000000000000000 ) ) ;
#627 = ORIENTED_EDGE ( 'NONE', *, *, #369, .T. ) ;
#628 = LINE ( 'NONE', #373, #565 ) ;
#629 =( BOUNDED_SURFACE ( )  B_SPLINE_SURFACE ( 3, 2, ( 
 ( #3151, #1181, #2921 ),
 ( #946, #2443, #3199 ),
 ( #928, #2973, #171 ),
 ( #3170, #187, #2178 ),
 ( #118, #1197, #388 ),
 ( #1395, #1940, #1146 ),
 ( #680, #1910, #1703 ),
 ( #440, #2672, #403 ),
 ( #1412, #153, #255 ),
 ( #964, #2244, #3 ),
 ( #766, #1248, #506 ),
 ( #1510, #746, #3264 ),
 ( #204, #3248, #2523 ),
 ( #1014, #1763, #1973 ),
 ( #996, #2772, #2507 ),
 ( #1265, #2028, #979 ),
 ( #3018, #2988, #235 ),
 ( #1732, #3003, #1281 ),
 ( #2010, #714, #522 ),
 ( #2281, #3034, #490 ),
 ( #474, #1779, #1987 ),
 ( #2787, #1529, #2542 ),
 ( #270, #2743, #2297 ),
 ( #2261, #18, #731 ) ),
 .UNSPECIFIED., .F., .F., .F. ) 
 B_SPLINE_SURFACE_WITH_KNOTS ( ( 4, 2, 2, 2, 2, 2, 2, 2, 2, 2, 2, 4 ),
 ( 3, 3 ),
 ( 0.000000000000000000, 0.002978856859228340166, 0.004468285288842510465, 0.005957713718456680331, 0.008936570577685020930, 0.01042599900729919080, 0.01191542743691336066, 0.01489428429614170213, 0.01638371272575587373, 0.01787314115537004186, 0.02085199801459838159, 0.02383085487382672132 ),
 ( 0.000000000000000000, 1.000000000000000000 ),
 .UNSPECIFIED. ) 
 GEOMETRIC_REPRESENTATION_ITEM ( )  RATIONAL_B_SPLINE_SURFACE ( (
 ( 1.000000000000000000, 0.7071067811865475727, 1.000000000000000000),
 ( 1.000000000000000000, 0.7116252009534544953, 1.000000000000000000),
 ( 1.000000000000000000, 0.7166267624566202699, 1.000000000000000000),
 ( 1.000000000000000000, 0.7247212414138048953, 1.000000000000000000),
 ( 1.000000000000000000, 0.7275181085866044839, 1.000000000000000000),
 ( 1.000000000000000000, 0.7332868485904584510, 1.000000000000000000),
 ( 1.000000000000000000, 0.7362730104461961966, 1.000000000000000000),
 ( 1.000000000000000000, 0.7452790153618542579, 1.000000000000000000),
 ( 1.000000000000000000, 0.7513839394685010165, 1.000000000000000000),
 ( 1.000000000000000000, 0.7604917595023470422, 1.000000000000000000),
 ( 1.000000000000000000, 0.7635194250617957090, 1.000000000000000000),
 ( 1.000000000000000000, 0.7695221223984417547, 1.000000000000000000),
 ( 1.000000000000000000, 0.7724608426917631832, 1.000000000000000000),
 ( 1.000000000000000000, 0.7809851473822246870, 1.000000000000000000),
 ( 1.000000000000000000, 0.7863070073961211381, 1.000000000000000000),
 ( 1.000000000000000000, 0.7935449980697795169, 1.000000000000000000),
 ( 1.000000000000000000, 0.7958449257733629656, 1.000000000000000000),
 ( 1.000000000000000000, 0.8000742091422762270, 1.000000000000000000),
 ( 1.000000000000000000, 0.8020081975236406091, 1.000000000000000000),
 ( 1.000000000000000000, 0.8072425251786369271, 1.000000000000000000),
 ( 1.000000000000000000, 0.8099796175248361596, 1.000000000000000000),
 ( 1.000000000000000000, 0.8137253523207343964, 1.000000000000000000),
 ( 1.000000000000000000, 0.8146861976309781594, 1.000000000000000000),
 ( 1.000000000000000000, 0.8146840925885232565, 1.000000000000000000) ) ) 
 REPRESENTATION_ITEM ( '' )  SURFACE ( )  );
#630 = CARTESIAN_POINT ( 'NONE',  ( -1337.299959909764766, -3673.765041794863009, -2313.091475523584904 ) ) ;
#631 = ORIENTED_EDGE ( 'NONE', *, *, #1177, .F. ) ;
#632 = ORIENTED_EDGE ( 'NONE', *, *, #1201, .T. ) ;
#633 = CARTESIAN_POINT ( 'NONE',  ( 49.81372173996856390, -5691.397657313528725, -89.45989696772294053 ) ) ;
#634 = ORIENTED_EDGE ( 'NONE', *, *, #1761, .F. ) ;
#635 = CARTESIAN_POINT ( 'NONE',  ( 39.44077212513513331, -4106.333717872939815, -94.49289236339591014 ) ) ;
#636 = EDGE_LOOP ( 'NONE', ( #1463, #2391, #2811, #256 ) ) ;
#637 = FACE_OUTER_BOUND ( 'NONE', #2941, .T. ) ;
#638 = CARTESIAN_POINT ( 'NONE',  ( 39.39476444671883826, -5197.701849072458572, 94.51207633551386778 ) ) ;
#639 = CARTESIAN_POINT ( 'NONE',  ( 91.58571135021423970, -1630.224450125853309, 45.78830391539218425 ) ) ;
#640 = CIRCLE ( 'NONE', #2977, 4.999999999999997335 ) ;
#641 = DIRECTION ( 'NONE',  ( 0.9617544617065606483, 1.585574556632484598E-16, -0.2739130434782610646 ) ) ;
#642 = CARTESIAN_POINT ( 'NONE',  ( 93.65100518098567761, -1665.973133574482517, 41.40165901597939069 ) ) ;
#643 = CARTESIAN_POINT ( 'NONE',  ( 34.81840794120371640, -4096.640000000000327, -106.4989815789247700 ) ) ;
#644 = ORIENTED_EDGE ( 'NONE', *, *, #105, .F. ) ;
#645 = CARTESIAN_POINT ( 'NONE',  ( 23.99916385082617154, -4284.640000000000327, 128.0745979281654172 ) ) ;
#646 = DIRECTION ( 'NONE',  ( 0.000000000000000000, 0.000000000000000000, -1.000000000000000000 ) ) ;
#647 = ORIENTED_EDGE ( 'NONE', *, *, #2286, .F. ) ;
#648 = EDGE_CURVE ( 'NONE', #898, #1420, #2323, .T. ) ;
#649 = ORIENTED_EDGE ( 'NONE', *, *, #21, .F. ) ;
#650 = DIRECTION ( 'NONE',  ( -0.000000000000000000, 1.000000000000000000, -0.000000000000000000 ) ) ;
#651 = EDGE_LOOP ( 'NONE', ( #2717, #2777, #1332, #2669 ) ) ;
#652 = CARTESIAN_POINT ( 'NONE',  ( 39.45262386276591116, -4106.072012668380012, -94.48793860147914359 ) ) ;
#653 = ORIENTED_EDGE ( 'NONE', *, *, #677, .F. ) ;
#654 = DIRECTION ( 'NONE',  ( 1.000000000000000000, 1.229331597148917955E-16, 0.000000000000000000 ) ) ;
#655 = CARTESIAN_POINT ( 'NONE',  ( 38.78594878761109754, -2999.689689689983425, -94.76366460239084688 ) ) ;
#656 =( NAMED_UNIT ( * ) PLANE_ANGLE_UNIT ( ) SI_UNIT ( $, .RADIAN. ) );
#657 = CARTESIAN_POINT ( 'NONE',  ( 92.08462142852297916, -1626.093574488649438, 44.77646522303518140 ) ) ;
#658 = CARTESIAN_POINT ( 'NONE',  ( 92.40294837511272874, -1662.232134217698331, 44.11863093757013843 ) ) ;
#659 = CARTESIAN_POINT ( 'NONE',  ( 41.31840794120373062, -4096.640000000000327, -99.99898157892477002 ) ) ;
#660 = CARTESIAN_POINT ( 'NONE',  ( -111.3937499999994287, -4179.474026095070258, 8.000000000000259348 ) ) ;
#661 = ADVANCED_FACE ( 'NONE', ( #1572 ), #1869, .F. ) ;
#662 = CARTESIAN_POINT ( 'NONE',  ( 31.63507926189793906, -4110.075129738453143, -97.38431396126790673 ) ) ;
#663 = VERTEX_POINT ( 'NONE', #1292 ) ;
#664 = ORIENTED_EDGE ( 'NONE', *, *, #23, .F. ) ;
#665 = EDGE_LOOP ( 'NONE', ( #598, #1188, #194, #1539 ) ) ;
#666 = CARTESIAN_POINT ( 'NONE',  ( -108.3937499999994287, -4179.474026095070258, 2.558717127065790969E-13 ) ) ;
#667 = VECTOR ( 'NONE', #451, 1000.000000000000000 ) ;
#668 = ORIENTED_EDGE ( 'NONE', *, *, #790, .T. ) ;
#669 = VECTOR ( 'NONE', #2894, 1000.000000000000000 ) ;
#670 =( BOUNDED_CURVE ( )  B_SPLINE_CURVE ( 3, ( #3077, #1024, #1558, #2567 ),
 .UNSPECIFIED., .F., .T. ) 
 B_SPLINE_CURVE_WITH_KNOTS ( ( 4, 4 ),
 ( 3.141592653589793116, 3.157121569229775382 ),
 .UNSPECIFIED. ) 
 CURVE ( )  GEOMETRIC_REPRESENTATION_ITEM ( )  RATIONAL_B_SPLINE_CURVE ( ( 1.000000000000000000, 0.9999799044992118136, 0.9999799044992118136, 1.000000000000000000 ) ) 
 REPRESENTATION_ITEM ( '' )  );
#671 = CARTESIAN_POINT ( 'NONE',  ( 91.54598066963310998, -1632.140000000001464, 45.86734636206548998 ) ) ;
#672 = CARTESIAN_POINT ( 'NONE',  ( 38.90474733765611859, -2999.895149081723048, -94.71490029680677480 ) ) ;
#673 = VECTOR ( 'NONE', #286, 999.9999999999998863 ) ;
#674 = PLANE ( 'NONE',  #2326 ) ;
#675 = SPHERICAL_SURFACE ( 'NONE', #2841, 5.000000000000000000 ) ;
#676 = CARTESIAN_POINT ( 'NONE',  ( 95.92512568019122909, -1659.760016981887020, 36.16347502663507640 ) ) ;
#677 = EDGE_CURVE ( 'NONE', #2728, #2498, #102, .T. ) ;
#678 = DIRECTION ( 'NONE',  ( 0.000000000000000000, 0.000000000000000000, 1.000000000000000000 ) ) ;
#679 = CARTESIAN_POINT ( 'NONE',  ( 5.267243334408140829E-13, -4284.640000000000327, 0.000000000000000000 ) ) ;
#680 = CARTESIAN_POINT ( 'NONE',  ( 111.2310368051897598, -1659.326153186957754, -9.110477759543263332 ) ) ;
#681 = ORIENTED_EDGE ( 'NONE', *, *, #1060, .F. ) ;
#682 = ORIENTED_EDGE ( 'NONE', *, *, #2132, .T. ) ;
#683 = VECTOR ( 'NONE', #261, 1000.000000000000227 ) ;
#684 = CYLINDRICAL_SURFACE ( 'NONE', #2632, 8.000000000000001776 ) ;
#685 = ORIENTED_EDGE ( 'NONE', *, *, #694, .F. ) ;
#686 = DIRECTION ( 'NONE',  ( 0.000000000000000000, 0.000000000000000000, 1.000000000000000000 ) ) ;
#687 = VERTEX_POINT ( 'NONE', #2585 ) ;
#688 = ORIENTED_EDGE ( 'NONE', *, *, #3275, .F. ) ;
#689 = ADVANCED_FACE ( 'NONE', ( #313 ), #267, .F. ) ;
#690 = CARTESIAN_POINT ( 'NONE',  ( 41.31840794120359561, -3012.640000000000782, -99.99898157892477002 ) ) ;
#691 = CARTESIAN_POINT ( 'NONE',  ( -241.2999999999993008, -5894.030000000000655, -1.590000000000000080 ) ) ;
#692 = DIRECTION ( 'NONE',  ( 0.000000000000000000, 0.000000000000000000, 1.000000000000000000 ) ) ;
#693 = CYLINDRICAL_SURFACE ( 'NONE', #1256, 8.000000000000001776 ) ;
#694 = EDGE_CURVE ( 'NONE', #1103, #3053, #61, .T. ) ;
#695 = DIRECTION ( 'NONE',  ( 0.9914448613738103822, 1.218814494917753813E-16, 0.1305261922200525726 ) ) ;
#696 = VECTOR ( 'NONE', #2656, 1000.000000000000000 ) ;
#697 = LINE ( 'NONE', #2492, #2642 ) ;
#698 = DIRECTION ( 'NONE',  ( -1.000000000000000000, 0.000000000000000000, -0.000000000000000000 ) ) ;
#699 = ORIENTED_EDGE ( 'NONE', *, *, #369, .F. ) ;
#700 = ORIENTED_EDGE ( 'NONE', *, *, #997, .F. ) ;
#701 = CARTESIAN_POINT ( 'NONE',  ( 41.31840794120373062, -4096.640000000000327, -99.99898157892477002 ) ) ;
#702 = ORIENTED_EDGE ( 'NONE', *, *, #245, .T. ) ;
#703 = ORIENTED_EDGE ( 'NONE', *, *, #417, .F. ) ;
#704 = VERTEX_POINT ( 'NONE', #905 ) ;
#705 = CARTESIAN_POINT ( 'NONE',  ( 0.000000000000000000, -661.7082557662931777, 0.000000000000000000 ) ) ;
#706 = LINE ( 'NONE', #1725, #2419 ) ;
#707 = CARTESIAN_POINT ( 'NONE',  ( 23.01162161565774866, -4109.587136696464768, -99.77449580425954423 ) ) ;
#708 = DIRECTION ( 'NONE',  ( 0.000000000000000000, -0.3003677613050831918, -0.9538234679271487826 ) ) ;
#709 = EDGE_CURVE ( 'NONE', #2069, #124, #1902, .T. ) ;
#710 = FACE_OUTER_BOUND ( 'NONE', #2184, .T. ) ;
#711 = EDGE_CURVE ( 'NONE', #901, #430, #180, .T. ) ;
#712 = DIRECTION ( 'NONE',  ( -1.208387367954123044E-16, 1.000000000000000000, -1.590872150442211719E-17 ) ) ;
#713 = CARTESIAN_POINT ( 'NONE',  ( 37.92209320246511339, -3006.514780270492338, -95.11275179019574466 ) ) ;
#714 = CARTESIAN_POINT ( 'NONE',  ( 101.8197696579834286, -1657.667717923895225, -12.73444812136635385 ) ) ;
#715 = ORIENTED_EDGE ( 'NONE', *, *, #2970, .T. ) ;
#716 = CARTESIAN_POINT ( 'NONE',  ( 31.16195705023352502, -4082.902554215341752, -73.31977957178979466 ) ) ;
#717 = ORIENTED_EDGE ( 'NONE', *, *, #2481, .T. ) ;
#718 = ORIENTED_EDGE ( 'NONE', *, *, #1082, .F. ) ;
#719 = ORIENTED_EDGE ( 'NONE', *, *, #2554, .F. ) ;
#720 = EDGE_LOOP ( 'NONE', ( #791, #1269, #2657, #2375 ) ) ;
#721 = CARTESIAN_POINT ( 'NONE',  ( 34.81840794120372351, -4096.640000000000327, -99.99898157892435790 ) ) ;
#722 = CARTESIAN_POINT ( 'NONE',  ( -102.3814042639670276, -5691.397657313526906, 1.590000000000000080 ) ) ;
#723 = DIRECTION ( 'NONE',  ( 1.229331597148917955E-16, -1.000000000000000000, 0.000000000000000000 ) ) ;
#724 = VECTOR ( 'NONE', #1517, 1000.000000000000000 ) ;
#725 = CARTESIAN_POINT ( 'NONE',  ( 23.38389553199628068, -3004.041607570054111, -99.68843576931821815 ) ) ;
#726 = CIRCLE ( 'NONE', #3261, 102.3937499999999261 ) ;
#727 = CARTESIAN_POINT ( 'NONE',  ( 100.2979698085751465, -1632.140000000001237, -20.61061113457519411 ) ) ;
#728 = ADVANCED_FACE ( 'NONE', ( #3177 ), #2009, .F. ) ;
#729 = CARTESIAN_POINT ( 'NONE',  ( 108.9057329263982581, -1630.988446101659065, -12.56079923419138034 ) ) ;
#730 = CARTESIAN_POINT ( 'NONE',  ( 47.08127093178362088, -4264.640000000001237, 121.5006848846871605 ) ) ;
#731 = CARTESIAN_POINT ( 'NONE',  ( 100.2979698085751181, -1654.640000000001237, -20.61061113457533267 ) ) ;
#732 = FACE_OUTER_BOUND ( 'NONE', #612, .T. ) ;
#733 = CARTESIAN_POINT ( 'NONE',  ( 109.1382222575215621, -1656.600030976222570, -12.26253659604724788 ) ) ;
#734 = AXIS2_PLACEMENT_3D ( 'NONE', #203, #1445, #978 ) ;
#735 = EDGE_CURVE ( 'NONE', #1465, #174, #163, .T. ) ;
#736 = DIRECTION ( 'NONE',  ( -0.8660254037844363761, 0.000000000000000000, -0.5000000000000041078 ) ) ;
#737 = ORIENTED_EDGE ( 'NONE', *, *, #2352, .F. ) ;
#738 = VERTEX_POINT ( 'NONE', #638 ) ;
#739 = DIRECTION ( 'NONE',  ( 1.000000000000000000, 0.000000000000000000, 0.000000000000000000 ) ) ;
#740 = CARTESIAN_POINT ( 'NONE',  ( 51.65796314930723554, -5944.538398893395424, 88.41413157963422975 ) ) ;
#741 = CARTESIAN_POINT ( 'NONE',  ( 24.04747092541429865, -4111.685814498995569, -99.52994480193798665 ) ) ;
#742 = CARTESIAN_POINT ( 'NONE',  ( 33.57494940731825750, -3003.834057834736086, -96.73263570976720871 ) ) ;
#743 = CARTESIAN_POINT ( 'NONE',  ( 96.99755759765444907, -1659.640000000001237, 32.80173561188850329 ) ) ;
#744 = CARTESIAN_POINT ( 'NONE',  ( 109.0778628047741563, -1630.352930914364151, -12.34069962061509251 ) ) ;
#745 = CARTESIAN_POINT ( 'NONE',  ( 140.8086928922844265, -1654.640000000001464, 40.52592744193395902 ) ) ;
#746 = CARTESIAN_POINT ( 'NONE',  ( 101.9929000936960648, -1659.599371600995255, -10.49472073342639078 ) ) ;
#747 = B_SPLINE_CURVE_WITH_KNOTS ( 'NONE', 3,
 ( #2832, #2324, #3046, #2815, #2089, #2849, #574, #315, #1542, #1341, #1574, #2338, #2072, #545, #2605, #1310, #2353, #1560, #2619, #76, #296, #1025, #1090, #1807, #2569, #62, #2553, #3080, #2105, #1293, #810, #1853, #3110, #2865, #2307, #593 ),
 .UNSPECIFIED., .F., .F.,
 ( 4, 2, 2, 2, 2, 2, 2, 2, 2, 2, 2, 2, 2, 2, 2, 2, 2, 4 ),
 ( 0.000000000000000000, 0.002337322883096210925, 0.003505984324643005804, 0.004674645766189801550, 0.005843307207736597730, 0.007011968649283392176, 0.008180630090830188356, 0.009349291532376983668, 0.009933622253149587689, 0.01051795297392219171, 0.01110228369469479573, 0.01168661441546739801, 0.01285527585701350811, 0.01402393729855961300, 0.01519259874010572310, 0.01636126018165183146, 0.01752992162319793809, 0.01869858306474404819 ),
 .UNSPECIFIED. ) ;
#748 = AXIS2_PLACEMENT_3D ( 'NONE', #1311, #2756, #233 ) ;
#749 = ORIENTED_EDGE ( 'NONE', *, *, #2687, .T. ) ;
#750 = CARTESIAN_POINT ( 'NONE',  ( 33.68740269684527533, -3012.640000000000327, -94.53385804099032441 ) ) ;
#751 = CARTESIAN_POINT ( 'NONE',  ( 0.000000000000000000, 0.000000000000000000, 0.000000000000000000 ) ) ;
#752 = EDGE_LOOP ( 'NONE', ( #1709, #1615, #1046, #1128 ) ) ;
#753 = EDGE_CURVE ( 'NONE', #1860, #342, #2680, .T. ) ;
#754 = ORIENTED_EDGE ( 'NONE', *, *, #1177, .T. ) ;
#755 = ADVANCED_FACE ( 'NONE', ( #3161 ), #144, .F. ) ;
#756 = DIRECTION ( 'NONE',  ( -0.1305261922200529057, -2.751812281858809935E-15, 0.9914448613738102711 ) ) ;
#757 = CARTESIAN_POINT ( 'NONE',  ( 100.8295262858310650, -1663.615611994017399, -17.83650217702080809 ) ) ;
#758 = CARTESIAN_POINT ( 'NONE',  ( 109.0797079684120519, -1630.345928928900776, -12.33827851282113741 ) ) ;
#759 = DIRECTION ( 'NONE',  ( 1.137096869188916636E-16, -1.000000000000000000, -3.238515406691910466E-17 ) ) ;
#760 = CARTESIAN_POINT ( 'NONE',  ( 26.87380954489063001, -3008.748028293313382, -98.80442934319650305 ) ) ;
#761 = CARTESIAN_POINT ( 'NONE',  ( 31.50000000000064659, -5149.640000000000327, 110.6017630962545013 ) ) ;
#762 =( BOUNDED_SURFACE ( )  B_SPLINE_SURFACE ( 3, 3, ( 
 ( #3062, #3109, #75, #331 ),
 ( #793, #1108, #841, #2848 ),
 ( #2618, #1834, #809, #1325 ),
 ( #1603, #1089, #2551, #558 ),
 ( #2102, #1590, #1851, #47 ),
 ( #2603, #2568, #1821, #2071 ),
 ( #3126, #2864, #1358, #29 ) ),
 .UNSPECIFIED., .T., .F., .F. ) 
 B_SPLINE_SURFACE_WITH_KNOTS ( ( 4, 3, 4 ),
 ( 4, 4 ),
 ( 0.000000000000000000, 0.5000000000000000000, 1.000000000000000000 ),
 ( 0.000000000000000000, 1.000000000000000000 ),
 .UNSPECIFIED. ) 
 GEOMETRIC_REPRESENTATION_ITEM ( )  RATIONAL_B_SPLINE_SURFACE ( (
 ( 1.000000000000000000, 0.8047378541243886962, 0.8047378541243886962, 1.000000000000000000),
 ( 0.3333333333333333703, 0.2682459513747962876, 0.2682459513747962876, 0.3333333333333333703),
 ( 0.3333333333333333703, 0.2682459513747962876, 0.2682459513747962876, 0.3333333333333333703),
 ( 1.000000000000000000, 0.8047378541243886962, 0.8047378541243886962, 1.000000000000000000),
 ( 0.3333333333333333703, 0.2682459513747962876, 0.2682459513747962876, 0.3333333333333333703),
 ( 0.3333333333333333703, 0.2682459513747962876, 0.2682459513747962876, 0.3333333333333333703),
 ( 1.000000000000000000, 0.8047378541243886962, 0.8047378541243886962, 1.000000000000000000) ) ) 
 REPRESENTATION_ITEM ( '' )  SURFACE ( )  );
#763 = CARTESIAN_POINT ( 'NONE',  ( 102.1203129371440212, -1617.140000000001464, -7.539774434556743010 ) ) ;
#764 = DIRECTION ( 'NONE',  ( 1.229331597148917955E-16, -1.000000000000000000, 0.000000000000000000 ) ) ;
#765 = DIRECTION ( 'NONE',  ( -1.000000000000000000, -1.229331597148917955E-16, 0.000000000000000000 ) ) ;
#766 = CARTESIAN_POINT ( 'NONE',  ( 110.3883809375534355, -1658.626663396949425, -10.50341521783566456 ) ) ;
#767 = ORIENTED_EDGE ( 'NONE', *, *, #1553, .F. ) ;
#768 = ADVANCED_FACE ( 'NONE', ( #3208 ), #2635, .F. ) ;
#769 = CARTESIAN_POINT ( 'NONE',  ( 140.8086928922844265, -1654.640000000001464, 40.52592744193395191 ) ) ;
#770 =( NAMED_UNIT ( * ) SI_UNIT ( $, .STERADIAN. ) SOLID_ANGLE_UNIT ( ) );
#771 = ORIENTED_EDGE ( 'NONE', *, *, #648, .F. ) ;
#772 = CARTESIAN_POINT ( 'NONE',  ( 33.67255419885705692, -4105.635036839337772, -104.0004469719775670 ) ) ;
#773 = CARTESIAN_POINT ( 'NONE',  ( 101.1390293022833049, -1665.753771182995479, -15.98451337170913789 ) ) ;
#774 = DIRECTION ( 'NONE',  ( -0.9914448613738103822, 0.000000000000000000, -0.1305261922200522395 ) ) ;
#775 = CARTESIAN_POINT ( 'NONE',  ( 28.06845863420485898, -3008.714973705247303, -98.47173243323450720 ) ) ;
#776 = CIRCLE ( 'NONE', #1464, 112.3937499999999261 ) ;
#777 = LINE ( 'NONE', #1008, #2103 ) ;
#778 = AXIS2_PLACEMENT_3D ( 'NONE', #2458, #977, #219 ) ;
#779 = CARTESIAN_POINT ( 'NONE',  ( -1921.110542241465737, -5283.207558107435943, -1.590000000000000080 ) ) ;
#780 = DIRECTION ( 'NONE',  ( 1.137096869188916390E-16, -1.000000000000000000, -3.238515406691916629E-17 ) ) ;
#781 = CARTESIAN_POINT ( 'NONE',  ( 22.97975733169157664, -3002.424064789963268, -99.78181593877246769 ) ) ;
#782 = FACE_BOUND ( 'NONE', #876, .T. ) ;
#783 = CARTESIAN_POINT ( 'NONE',  ( 36.46033465158806308, -4109.840237355822865, -95.68248573881049879 ) ) ;
#784 = ORIENTED_EDGE ( 'NONE', *, *, #2040, .T. ) ;
#785 = CARTESIAN_POINT ( 'NONE',  ( 36.15707964505787686, -4082.238119906869542, -86.44108406962436675 ) ) ;
#786 = AXIS2_PLACEMENT_3D ( 'NONE', #533, #332, #559 ) ;
#787 = FACE_OUTER_BOUND ( 'NONE', #914, .T. ) ;
#788 = CARTESIAN_POINT ( 'NONE',  ( 92.34237349862991096, -1661.974075819533709, 44.24497165642394947 ) ) ;
#789 = CARTESIAN_POINT ( 'NONE',  ( 36.98542657620918561, -4101.096767613168595, -95.48074837853584995 ) ) ;
#790 = EDGE_CURVE ( 'NONE', #1379, #2975, #104, .T. ) ;
#791 = ORIENTED_EDGE ( 'NONE', *, *, #1733, .F. ) ;
#792 = CARTESIAN_POINT ( 'NONE',  ( 34.81840794120358851, -3012.640000000000782, -99.99898157892477002 ) ) ;
#793 = CARTESIAN_POINT ( 'NONE',  ( 33.68740269684540323, -4096.640000000000327, -94.53385804099032441 ) ) ;
#794 = DIRECTION ( 'NONE',  ( 0.000000000000000000, 0.000000000000000000, 1.000000000000000000 ) ) ;
#795 = ADVANCED_FACE ( 'NONE', ( #955 ), #1755, .T. ) ;
#796 = CARTESIAN_POINT ( 'NONE',  ( 140.8086928922844265, -1632.140000000001237, 40.52592744193395902 ) ) ;
#797 = FACE_BOUND ( 'NONE', #1945, .T. ) ;
#798 = LINE ( 'NONE', #1330, #1548 ) ;
#799 = CARTESIAN_POINT ( 'NONE',  ( 33.38749409460319129, -4105.311581845329783, -96.79749703843884845 ) ) ;
#800 = VERTEX_POINT ( 'NONE', #3256 ) ;
#801 = CARTESIAN_POINT ( 'NONE',  ( 33.60072345666042537, -3008.449324300153421, -94.22206684950947420 ) ) ;
#802 = LINE ( 'NONE', #1598, #1371 ) ;
#803 = VECTOR ( 'NONE', #96, 1000.000000000000000 ) ;
#804 = CARTESIAN_POINT ( 'NONE',  ( 23.76450709663573591, -2997.018736662786068, -99.59798091938883147 ) ) ;
#805 = CARTESIAN_POINT ( 'NONE',  ( 92.15856033603729713, -1661.123679070841263, 44.62508182598113393 ) ) ;
#806 = CARTESIAN_POINT ( 'NONE',  ( 38.38148241685665596, -4102.359454583394836, -94.92823005355035093 ) ) ;
#807 = EDGE_LOOP ( 'NONE', ( #1891, #188, #531, #2974 ) ) ;
#808 = CARTESIAN_POINT ( 'NONE',  ( -102.3937499999994571, -4171.143184993996329, -2.891068018845049270 ) ) ;
#809 = CARTESIAN_POINT ( 'NONE',  ( 23.73894100790455752, -4100.234236894482819, -92.99265186274173800 ) ) ;
#810 = CARTESIAN_POINT ( 'NONE',  ( 23.89459732578312767, -4103.654689799946027, -99.56685147960757831 ) ) ;
#811 = CARTESIAN_POINT ( 'NONE',  ( 109.6023872110763193, -1629.201705485738330, -11.64248959193470156 ) ) ;
#812 = CARTESIAN_POINT ( 'NONE',  ( 41.37629242494635662, -3004.057606581112850, -100.1510338904487440 ) ) ;
#813 = CARTESIAN_POINT ( 'NONE',  ( 78.84338905642127315, -1659.640000000001237, 32.36804042818067018 ) ) ;
#814 = CARTESIAN_POINT ( 'NONE',  ( 146.4996348730787190, -1654.640000000001464, -2.701068513964175022 ) ) ;
#815 = EDGE_LOOP ( 'NONE', ( #903, #1290, #1926, #2924 ) ) ;
#816 = CARTESIAN_POINT ( 'NONE',  ( 21.85482759572269984, -4079.487320175699551, -72.44594646994659115 ) ) ;
#817 = CARTESIAN_POINT ( 'NONE',  ( 37.34131179530478306, -3007.033145057802813, -95.34236774124838121 ) ) ;
#818 = CARTESIAN_POINT ( 'NONE',  ( 22.84975585512836460, -3001.733260417659494, -99.81175528549688636 ) ) ;
#819 = CARTESIAN_POINT ( 'NONE',  ( 33.08824502224849340, -3000.257470486531474, -95.45414928311781466 ) ) ;
#820 = EDGE_CURVE ( 'NONE', #1550, #362, #3230, .T. ) ;
#821 = ORIENTED_EDGE ( 'NONE', *, *, #1553, .T. ) ;
#822 = DIRECTION ( 'NONE',  ( 0.000000000000000000, 1.000000000000000000, 0.000000000000000000 ) ) ;
#823 = DIRECTION ( 'NONE',  ( 1.000000000000000000, 0.000000000000000000, 0.000000000000000000 ) ) ;
#824 = DIRECTION ( 'NONE',  ( 0.9914448613738102711, 1.218814494917753813E-16, 0.1305261922200525726 ) ) ;
#825 = ADVANCED_BREP_SHAPE_REPRESENTATION ( 'Rocket_Pipe&Valve&Camera', ( #2890, #2166 ), #2059 ) ;
#826 = EDGE_CURVE ( 'NONE', #1001, #704, #1099, .T. ) ;
#827 = CARTESIAN_POINT ( 'NONE',  ( 102.0595893551954561, -1626.787801042295087, -9.299815511653081401 ) ) ;
#828 = AXIS2_PLACEMENT_3D ( 'NONE', #1537, #278, #2402 ) ;
#829 = CARTESIAN_POINT ( 'NONE',  ( 23.72056970179620095, -3005.250119402916880, -102.4465690105123485 ) ) ;
#830 = CARTESIAN_POINT ( 'NONE',  ( 49.81372173996767572, -5944.544384651105247, -89.45989696772160471 ) ) ;
#831 = EDGE_CURVE ( 'NONE', #2978, #2625, #1780, .T. ) ;
#833 = CARTESIAN_POINT ( 'NONE',  ( 35.26854988164435412, -4109.567346193513913, -96.12831466866050789 ) ) ;
#832 = TOROIDAL_SURFACE ( 'NONE', #85, -2086.911240726156848, 2189.304990726157030 ) ;
#834 = ORIENTED_EDGE ( 'NONE', *, *, #2240, .T. ) ;
#835 = DIRECTION ( 'NONE',  ( -0.4043671605753388354, 0.5881741220021184935, 0.7003844670288420504 ) ) ;
#836 = CARTESIAN_POINT ( 'NONE',  ( 36.63032912089991555, -3007.305611653711367, -95.61755281824994768 ) ) ;
#837 = EDGE_CURVE ( 'NONE', #2855, #1860, #1980, .T. ) ;
#838 = CARTESIAN_POINT ( 'NONE',  ( 29.95155934881983484, -2995.770819044585551, -97.91528232093736506 ) ) ;
#839 = CARTESIAN_POINT ( 'NONE',  ( 41.37629242494635662, -3004.057606581112850, -100.1510338904487440 ) ) ;
#840 = CARTESIAN_POINT ( 'NONE',  ( 94.09223012373696804, -1619.892228598292377, 40.38908933952878044 ) ) ;
#841 = CARTESIAN_POINT ( 'NONE',  ( 32.97604121149232981, -4102.784133872945858, -91.97504182826276065 ) ) ;
#842 = CYLINDRICAL_SURFACE ( 'NONE', #314, 4.999999999999998224 ) ;
#843 = VECTOR ( 'NONE', #2019, 1000.000000000000000 ) ;
#844 = CARTESIAN_POINT ( 'NONE',  ( 50.73990242684811136, -5691.409629252381819, 88.94417418487837779 ) ) ;
#845 = CARTESIAN_POINT ( 'NONE',  ( 109.3761203557131552, -1629.609288594149348, -11.95050364970296108 ) ) ;
#846 = LINE ( 'NONE', #2623, #803 ) ;
#847 = CARTESIAN_POINT ( 'NONE',  ( 34.81840794120371640, -4096.640000000000327, -93.49898157892477002 ) ) ;
#848 = VERTEX_POINT ( 'NONE', #448 ) ;
#849 = DIRECTION ( 'NONE',  ( 1.000000000000000000, 0.000000000000000000, 0.000000000000000000 ) ) ;
#850 = CARTESIAN_POINT ( 'NONE',  ( 112.1614954983810435, -1617.140000000001464, -7.221770325147260472 ) ) ;
#851 = CARTESIAN_POINT ( 'NONE',  ( 30.89039602243550320, -2996.774508390105439, -97.62324926609868214 ) ) ;
#852 = ORIENTED_EDGE ( 'NONE', *, *, #1543, .F. ) ;
#853 = CARTESIAN_POINT ( 'NONE',  ( 36.18622104403313244, -2997.900427153688270, -86.51763337591056313 ) ) ;
#854 = VECTOR ( 'NONE', #695, 999.9999999999998863 ) ;
#855 = EDGE_CURVE ( 'NONE', #2653, #1420, #2738, .T. ) ;
#856 = LINE ( 'NONE', #143, #2951 ) ;
#857 = CARTESIAN_POINT ( 'NONE',  ( 102.3937499999999403, 1.258758722255669386E-14, 0.000000000000000000 ) ) ;
#858 = CARTESIAN_POINT ( 'NONE',  ( 41.31840794120359561, -3012.640000000000782, -99.99898157892477002 ) ) ;
#859 = EDGE_CURVE ( 'NONE', #1148, #1365, #706, .T. ) ;
#860 = FACE_OUTER_BOUND ( 'NONE', #3134, .T. ) ;
#861 = CARTESIAN_POINT ( 'NONE',  ( 100.8632575830329330, -1622.928081579322225, -17.64009109354352489 ) ) ;
#862 = CARTESIAN_POINT ( 'NONE',  ( 84.53433103721556563, -1659.640000000001237, -10.85895552771746431 ) ) ;
#863 = ORIENTED_EDGE ( 'NONE', *, *, #417, .T. ) ;
#864 = LINE ( 'NONE', #1877, #616 ) ;
#865 =( BOUNDED_SURFACE ( )  B_SPLINE_SURFACE ( 3, 3, ( 
 ( #3084, #1378, #81, #2342, #2573, #53, #1625 ),
 ( #1065, #2079, #597, #67, #1081, #2093, #2390 ),
 ( #847, #2610, #2374, #2127, #1096, #2111, #3117 ),
 ( #1859, #1114, #3133, #371, #1127, #2143, #2158 ),
 ( #643, #2936, #400, #1641, #2918, #1662, #1407 ),
 ( #2668, #894, #3147, #910, #2424, #3166, #1890 ),
 ( #659, #150, #1161, #2405, #1921, #2652, #875 ) ),
 .UNSPECIFIED., .T., .F., .F. ) 
 B_SPLINE_SURFACE_WITH_KNOTS ( ( 4, 3, 4 ),
 ( 4, 3, 4 ),
 ( 0.000000000000000000, 0.5000000000000000000, 1.000000000000000000 ),
 ( 0.000000000000000000, 0.5000000000000000000, 1.000000000000000000 ),
 .UNSPECIFIED. ) 
 GEOMETRIC_REPRESENTATION_ITEM ( )  RATIONAL_B_SPLINE_SURFACE ( (
 ( 1.000000000000000000, 0.6018361484906618042, 0.6018361484906618042, 1.000000000000000000, 0.6018361484906618042, 0.6018361484906618042, 1.000000000000000000),
 ( 0.3333333333333333703, 0.2006120494968872958, 0.2006120494968872958, 0.3333333333333333703, 0.2006120494968872958, 0.2006120494968872958, 0.3333333333333333703),
 ( 0.3333333333333333703, 0.2006120494968872958, 0.2006120494968872958, 0.3333333333333333703, 0.2006120494968872958, 0.2006120494968872958, 0.3333333333333333703),
 ( 1.000000000000000000, 0.6018361484906618042, 0.6018361484906618042, 1.000000000000000000, 0.6018361484906618042, 0.6018361484906618042, 1.000000000000000000),
 ( 0.3333333333333333703, 0.2006120494968872958, 0.2006120494968872958, 0.3333333333333333703, 0.2006120494968872958, 0.2006120494968872958, 0.3333333333333333703),
 ( 0.3333333333333333703, 0.2006120494968872958, 0.2006120494968872958, 0.3333333333333333703, 0.2006120494968872958, 0.2006120494968872958, 0.3333333333333333703),
 ( 1.000000000000000000, 0.6018361484906618042, 0.6018361484906618042, 1.000000000000000000, 0.6018361484906618042, 0.6018361484906618042, 1.000000000000000000) ) ) 
 REPRESENTATION_ITEM ( '' )  SURFACE ( )  );
#866 = CARTESIAN_POINT ( 'NONE',  ( 102.2436789368228602, -1656.595858044874149, 40.09325729860999843 ) ) ;
#867 = CARTESIAN_POINT ( 'NONE',  ( 22.86393582989332529, -2999.648583261631302, -99.80843802349406246 ) ) ;
#868 = ORIENTED_EDGE ( 'NONE', *, *, #3037, .T. ) ;
#869 = CARTESIAN_POINT ( 'NONE',  ( 104.0263520698940738, -1628.058023273808885, 38.61203245009531315 ) ) ;
#870 = CARTESIAN_POINT ( 'NONE',  ( 92.85855163905762311, -1622.899126743873012, 43.15145859152035257 ) ) ;
#871 = CARTESIAN_POINT ( 'NONE',  ( 961.9322515127580573, -5283.207558107435943, -1662.935533059202953 ) ) ;
#872 = FACE_OUTER_BOUND ( 'NONE', #116, .T. ) ;
#873 = DIRECTION ( 'NONE',  ( -0.9914448613738101601, 0.000000000000000000, -0.1305261922200529057 ) ) ;
#874 = CARTESIAN_POINT ( 'NONE',  ( 105.2101931289399488, -1659.378685832883548, 37.45666917262983731 ) ) ;
#875 = CARTESIAN_POINT ( 'NONE',  ( 36.15707964505787686, -4082.238119906869542, -86.44108406962436675 ) ) ;
#876 = EDGE_LOOP ( 'NONE', ( #1653, #2992 ) ) ;
#877 = CIRCLE ( 'NONE', #1885, 102.3937499999999403 ) ;
#878 = CARTESIAN_POINT ( 'NONE',  ( 24.08072345666039382, -3005.350995198624332, -103.7420668495095128 ) ) ;
#879 = VECTOR ( 'NONE', #2688, 1000.000000000000000 ) ;
#880 = ORIENTED_EDGE ( 'NONE', *, *, #250, .F. ) ;
#882 = DIRECTION ( 'NONE',  ( 1.000000000000000000, 0.000000000000000000, 0.000000000000000000 ) ) ;
#881 =( BOUNDED_CURVE ( )  B_SPLINE_CURVE ( 3, ( #2871, #1609, #2092, #1825 ),
 .UNSPECIFIED., .F., .F. ) 
 B_SPLINE_CURVE_WITH_KNOTS ( ( 4, 4 ),
 ( 1.570796326794902109, 1.655475445438650661 ),
 .UNSPECIFIED. ) 
 CURVE ( )  GEOMETRIC_REPRESENTATION_ITEM ( )  RATIONAL_B_SPLINE_CURVE ( ( 1.000000000000000000, 0.9994025431654762759, 0.9994025431654762759, 1.000000000000000000 ) ) 
 REPRESENTATION_ITEM ( '' )  );
#883 = ORIENTED_EDGE ( 'NONE', *, *, #354, .T. ) ;
#884 = CARTESIAN_POINT ( 'NONE',  ( 105.5137590886885874, -1627.287718677455587, 37.13558745933023886 ) ) ;
#885 = EDGE_LOOP ( 'NONE', ( #3234, #3060, #880, #1223 ) ) ;
#886 = CARTESIAN_POINT ( 'NONE',  ( 92.52098420589270233, -1624.118740578053121, 43.86818048015727101 ) ) ;
#887 = CARTESIAN_POINT ( 'NONE',  ( 1.376980392017253640, 0.000000000000000000, 0.7950000000000063682 ) ) ;
#888 = CIRCLE ( 'NONE', #2695, 5.000000000000000000 ) ;
#889 = CIRCLE ( 'NONE', #786, 112.3937499999999261 ) ;
#890 = DIRECTION ( 'NONE',  ( 0.1305261922200524061, 0.000000000000000000, -0.9914448613738103822 ) ) ;
#891 = CARTESIAN_POINT ( 'NONE',  ( 27.65846823776878693, -4113.369344066335543, -98.58761394021840374 ) ) ;
#892 = ADVANCED_FACE ( 'NONE', ( #1254 ), #3242, .F. ) ;
#893 = CARTESIAN_POINT ( 'NONE',  ( 93.11136441368843464, -1664.606405298225582, 42.60097840509158118 ) ) ;
#894 = CARTESIAN_POINT ( 'NONE',  ( 41.11838240381257492, -4116.843584312509847, -105.9735498335314219 ) ) ;
#895 = ORIENTED_EDGE ( 'NONE', *, *, #952, .T. ) ;
#896 = CARTESIAN_POINT ( 'NONE',  ( 100.2979698085751465, -1632.140000000001237, -20.61061113457519411 ) ) ;
#897 = FACE_OUTER_BOUND ( 'NONE', #930, .T. ) ;
#898 = VERTEX_POINT ( 'NONE', #1473 ) ;
#899 = ORIENTED_EDGE ( 'NONE', *, *, #1882, .F. ) ;
#900 = FACE_OUTER_BOUND ( 'NONE', #1471, .T. ) ;
#901 = VERTEX_POINT ( 'NONE', #2486 ) ;
#902 = CARTESIAN_POINT ( 'NONE',  ( 102.4895336262793677, -1629.712596432551209, 39.90369324624689540 ) ) ;
#903 = ORIENTED_EDGE ( 'NONE', *, *, #711, .T. ) ;
#904 = CARTESIAN_POINT ( 'NONE',  ( 105.6070300698101079, -1627.266270786250061, 37.02949938802088781 ) ) ;
#905 = CARTESIAN_POINT ( 'NONE',  ( -102.3814042639670276, -5691.397657313526906, 1.590000000000000080 ) ) ;
#906 = B_SPLINE_CURVE_WITH_KNOTS ( 'NONE', 3,
 ( #1335, #2628, #339, #585, #2096, #2333, #1830, #358, #2379, #2131, #2362, #1068, #1381, #40, #1049, #3101, #836, #2082, #3087, #817, #2477, #713, #2708, #1247, #1762, #1702, #454, #927, #1731, #1461, #2987, #1216, #2260, #1748, #2227, #439 ),
 .UNSPECIFIED., .F., .F.,
 ( 4, 2, 2, 2, 2, 2, 2, 2, 2, 2, 2, 2, 2, 2, 2, 2, 2, 4 ),
 ( 0.01147095941187903888, 0.01227497173088427929, 0.01307898404988952143, 0.01388299636889476184, 0.01468700868790000398, 0.01508901484740216362, 0.01549102100690432325, 0.01629503332590804404, 0.01669703948540990010, 0.01709904564491175269, 0.01790305796391600951, 0.01870707028292026980, 0.01951108260192452315, 0.02111910723993305067, 0.02192311955893795627, 0.02272713187794285494, 0.02353114419694776055, 0.02433515651595266616 ),
 .UNSPECIFIED. ) ;
#907 = EDGE_CURVE ( 'NONE', #430, #1961, #2253, .T. ) ;
#908 = CARTESIAN_POINT ( 'NONE',  ( 92.16834037871032592, -1625.658682759443764, 44.60406124291351659 ) ) ;
#909 = CARTESIAN_POINT ( 'NONE',  ( 95.09719826190192293, -1657.873076926310887, 38.53824545251534772 ) ) ;
#910 = CARTESIAN_POINT ( 'NONE',  ( 29.29405426645992705, -4110.402445608284324, -74.91312898754908645 ) ) ;
#911 = DIRECTION ( 'NONE',  ( 0.000000000000000000, 0.000000000000000000, -1.000000000000000000 ) ) ;
#912 = PLANE ( 'NONE',  #2024 ) ;
#913 = VERTEX_POINT ( 'NONE', #484 ) ;
#914 = EDGE_LOOP ( 'NONE', ( #2343, #602, #1737, #863 ) ) ;
#915 = CARTESIAN_POINT ( 'NONE',  ( 111.0074956862227538, -1659.181446410044373, -9.506052419999051040 ) ) ;
#916 = ORIENTED_EDGE ( 'NONE', *, *, #166, .F. ) ;
#917 = DIRECTION ( 'NONE',  ( 0.000000000000000000, 0.000000000000000000, 1.000000000000000000 ) ) ;
#918 = ORIENTED_EDGE ( 'NONE', *, *, #2517, .T. ) ;
#919 = CARTESIAN_POINT ( 'NONE',  ( 94.73456418326632900, -1632.140000000001237, 39.50329812612930169 ) ) ;
#920 = CARTESIAN_POINT ( 'NONE',  ( 33.64736963490594235, -3000.528399476893810, -96.70751729111555051 ) ) ;
#921 = EDGE_CURVE ( 'NONE', #2212, #2566, #1620, .T. ) ;
#922 = CARTESIAN_POINT ( 'NONE',  ( -102.3814042639695430, -5944.544384651105247, -1.590000000000000080 ) ) ;
#923 = B_SPLINE_CURVE_WITH_KNOTS ( 'NONE', 3,
 ( #1241, #987, #1999, #2317, #1288, #2302, #290, #2547, #25, #1034, #1802, #1567, #554, #529, #42, #2051, #3056, #788, #805, #2580, #2037, #1785, #2809, #1817, #2827, #3042 ),
 .UNSPECIFIED., .F., .F.,
 ( 4, 2, 2, 2, 2, 2, 2, 2, 2, 2, 2, 2, 4 ),
 ( 0.000000000000000000, 0.002859612480913798459, 0.004289418721370687713, 0.005719224961827577836, 0.007149031202284467958, 0.008578837442741356345, 0.01143844992365515220, 0.01286825616411228779, 0.01429806240456942684, 0.01715767488548369801, 0.01858748112594083707, 0.02001728736639797612, 0.02287689984731290649 ),
 .UNSPECIFIED. ) ;
#924 = CARTESIAN_POINT ( 'NONE',  ( 95.46797286521993442, -1668.856057498796417, 37.02077414019932178 ) ) ;
#925 = EDGE_CURVE ( 'NONE', #206, #2566, #923, .T. ) ;
#926 = DIRECTION ( 'NONE',  ( 0.9914448613738101601, -0.000000000000000000, 0.1305261922200540992 ) ) ;
#927 = CARTESIAN_POINT ( 'NONE',  ( 39.29029828798820745, -3003.693260266358266, -94.55558109888892204 ) ) ;
#928 = CARTESIAN_POINT ( 'NONE',  ( 111.8492532453944932, -1659.607765373978509, -7.921045851180289255 ) ) ;
#929 = EDGE_CURVE ( 'NONE', #2494, #1379, #2457, .T. ) ;
#930 = EDGE_LOOP ( 'NONE', ( #1072, #1978, #280, #749, #2360, #2430 ) ) ;
#931 = EDGE_LOOP ( 'NONE', ( #372, #1221 ) ) ;
#932 = DIRECTION ( 'NONE',  ( 3.469446951953688145E-16, -1.000000000000000000, 0.000000000000000000 ) ) ;
#933 = ORIENTED_EDGE ( 'NONE', *, *, #3115, .F. ) ;
#934 = DIRECTION ( 'NONE',  ( -1.229331597148917955E-16, 1.000000000000000000, -0.000000000000000000 ) ) ;
#935 = ORIENTED_EDGE ( 'NONE', *, *, #3268, .T. ) ;
#936 = AXIS2_PLACEMENT_3D ( 'NONE', #761, #1571, #1073 ) ;
#937 = EDGE_CURVE ( 'NONE', #2249, #1686, #32, .T. ) ;
#938 = CARTESIAN_POINT ( 'NONE',  ( 92.41414209018826398, -1624.544454294730940, 44.09260350285691743 ) ) ;
#939 = DIRECTION ( 'NONE',  ( 0.8660254037844432595, 0.000000000000000000, -0.4999999999999919509 ) ) ;
#940 = CARTESIAN_POINT ( 'NONE',  ( 961.9322515127580573, -5283.207558107435943, -1662.935533059202953 ) ) ;
#941 = FACE_OUTER_BOUND ( 'NONE', #807, .T. ) ;
#942 = CARTESIAN_POINT ( 'NONE',  ( 96.29343467298632220, -1660.044285134471238, 35.02488160077948720 ) ) ;
#943 = COLOUR_RGB ( '',0.7921568627450980005, 0.8196078431372548767, 0.9333333333333333481 ) ;
#944 = DIRECTION ( 'NONE',  ( 1.000000000000000000, -0.000000000000000000, -0.000000000000000000 ) ) ;
#945 = CARTESIAN_POINT ( 'NONE',  ( 34.87629242494636372, -3009.034693866505222, -93.65103389044872984 ) ) ;
#946 = CARTESIAN_POINT ( 'NONE',  ( 112.0107668105056717, -1659.640000000001237, -7.573884847733264536 ) ) ;
#947 = ORIENTED_EDGE ( 'NONE', *, *, #1758, .F. ) ;
#948 = ORIENTED_EDGE ( 'NONE', *, *, #1497, .F. ) ;
#949 = CARTESIAN_POINT ( 'NONE',  ( 41.11838240381257492, -4104.525222403179214, -92.97354983353140767 ) ) ;
#950 = VERTEX_POINT ( 'NONE', #2067 ) ;
#951 = ORIENTED_EDGE ( 'NONE', *, *, #1057, .T. ) ;
#952 = EDGE_CURVE ( 'NONE', #337, #404, #1680, .T. ) ;
#953 = ORIENTED_EDGE ( 'NONE', *, *, #105, .T. ) ;
#954 = CARTESIAN_POINT ( 'NONE',  ( 95.05442743678814566, -1629.112282076107476, 38.65342787941818870 ) ) ;
#955 = FACE_OUTER_BOUND ( 'NONE', #59, .T. ) ;
#956 = CARTESIAN_POINT ( 'NONE',  ( 11.54105354047851506, 1.418778178169753444E-15, -3.286956521739071047 ) ) ;
#957 =( LENGTH_UNIT ( ) NAMED_UNIT ( * ) SI_UNIT ( .MILLI., .METRE. ) );
#958 = ADVANCED_FACE ( 'NONE', ( #2140 ), #2898, .F. ) ;
#959 = DIRECTION ( 'NONE',  ( -1.000000000000000000, 0.000000000000000000, 0.000000000000000000 ) ) ;
#960 = EDGE_CURVE ( 'NONE', #2017, #2728, #1991, .T. ) ;
#961 = AXIS2_PLACEMENT_3D ( 'NONE', #232, #3278, #1245 ) ;
#962 = CARTESIAN_POINT ( 'NONE',  ( -102.2713800226107992, -4172.810848017333228, 5.779545105169720642 ) ) ;
#963 = PLANE ( 'NONE',  #734 ) ;
#964 = CARTESIAN_POINT ( 'NONE',  ( 110.4818945449427758, -1658.722590467277541, -10.35896073816534724 ) ) ;
#965 = EDGE_LOOP ( 'NONE', ( #2678, #1914, #1115, #784 ) ) ;
#966 = CARTESIAN_POINT ( 'NONE',  ( 109.7842515465085143, -1657.878047232829886, -11.39134498191586253 ) ) ;
#967 = ORIENTED_EDGE ( 'NONE', *, *, #1997, .T. ) ;
#968 = DIRECTION ( 'NONE',  ( 1.000000000000000000, 0.000000000000000000, 0.000000000000000000 ) ) ;
#969 = EDGE_LOOP ( 'NONE', ( #2134, #1804, #627, #1251 ) ) ;
#970 = DIRECTION ( 'NONE',  ( -0.9617544617065607593, 0.000000000000000000, 0.2739130434782606760 ) ) ;
#971 = CARTESIAN_POINT ( 'NONE',  ( 52.56768252400275543, 6.293034761108825605E-15, -87.86989696772238290 ) ) ;
#972 = CARTESIAN_POINT ( 'NONE',  ( 22.97975733169207402, -4106.236055587814008, -99.78181593877246769 ) ) ;
#973 = FACE_OUTER_BOUND ( 'NONE', #3187, .T. ) ;
#974 =( BOUNDED_SURFACE ( )  B_SPLINE_SURFACE ( 3, 2, ( 
 ( #1874, #536, #1546 ),
 ( #34, #2557, #285 ),
 ( #3068, #301, #2328 ),
 ( #318, #3181, #130 ),
 ( #399, #1142, #2205 ),
 ( #1406, #167, #2157 ),
 ( #2422, #2917, #419 ),
 ( #3165, #909, #2686 ),
 ( #370, #436, #658 ),
 ( #1936, #1376, #2706 ),
 ( #3146, #2952, #1906 ),
 ( #2404, #1426, #893 ),
 ( #1391, #1193, #2441 ),
 ( #1920, #184, #114 ),
 ( #2638, #149, #642 ),
 ( #1660, #676, #1178 ),
 ( #1126, #3214, #2188 ),
 ( #1160, #2142, #3196 ),
 ( #2667, #942, #2175 ),
 ( #2456, #2900, #2934 ),
 ( #874, #1624, #924 ),
 ( #625, #1889, #1678 ),
 ( #1698, #1442, #2883 ),
 ( #610, #2389, #1640 ),
 ( #2651, #384, #517 ),
 ( #3014, #743, #1477 ) ),
 .UNSPECIFIED., .F., .F., .F. ) 
 B_SPLINE_SURFACE_WITH_KNOTS ( ( 4, 2, 2, 2, 2, 2, 2, 2, 2, 2, 2, 2, 4 ),
 ( 3, 3 ),
 ( 0.000000000000000000, 0.002978809823386773057, 0.004468214735080159802, 0.005957619646773546114, 0.008936429470160319605, 0.01042583438185370678, 0.01191523929354709223, 0.01340464420524047767, 0.01489404911693386485, 0.01787285894032063921, 0.01936226385201402639, 0.02085166876370741357, 0.02383047858709418446 ),
 ( 0.000000000000000000, 1.000000000000000000 ),
 .UNSPECIFIED. ) 
 GEOMETRIC_REPRESENTATION_ITEM ( )  RATIONAL_B_SPLINE_SURFACE ( (
 ( 1.000000000000000000, 0.8146840925885265872, 1.000000000000000000),
 ( 1.000000000000000000, 0.8146818639991360023, 1.000000000000000000),
 ( 1.000000000000000000, 0.8137328243396133587, 1.000000000000000000),
 ( 1.000000000000000000, 0.8109801326616875583, 1.000000000000000000),
 ( 1.000000000000000000, 0.8098404930532807633, 1.000000000000000000),
 ( 1.000000000000000000, 0.8071217548365292593, 1.000000000000000000),
 ( 1.000000000000000000, 0.8055439528644009473, 1.000000000000000000),
 ( 1.000000000000000000, 0.8002929929254675168, 1.000000000000000000),
 ( 1.000000000000000000, 0.7960764895726392121, 1.000000000000000000),
 ( 1.000000000000000000, 0.7888424368381491414, 1.000000000000000000),
 ( 1.000000000000000000, 0.7862664941719168521, 1.000000000000000000),
 ( 1.000000000000000000, 0.7809406613516680640, 1.000000000000000000),
 ( 1.000000000000000000, 0.7781823627007736777, 1.000000000000000000),
 ( 1.000000000000000000, 0.7725119660001141808, 1.000000000000000000),
 ( 1.000000000000000000, 0.7695997914429085762, 1.000000000000000000),
 ( 1.000000000000000000, 0.7636548638808963174, 1.000000000000000000),
 ( 1.000000000000000000, 0.7606113414343013135, 1.000000000000000000),
 ( 1.000000000000000000, 0.7514202315512961139, 1.000000000000000000),
 ( 1.000000000000000000, 0.7453100381145082443, 1.000000000000000000),
 ( 1.000000000000000000, 0.7363671324150748987, 1.000000000000000000),
 ( 1.000000000000000000, 0.7334230206509653183, 1.000000000000000000),
 ( 1.000000000000000000, 0.7276406099191454757, 1.000000000000000000),
 ( 1.000000000000000000, 0.7248007526693442948, 1.000000000000000000),
 ( 1.000000000000000000, 0.7166398871623621547, 1.000000000000000000),
 ( 1.000000000000000000, 0.7116222452105327445, 1.000000000000000000),
 ( 1.000000000000000000, 0.7071067811865476838, 1.000000000000000000) ) ) 
 REPRESENTATION_ITEM ( '' )  SURFACE ( )  );
#975 = B_SPLINE_CURVE_WITH_KNOTS ( 'NONE', 3,
 ( #2998, #763, #2739, #1759, #1507, #3245, #1971, #1524, #2784, #2538, #201, #2769, #503, #2241, #2520, #268, #248, #1714, #2723, #1262, #976, #1278, #2755, #470, #1983, #727 ),
 .UNSPECIFIED., .F., .F.,
 ( 4, 2, 2, 2, 2, 2, 2, 2, 2, 2, 2, 2, 4 ),
 ( 0.000000000000000000, 0.002859612480914445077, 0.004289418721371666965, 0.005719224961828890154, 0.007149031202286112475, 0.008578837442743333930, 0.01143844992365776990, 0.01286825616411473895, 0.01429806240457170627, 0.01715767488548564784, 0.01858748112594262036, 0.02001728736639959635, 0.02287689984731288220 ),
 .UNSPECIFIED. ) ;
#976 = CARTESIAN_POINT ( 'NONE',  ( 100.4399029002396730, -1627.448615537982050, -19.90785974291020466 ) ) ;
#977 = DIRECTION ( 'NONE',  ( -1.229331597148917955E-16, 1.000000000000000000, 0.000000000000000000 ) ) ;
#978 = DIRECTION ( 'NONE',  ( -1.000000000000000000, -1.208387367954123044E-16, 0.000000000000000000 ) ) ;
#979 = CARTESIAN_POINT ( 'NONE',  ( 100.7223287004099035, -1662.661259421949353, -18.42721569400276138 ) ) ;
#980 = EDGE_LOOP ( 'NONE', ( #2908, #834, #120, #1266 ) ) ;
#981 = CARTESIAN_POINT ( 'NONE',  ( 108.9353710195972553, -1655.927148856355871, -12.52319662674258716 ) ) ;
#982 = ORIENTED_EDGE ( 'NONE', *, *, #73, .T. ) ;
#983 = APPLICATION_PROTOCOL_DEFINITION ( 'draft international standard', 'automotive_design', 1998, #1355 ) ;
#984 = ORIENTED_EDGE ( 'NONE', *, *, #735, .T. ) ;
#985 = ORIENTED_EDGE ( 'NONE', *, *, #925, .F. ) ;
#986 = CARTESIAN_POINT ( 'NONE',  ( 101.8735135882531893, -1669.098736274471776, -10.31856110979619956 ) ) ;
#987 = CARTESIAN_POINT ( 'NONE',  ( 96.68921043526826509, -1669.640000000001464, 33.71354473069594349 ) ) ;
#988 = CARTESIAN_POINT ( 'NONE',  ( 23.10581761319786409, -4109.917668037115618, -99.75277707529495785 ) ) ;
#989 = AXIS2_PLACEMENT_3D ( 'NONE', #406, #2411, #136 ) ;
#990 = CARTESIAN_POINT ( 'NONE',  ( 24.67070733239165037, -3006.646237535633645, -99.37755059139026059 ) ) ;
#991 = AXIS2_PLACEMENT_3D ( 'NONE', #1937, #3183, #678 ) ;
#992 = CARTESIAN_POINT ( 'NONE',  ( 85.18696199831582305, -1654.640000000001464, -15.81617983458651366 ) ) ;
#993 = CARTESIAN_POINT ( 'NONE',  ( 101.7853652141813114, -1629.750820719416879, -13.09722997169911629 ) ) ;
#994 = EDGE_CURVE ( 'NONE', #2336, #898, #877, .T. ) ;
#995 = DIRECTION ( 'NONE',  ( 0.9914448613738106042, 0.000000000000000000, 0.1305261922200501579 ) ) ;
#996 = CARTESIAN_POINT ( 'NONE',  ( 109.6816787570662655, -1657.720291085363442, -11.53445353945448026 ) ) ;
#997 = EDGE_CURVE ( 'NONE', #2029, #3189, #1124, .T. ) ;
#998 = ORIENTED_EDGE ( 'NONE', *, *, #3178, .T. ) ;
#999 = CARTESIAN_POINT ( 'NONE',  ( 24.16740269684524378, -3012.640000000000327, -113.5738580409904017 ) ) ;
#1000 = VECTOR ( 'NONE', #3082, 1000.000000000000000 ) ;
#1001 = VERTEX_POINT ( 'NONE', #3179 ) ;
#1002 = VECTOR ( 'NONE', #2138, 1000.000000000000000 ) ;
#1003 = CARTESIAN_POINT ( 'NONE',  ( 119.2730196079804443, -5894.030000000000655, 209.7669299331855370 ) ) ;
#1004 = CARTESIAN_POINT ( 'NONE',  ( 101.4668455381238061, -1667.538380252023671, -13.76769598912341408 ) ) ;
#1005 = CARTESIAN_POINT ( 'NONE',  ( 109.9483572917505256, -1628.671278493752880, -11.15886831073360774 ) ) ;
#1006 = DIRECTION ( 'NONE',  ( 4.270088556250605644E-16, -1.000000000000000000, -2.135044278125303068E-16 ) ) ;
#1007 = CARTESIAN_POINT ( 'NONE',  ( 26.00009345404535921, -3008.219680758385039, -99.03789310308387428 ) ) ;
#1008 = CARTESIAN_POINT ( 'NONE',  ( 959.1782907287234821, -5283.207558107435943, -1664.525533059203326 ) ) ;
#1009 = LINE ( 'NONE', #2257, #2814 ) ;
#1010 = ADVANCED_FACE ( 'NONE', ( #872 ), #382, .T. ) ;
#1011 =( BOUNDED_CURVE ( )  B_SPLINE_CURVE ( 3, ( #378, #2911, #2677, #138 ),
 .UNSPECIFIED., .F., .F. ) 
 B_SPLINE_CURVE_WITH_KNOTS ( ( 4, 4 ),
 ( 4.627709861740938457, 4.712388980384692339 ),
 .UNSPECIFIED. ) 
 CURVE ( )  GEOMETRIC_REPRESENTATION_ITEM ( )  RATIONAL_B_SPLINE_CURVE ( ( 1.000000000000000000, 0.9994025431654762759, 0.9994025431654762759, 1.000000000000000000 ) ) 
 REPRESENTATION_ITEM ( '' )  );
#1012 = CARTESIAN_POINT ( 'NONE',  ( -1.376980392017253640, 0.000000000000000000, -0.7950000000000063682 ) ) ;
#1013 = CARTESIAN_POINT ( 'NONE',  ( -102.3937499999992013, -5944.539895423039525, 1.253961781901942107E-14 ) ) ;
#1014 = CARTESIAN_POINT ( 'NONE',  ( 109.8474008340311201, -1657.969456021685801, -11.30307873004953123 ) ) ;
#1015 = VECTOR ( 'NONE', #764, 1000.000000000000000 ) ;
#1016 = ORIENTED_EDGE ( 'NONE', *, *, #2461, .F. ) ;
#1017 = CARTESIAN_POINT ( 'NONE',  ( 30.55157913041583839, -4084.541880093138388, -88.79077617381759069 ) ) ;
#1018 = EDGE_LOOP ( 'NONE', ( #377, #392, #2414, #1995 ) ) ;
#1019 = CARTESIAN_POINT ( 'NONE',  ( 29.54914364993532772, -4111.900852134765955, -89.16825548908846599 ) ) ;
#1020 = CARTESIAN_POINT ( 'NONE',  ( 101.0854064728348192, -1665.418815769013690, -16.31943897282770450 ) ) ;
#1021 = CARTESIAN_POINT ( 'NONE',  ( 143.6541638826816438, -1632.140000000001237, 18.91242946398423896 ) ) ;
#1022 = CARTESIAN_POINT ( 'NONE',  ( 30.66013827049483353, -4111.836737304336566, -97.69593158744416428 ) ) ;
#1023 = CARTESIAN_POINT ( 'NONE',  ( 29.98767623058105869, -3006.908022170846380, -97.90447394528067093 ) ) ;
#1024 = CARTESIAN_POINT ( 'NONE',  ( -102.3937499999992013, -5944.539895423040434, 0.5300266275551962503 ) ) ;
#1025 = CARTESIAN_POINT ( 'NONE',  ( 27.11011866043262941, -4100.445123302971297, -98.73986111820059364 ) ) ;
#1026 = CARTESIAN_POINT ( 'NONE',  ( 109.0279727536754280, -1630.509940632973894, -12.40487452379706745 ) ) ;
#1027 = LINE ( 'NONE', #520, #152 ) ;
#1028 = FACE_OUTER_BOUND ( 'NONE', #1183, .T. ) ;
#1029 = DIRECTION ( 'NONE',  ( -1.064632392805908815E-16, 0.8660254037844780095, 0.4999999999999319988 ) ) ;
#1030 = ORIENTED_EDGE ( 'NONE', *, *, #1870, .T. ) ;
#1031 = CARTESIAN_POINT ( 'NONE',  ( 34.81840794120372351, -4096.640000000000327, -99.99898157892477002 ) ) ;
#1032 = EDGE_CURVE ( 'NONE', #2928, #457, #3144, .T. ) ;
#1033 = DIRECTION ( 'NONE',  ( -4.059191156308233303E-16, 1.000000000000000000, 5.331194851499991817E-17 ) ) ;
#1034 = CARTESIAN_POINT ( 'NONE',  ( 94.44602261823320077, -1667.513474497387278, 39.55498036912879201 ) ) ;
#1035 = PLANE ( 'NONE',  #1527 ) ;
#1036 = ADVANCED_FACE ( 'NONE', ( #2867 ), #1904, .F. ) ;
#1037 = VERTEX_POINT ( 'NONE', #2649 ) ;
#1038 = CIRCLE ( 'NONE', #613, 4.999999999999989342 ) ;
#1039 = CARTESIAN_POINT ( 'NONE',  ( 0.000000000000000000, 0.000000000000000000, 0.000000000000000000 ) ) ;
#1040 = DIRECTION ( 'NONE',  ( -0.2940870610010616337, -0.8087343211506712315, 0.5093737315024411405 ) ) ;
#1041 = AXIS2_PLACEMENT_3D ( 'NONE', #2654, #2596, #321 ) ;
#1042 = DIRECTION ( 'NONE',  ( 0.9397966137609635728, -0.3417342897097482846, 0.000000000000000000 ) ) ;
#1043 = CARTESIAN_POINT ( 'NONE',  ( 100.3739008085779432, -1628.685338304978359, -20.23781129993324868 ) ) ;
#1044 = CARTESIAN_POINT ( 'NONE',  ( 28.32584423981887767, -2994.138792432788705, -89.44416386819887066 ) ) ;
#1045 = CARTESIAN_POINT ( 'NONE',  ( -102.3896346719563866, -5691.403643102511523, -1.060037278384675430 ) ) ;
#1046 = ORIENTED_EDGE ( 'NONE', *, *, #2352, .T. ) ;
#1047 = ORIENTED_EDGE ( 'NONE', *, *, #493, .F. ) ;
#1048 = CARTESIAN_POINT ( 'NONE',  ( 22.13187881964117665, -2992.044713008824601, -106.2519385870626962 ) ) ;
#1049 = CARTESIAN_POINT ( 'NONE',  ( 36.12342715299141815, -3007.303842082127176, -95.81049490197798946 ) ) ;
#1050 = STYLED_ITEM ( 'NONE', ( #1934 ), #2890 ) ;
#1051 = VECTOR ( 'NONE', #3093, 1000.000000000000000 ) ;
#1052 = CARTESIAN_POINT ( 'NONE',  ( 32.85148334774985557, -3005.312170117798360, -91.52699862135894193 ) ) ;
#1053 = DIRECTION ( 'NONE',  ( -0.1305261922200519620, -0.000000000000000000, 0.9914448613738103822 ) ) ;
#1054 = EDGE_CURVE ( 'NONE', #121, #1487, #1697, .T. ) ;
#1055 = CARTESIAN_POINT ( 'NONE',  ( 34.69718799561304934, -4102.039164049232568, -96.33592621257454880 ) ) ;
#1056 = EDGE_LOOP ( 'NONE', ( #287, #2395, #328, #3039 ) ) ;
#1057 = EDGE_CURVE ( 'NONE', #1672, #423, #1606, .T. ) ;
#1058 = DIRECTION ( 'NONE',  ( 0.3203490018862335531, 0.000000000000000000, -0.9472995919932056808 ) ) ;
#1059 = FACE_OUTER_BOUND ( 'NONE', #3004, .T. ) ;
#1060 = EDGE_CURVE ( 'NONE', #1924, #2494, #247, .T. ) ;
#1061 = DIRECTION ( 'NONE',  ( 0.1936857704989253526, 0.7071067811865423547, 0.6800631017091319785 ) ) ;
#1062 = CARTESIAN_POINT ( 'NONE',  ( 31.97647799815803893, -5196.759964809259145, 97.60418539258215276 ) ) ;
#1063 = CARTESIAN_POINT ( 'NONE',  ( -96.39374999999941451, -4184.474026095069348, 8.660254037844234531 ) ) ;
#1064 = CARTESIAN_POINT ( 'NONE',  ( 2.000085172692944253E-13, -1627.140000000001464, 1.590872150442214431E-16 ) ) ;
#1065 = CARTESIAN_POINT ( 'NONE',  ( 41.31840794120373062, -4096.640000000000327, -93.49898157892477002 ) ) ;
#1066 = EDGE_LOOP ( 'NONE', ( #496, #355, #427, #1393 ) ) ;
#1067 = CARTESIAN_POINT ( 'NONE',  ( 23.52515107053679344, -3007.454107852495326, -92.22363474680656736 ) ) ;
#1068 = CARTESIAN_POINT ( 'NONE',  ( 35.43128791887128415, -3006.960394793049090, -96.06828652826560244 ) ) ;
#1069 = CARTESIAN_POINT ( 'NONE',  ( 28.12012380395122335, -2994.909705974579992, -98.45740561027105286 ) ) ;
#1070 = CARTESIAN_POINT ( 'NONE',  ( 34.26169645740355918, -4102.680906931621394, -96.49162088202200493 ) ) ;
#1071 = ADVANCED_FACE ( 'NONE', ( #860 ), #1872, .T. ) ;
#1072 = ORIENTED_EDGE ( 'NONE', *, *, #89, .T. ) ;
#1073 = DIRECTION ( 'NONE',  ( 0.000000000000000000, 0.000000000000000000, 1.000000000000000000 ) ) ;
#1074 = FACE_OUTER_BOUND ( 'NONE', #3200, .T. ) ;
#1075 = ADVANCED_FACE ( 'NONE', ( #2530 ), #675, .T. ) ;
#1076 = UNCERTAINTY_MEASURE_WITH_UNIT (LENGTH_MEASURE( 1.000000000000000082E-05 ), #957, 'distance_accuracy_value', 'NONE');
#1077 = DIRECTION ( 'NONE',  ( 0.1305261922200512958, 0.000000000000000000, -0.9914448613738103822 ) ) ;
#1078 = FACE_OUTER_BOUND ( 'NONE', #1401, .T. ) ;
#1079 = CARTESIAN_POINT ( 'NONE',  ( -96.39374999999941451, -4174.474026095069348, 8.660254037844234531 ) ) ;
#1080 = DIRECTION ( 'NONE',  ( 0.000000000000000000, 0.000000000000000000, 1.000000000000000000 ) ) ;
#1081 = CARTESIAN_POINT ( 'NONE',  ( 34.60350199942998017, -4095.703226648402506, -75.86011008703675884 ) ) ;
#1082 = EDGE_CURVE ( 'NONE', #2583, #3053, #2203, .T. ) ;
#1083 = ORIENTED_EDGE ( 'NONE', *, *, #648, .T. ) ;
#1084 = DIRECTION ( 'NONE',  ( -1.000000000000000000, 0.000000000000000000, 0.000000000000000000 ) ) ;
#1085 = CARTESIAN_POINT ( 'NONE',  ( 84.53433103721556563, -1654.640000000001464, -10.85895552771746431 ) ) ;
#1086 = CARTESIAN_POINT ( 'NONE',  ( 24.16740269684524378, -3012.640000000000327, -113.5738580409904017 ) ) ;
#1087 = CARTESIAN_POINT ( 'NONE',  ( 34.87629242494634951, -3005.429905932884139, -100.1510338904487440 ) ) ;
#1088 = CARTESIAN_POINT ( 'NONE',  ( 96.46254075074551793, -1626.724658513558325, 34.48588492413192341 ) ) ;
#1089 = CARTESIAN_POINT ( 'NONE',  ( 24.15255419885702892, -4104.141341772009582, -104.0004469719775670 ) ) ;
#1090 = CARTESIAN_POINT ( 'NONE',  ( 26.92034294403172012, -4100.490296480454163, -98.79174934688938947 ) ) ;
#1091 = CARTESIAN_POINT ( 'NONE',  ( 91.85928112227627196, -1627.420571553118634, 45.23792347718161011 ) ) ;
#1092 = CARTESIAN_POINT ( 'NONE',  ( 110.4782015024844810, -1628.061065367235642, -10.36473172639189144 ) ) ;
#1093 = SURFACE_STYLE_FILL_AREA ( #1191 ) ;
#1094 = DIRECTION ( 'NONE',  ( 0.9617544617065606483, 1.585574556632484598E-16, -0.2739130434782610646 ) ) ;
#1096 = CARTESIAN_POINT ( 'NONE',  ( 30.09715722655030490, -4095.582243291722534, -81.09709012149086504 ) ) ;
#1095 = CIRCLE ( 'NONE', #2264, 8.000000000000001776 ) ;
#1097 = ORIENTED_EDGE ( 'NONE', *, *, #2218, .T. ) ;
#1098 = DIRECTION ( 'NONE',  ( 0.000000000000000000, 1.000000000000000000, 0.000000000000000000 ) ) ;
#1099 =( BOUNDED_CURVE ( )  B_SPLINE_CURVE ( 3, ( #2964, #1274, #1225, #722 ),
 .UNSPECIFIED., .F., .F. ) 
 B_SPLINE_CURVE_WITH_KNOTS ( ( 4, 4 ),
 ( 0.000000000000000000, 0.01552891563998343334 ),
 .UNSPECIFIED. ) 
 CURVE ( )  GEOMETRIC_REPRESENTATION_ITEM ( )  RATIONAL_B_SPLINE_CURVE ( ( 1.000000000000000000, 0.9999799044992118136, 0.9999799044992118136, 1.000000000000000000 ) ) 
 REPRESENTATION_ITEM ( '' )  );
#1100 = CARTESIAN_POINT ( 'NONE',  ( 105.9991293627306845, -1659.608965437022334, 36.58638777340986792 ) ) ;
#1101 = EDGE_CURVE ( 'NONE', #68, #2674, #2018, .T. ) ;
#1102 = CARTESIAN_POINT ( 'NONE',  ( 31.74626193448171563, -3004.512221216180933, -87.55144114579583459 ) ) ;
#1103 = VERTEX_POINT ( 'NONE', #922 ) ;
#1104 = CARTESIAN_POINT ( 'NONE',  ( 33.57494940732009070, -4104.377172597922254, -96.73263570976664028 ) ) ;
#1105 = ADVANCED_FACE ( 'NONE', ( #787 ), #693, .T. ) ;
#1106 = AXIS2_PLACEMENT_3D ( 'NONE', #2646, #2716, #1385 ) ;
#1107 = CARTESIAN_POINT ( 'NONE',  ( 140.1560619311841549, -1627.140000000001464, 45.48315174880301015 ) ) ;
#1108 = CARTESIAN_POINT ( 'NONE',  ( 33.67255419885705692, -4100.262112898630221, -94.48044697197752839 ) ) ;
#1109 = DIRECTION ( 'NONE',  ( 1.000000000000000000, 0.000000000000000000, 0.000000000000000000 ) ) ;
#1110 = CIRCLE ( 'NONE', #1700, 4.760000000000013998 ) ;
#1111 = DIRECTION ( 'NONE',  ( 1.229331597148917955E-16, -1.000000000000000000, 0.000000000000000000 ) ) ;
#1112 = CARTESIAN_POINT ( 'NONE',  ( 112.0108608143234221, -1627.140000000001464, -7.573665247144308665 ) ) ;
#1113 = FACE_OUTER_BOUND ( 'NONE', #1396, .T. ) ;
#1114 = CARTESIAN_POINT ( 'NONE',  ( 34.61838240381257492, -4108.339677347002180, -99.47354983353142188 ) ) ;
#1115 = ORIENTED_EDGE ( 'NONE', *, *, #2554, .T. ) ;
#1116 = FACE_OUTER_BOUND ( 'NONE', #1236, .T. ) ;
#1117 = PLANE ( 'NONE',  #478 ) ;
#1118 = CARTESIAN_POINT ( 'NONE',  ( 24.16740269684524378, -3012.640000000000327, -94.53385804099032441 ) ) ;
#1119 = EDGE_LOOP ( 'NONE', ( #1734, #2763 ) ) ;
#1120 = CARTESIAN_POINT ( 'NONE',  ( 36.86706157577951615, -4101.055140782970739, -95.52652375278820784 ) ) ;
#1121 = AXIS2_PLACEMENT_3D ( 'NONE', #1064, #335, #1362 ) ;
#1122 = CARTESIAN_POINT ( 'NONE',  ( 95.92795747571939557, -1627.016634748785691, 36.15492392363405827 ) ) ;
#1123 = CARTESIAN_POINT ( 'NONE',  ( 33.40377636673584760, -3002.896202653766522, -96.79188515290105954 ) ) ;
#1124 = LINE ( 'NONE', #2173, #1735 ) ;
#1125 = CYLINDRICAL_SURFACE ( 'NONE', #276, 4.999999999999989342 ) ;
#1126 = CARTESIAN_POINT ( 'NONE',  ( 104.0311581050477088, -1658.718934632766150, 38.60542467459916338 ) ) ;
#1127 = CARTESIAN_POINT ( 'NONE',  ( 24.86017719209656107, -4095.900045193886399, -73.84046886211518768 ) ) ;
#1128 = ORIENTED_EDGE ( 'NONE', *, *, #323, .T. ) ;
#1129 = CARTESIAN_POINT ( 'NONE',  ( 148.6113881895500413, 4.628484937826638076E-14, 19.56506042508441823 ) ) ;
#1130 = CARTESIAN_POINT ( 'NONE',  ( -96.39374999999941451, -4174.474026095069348, -8.660254037844222097 ) ) ;
#1131 = ORIENTED_EDGE ( 'NONE', *, *, #753, .T. ) ;
#1132 = EDGE_CURVE ( 'NONE', #1297, #2232, #1038, .T. ) ;
#1133 = CARTESIAN_POINT ( 'NONE',  ( 147.1522658341789906, -1632.140000000001237, -7.658292820833223935 ) ) ;
#1134 = ORIENTED_EDGE ( 'NONE', *, *, #2251, .F. ) ;
#1135 = CARTESIAN_POINT ( 'NONE',  ( 38.89269549377579693, -4103.266016980719542, -94.72016874584960533 ) ) ;
#1136 = ORIENTED_EDGE ( 'NONE', *, *, #1619, .F. ) ;
#1137 = CARTESIAN_POINT ( 'NONE',  ( 102.6605760544432400, -1629.466246859335342, 39.76834185992117199 ) ) ;
#1138 = CARTESIAN_POINT ( 'NONE',  ( 34.67210267832753345, -2998.958040640836771, -96.34498453386127892 ) ) ;
#1139 = ADVANCED_FACE ( 'NONE', ( #418 ), #3236, .T. ) ;
#1140 = CARTESIAN_POINT ( 'NONE',  ( 94.75927450488984505, -1618.760272287825728, 38.80608215399156080 ) ) ;
#1141 = CARTESIAN_POINT ( 'NONE',  ( 25.28791342464806391, -4112.786583656961739, -99.22237329604625700 ) ) ;
#1142 = CARTESIAN_POINT ( 'NONE',  ( 94.85871023082904685, -1656.576807493461047, 39.17718850007677389 ) ) ;
#1143 = DIRECTION ( 'NONE',  ( -1.000000000000000000, 0.000000000000000000, 0.000000000000000000 ) ) ;
#1144 = ORIENTED_EDGE ( 'NONE', *, *, #1997, .F. ) ;
#1145 = CARTESIAN_POINT ( 'NONE',  ( 34.84439576422387574, -3009.402955520024079, -100.0672469983637853 ) ) ;
#1146 = CARTESIAN_POINT ( 'NONE',  ( 101.7988292047571264, -1668.863274143615172, -11.03038838370131103 ) ) ;
#1147 = VECTOR ( 'NONE', #202, 999.9999999999998863 ) ;
#1148 = VERTEX_POINT ( 'NONE', #3040 ) ;
#1149 = EDGE_LOOP ( 'NONE', ( #2462, #1168, #1205, #176 ) ) ;
#1150 = DIRECTION ( 'NONE',  ( -1.208387367954123044E-16, 1.000000000000000000, -1.590872150442208330E-17 ) ) ;
#1151 = EDGE_LOOP ( 'NONE', ( #685, #2193, #1447, #3171 ) ) ;
#1152 = CARTESIAN_POINT ( 'NONE',  ( 49.81372173996825126, 6.293034761108825605E-15, -89.45989696772238631 ) ) ;
#1153 = VERTEX_POINT ( 'NONE', #1783 ) ;
#1154 = CARTESIAN_POINT ( 'NONE',  ( 105.9879648374666345, -1627.172234626024192, 36.59985967928087547 ) ) ;
#1155 = DIRECTION ( 'NONE',  ( -0.5000000000000039968, 0.000000000000000000, 0.8660254037844363761 ) ) ;
#1156 = DIRECTION ( 'NONE',  ( 1.000000000000000000, 0.000000000000000000, 0.000000000000000000 ) ) ;
#1157 = VECTOR ( 'NONE', #2810, 1000.000000000000000 ) ;
#1158 = VECTOR ( 'NONE', #1317, 1000.000000000000000 ) ;
#1159 = CARTESIAN_POINT ( 'NONE',  ( 96.99755759765443486, -1617.140000000001464, 32.80173561188851750 ) ) ;
#1160 = CARTESIAN_POINT ( 'NONE',  ( 104.4214871061446814, -1658.989071087713910, 38.24530451112454443 ) ) ;
#1161 = CARTESIAN_POINT ( 'NONE',  ( 36.46429090568214093, -4115.826243671085649, -87.24807377193711488 ) ) ;
#1162 = CARTESIAN_POINT ( 'NONE',  ( -102.0268594001716025, -4174.474026095069348, 8.660254037844234531 ) ) ;
#1163 = LINE ( 'NONE', #1130, #696 ) ;
#1164 = ORIENTED_EDGE ( 'NONE', *, *, #2939, .F. ) ;
#1165 = EDGE_LOOP ( 'NONE', ( #668, #2482 ) ) ;
#1166 = PLANE ( 'NONE',  #3259 ) ;
#1167 = ADVANCED_FACE ( 'NONE', ( #527 ), #2455, .T. ) ;
#1168 = ORIENTED_EDGE ( 'NONE', *, *, #521, .F. ) ;
#1169 = DIRECTION ( 'NONE',  ( 0.000000000000000000, -1.000000000000000000, -0.000000000000000000 ) ) ;
#1170 = ORIENTED_EDGE ( 'NONE', *, *, #3102, .T. ) ;
#1171 = CARTESIAN_POINT ( 'NONE',  ( 11.54105354047925580, 1.418778178169788746E-15, -3.286956521739281545 ) ) ;
#1172 = DIRECTION ( 'NONE',  ( -0.000000000000000000, -1.000000000000000000, -0.000000000000000000 ) ) ;
#1173 = ADVANCED_FACE ( 'NONE', ( #941 ), #3148, .T. ) ;
#1174 = CARTESIAN_POINT ( 'NONE',  ( 24.16740269684524733, -3012.640000000000782, -104.0538580409903489 ) ) ;
#1175 = AXIS2_PLACEMENT_3D ( 'NONE', #2758, #1795, #2804 ) ;
#1176 = CARTESIAN_POINT ( 'NONE',  ( 24.16740269684537878, -4096.640000000000327, -104.0538580409903489 ) ) ;
#1177 = EDGE_CURVE ( 'NONE', #2903, #3201, #587, .T. ) ;
#1178 = CARTESIAN_POINT ( 'NONE',  ( 93.93814854864929487, -1666.586596332516592, 40.74594934390817969 ) ) ;
#1179 = FACE_OUTER_BOUND ( 'NONE', #2304, .T. ) ;
#1180 = CARTESIAN_POINT ( 'NONE',  ( 39.24019906219650267, -2997.922774713602848, -94.53989404025050192 ) ) ;
#1181 = CARTESIAN_POINT ( 'NONE',  ( 102.1821598593103033, -1659.640000000001237, -6.579228339925903057 ) ) ;
#1182 = EDGE_CURVE ( 'NONE', #1500, #663, #2274, .T. ) ;
#1183 = EDGE_LOOP ( 'NONE', ( #2262, #1186, #155, #1827, #441, #2483, #1397, #3175, #1083, #172, #649, #1433, #2660, #1097, #3253, #933, #140, #107 ) ) ;
#1184 = VERTEX_POINT ( 'NONE', #617 ) ;
#1185 = DIRECTION ( 'NONE',  ( 1.000000000000000000, -0.000000000000000000, -0.000000000000000000 ) ) ;
#1186 = ORIENTED_EDGE ( 'NONE', *, *, #1758, .T. ) ;
#1187 = FACE_OUTER_BOUND ( 'NONE', #538, .T. ) ;
#1188 = ORIENTED_EDGE ( 'NONE', *, *, #2073, .F. ) ;
#1189 = CARTESIAN_POINT ( 'NONE',  ( 101.8311816696682115, -1631.470358224558822, 40.40353542695923039 ) ) ;
#1190 = DIRECTION ( 'NONE',  ( -0.4999999999999919509, 0.000000000000000000, -0.8660254037844432595 ) ) ;
#1191 = FILL_AREA_STYLE ('',( #2720 ) ) ;
#1192 = DIRECTION ( 'NONE',  ( 1.229331597148917955E-16, -1.000000000000000000, 0.000000000000000000 ) ) ;
#1193 = CARTESIAN_POINT ( 'NONE',  ( 95.61247938656786971, -1659.283900236095178, 37.08990154515924331 ) ) ;
#1194 = PLANE ( 'NONE',  #303 ) ;
#1195 = ADVANCED_FACE ( 'NONE', ( #2644 ), #1630, .T. ) ;
#1196 = DIRECTION ( 'NONE',  ( -0.1305261922200502134, 0.000000000000000000, 0.9914448613738107152 ) ) ;
#1197 = CARTESIAN_POINT ( 'NONE',  ( 102.1230663963629866, -1660.010719820325676, -7.805063301829423317 ) ) ;
#1198 = EDGE_LOOP ( 'NONE', ( #1144, #951, #688, #1414 ) ) ;
#1199 = ORIENTED_EDGE ( 'NONE', *, *, #2595, .F. ) ;
#1200 = CARTESIAN_POINT ( 'NONE',  ( 32.91540643532919574, -4105.923636110826919, -77.92578129979909818 ) ) ;
#1201 = EDGE_CURVE ( 'NONE', #1569, #442, #776, .T. ) ;
#1202 = ORIENTED_EDGE ( 'NONE', *, *, #205, .F. ) ;
#1203 = VECTOR ( 'NONE', #2392, 1000.000000000000000 ) ;
#1204 = CARTESIAN_POINT ( 'NONE',  ( 104.5164255278840528, -1627.735309260495114, 38.15428802053256163 ) ) ;
#1205 = ORIENTED_EDGE ( 'NONE', *, *, #1342, .F. ) ;
#1206 = ORIENTED_EDGE ( 'NONE', *, *, #2932, .F. ) ;
#1207 = LINE ( 'NONE', #2499, #2790 ) ;
#1208 = CARTESIAN_POINT ( 'NONE',  ( 33.57494940731825750, -3003.834057834736086, -96.73263570976720871 ) ) ;
#1209 = FACE_OUTER_BOUND ( 'NONE', #3223, .T. ) ;
#1210 = DIRECTION ( 'NONE',  ( 0.1305261922200512958, 0.000000000000000000, -0.9914448613738103822 ) ) ;
#1211 =( BOUNDED_CURVE ( )  B_SPLINE_CURVE ( 3, ( #546, #2802, #1808, #3016 ),
 .UNSPECIFIED., .F., .F. ) 
 B_SPLINE_CURVE_WITH_KNOTS ( ( 4, 4 ),
 ( 0.000000000000000000, 0.1715876304518608730 ),
 .UNSPECIFIED. ) 
 CURVE ( )  GEOMETRIC_REPRESENTATION_ITEM ( )  RATIONAL_B_SPLINE_CURVE ( ( 1.000000000000000000, 0.8633600163758521351, 0.7736114947818014675, 0.7307544352178481084 ) ) 
 REPRESENTATION_ITEM ( '' )  );
#1212 = CARTESIAN_POINT ( 'NONE',  ( 33.67255419885705692, -4100.262112898630221, -94.48044697197752839 ) ) ;
#1213 = DIRECTION ( 'NONE',  ( -0.000000000000000000, 0.000000000000000000, 1.000000000000000000 ) ) ;
#1214 = AXIS2_PLACEMENT_3D ( 'NONE', #2057, #3065, #794 ) ;
#1215 = CARTESIAN_POINT ( 'NONE',  ( 23.99916385082617154, -4264.640000000001237, 128.0745979281654172 ) ) ;
#1216 = CARTESIAN_POINT ( 'NONE',  ( 39.45261349413348739, -3002.103618940296201, -94.48794293028613822 ) ) ;
#1217 = PLANE ( 'NONE',  #1713 ) ;
#1218 = VERTEX_POINT ( 'NONE', #1896 ) ;
#1219 = ORIENTED_EDGE ( 'NONE', *, *, #1101, .F. ) ;
#1220 = DIRECTION ( 'NONE',  ( 0.000000000000000000, -0.6931896049578342156, -0.7207552785643693838 ) ) ;
#1221 = ORIENTED_EDGE ( 'NONE', *, *, #2967, .F. ) ;
#1222 = ORIENTED_EDGE ( 'NONE', *, *, #1984, .F. ) ;
#1223 = ORIENTED_EDGE ( 'NONE', *, *, #2314, .F. ) ;
#1224 = CARTESIAN_POINT ( 'NONE',  ( 91.54598066984290483, -1631.133867980107425, 45.86734636164678136 ) ) ;
#1225 = CARTESIAN_POINT ( 'NONE',  ( -102.3896346719564008, -5691.403643102511523, 1.060037278384730053 ) ) ;
#1226 = FACE_BOUND ( 'NONE', #1353, .T. ) ;
#1227 = CARTESIAN_POINT ( 'NONE',  ( 27.37400672697460635, -3008.836052715576443, -98.66688724537618782 ) ) ;
#1228 = PRODUCT_DEFINITION_SHAPE ( 'NONE', 'NONE',  #2509 ) ;
#1229 = DIRECTION ( 'NONE',  ( 0.000000000000000000, 1.000000000000000000, 0.000000000000000000 ) ) ;
#1230 = AXIS2_PLACEMENT_3D ( 'NONE', #485, #230, #3257 ) ;
#1231 = CARTESIAN_POINT ( 'NONE',  ( 146.4996348730787190, -1632.140000000001237, -2.701068513964172357 ) ) ;
#1232 = LINE ( 'NONE', #2771, #1319 ) ;
#1233 = FACE_OUTER_BOUND ( 'NONE', #1198, .T. ) ;
#1234 = LINE ( 'NONE', #2011, #2107 ) ;
#1235 = DIRECTION ( 'NONE',  ( 0.1936857704989236595, -0.7071067811865490160, 0.6800631017091253172 ) ) ;
#1236 = EDGE_LOOP ( 'NONE', ( #2697, #821, #407, #460 ) ) ;
#1237 = DIRECTION ( 'NONE',  ( 0.9397966137609635728, -0.3417342897097482846, 0.000000000000000000 ) ) ;
#1238 = ORIENTED_EDGE ( 'NONE', *, *, #1271, .F. ) ;
#1239 = EDGE_LOOP ( 'NONE', ( #537, #1323 ) ) ;
#1240 = DIRECTION ( 'NONE',  ( 1.229331597148917955E-16, -1.000000000000000000, 0.000000000000000000 ) ) ;
#1241 = CARTESIAN_POINT ( 'NONE',  ( 96.99755759765444907, -1669.640000000001237, 32.80173561188851750 ) ) ;
#1242 = CARTESIAN_POINT ( 'NONE',  ( 52.56768252400318175, -5691.397657313528725, -87.86989696772255343 ) ) ;
#1243 = FACE_OUTER_BOUND ( 'NONE', #2877, .T. ) ;
#1244 = EDGE_CURVE ( 'NONE', #1365, #480, #1383, .T. ) ;
#1245 = DIRECTION ( 'NONE',  ( 1.000000000000000000, 0.000000000000000000, 0.000000000000000000 ) ) ;
#1246 = DIRECTION ( 'NONE',  ( -0.4698983068804742924, -0.3417342897097483401, -0.8138877419075909447 ) ) ;
#1247 = CARTESIAN_POINT ( 'NONE',  ( 38.39147721870298824, -3005.889325590942008, -94.92418691276206744 ) ) ;
#1248 = CARTESIAN_POINT ( 'NONE',  ( 102.0168744746627567, -1659.763365251216783, -10.09499241286773064 ) ) ;
#1249 = ORIENTED_EDGE ( 'NONE', *, *, #820, .T. ) ;
#1250 = CARTESIAN_POINT ( 'NONE',  ( 41.11838240381256071, -4110.684403357844531, -99.47354983353142188 ) ) ;
#1251 = ORIENTED_EDGE ( 'NONE', *, *, #119, .T. ) ;
#1252 = VERTEX_POINT ( 'NONE', #1133 ) ;
#1253 = CARTESIAN_POINT ( 'NONE',  ( 100.6941392199488661, -1662.397457409787194, -18.58047096508740026 ) ) ;
#1254 = FACE_OUTER_BOUND ( 'NONE', #636, .T. ) ;
#1255 = LINE ( 'NONE', #3228, #1597 ) ;
#1256 = AXIS2_PLACEMENT_3D ( 'NONE', #1801, #2546, #2792 ) ;
#1257 = EDGE_CURVE ( 'NONE', #1961, #1931, #3254, .T. ) ;
#1258 = CARTESIAN_POINT ( 'NONE',  ( 23.86953390331549940, -3005.186798725965218, -99.57285312589746695 ) ) ;
#1259 = AXIS2_PLACEMENT_3D ( 'NONE', #3045, #1058, #2055 ) ;
#1260 = VECTOR ( 'NONE', #1350, 1000.000000000000000 ) ;
#1261 = PLANE ( 'NONE',  #2368 ) ;
#1262 = CARTESIAN_POINT ( 'NONE',  ( 100.4695210276170343, -1626.991409964396780, -19.75816075890552526 ) ) ;
#1263 = CARTESIAN_POINT ( 'NONE',  ( 101.7380313963149376, -1631.145003037430115, -13.56941335208858135 ) ) ;
#1264 = CARTESIAN_POINT ( 'NONE',  ( -102.3896346719563581, -5944.541391862467208, -1.060037278384631909 ) ) ;
#1265 = CARTESIAN_POINT ( 'NONE',  ( 109.4553060181902140, -1657.313753140657809, -11.84275620711040311 ) ) ;
#1266 = ORIENTED_EDGE ( 'NONE', *, *, #859, .F. ) ;
#1267 = PRODUCT_DEFINITION_FORMATION_WITH_SPECIFIED_SOURCE ( 'ANY', '', #329, .NOT_KNOWN. ) ;
#1268 = CARTESIAN_POINT ( 'NONE',  ( 22.72801872324015093, -3006.970715169700270, -89.35629484163997915 ) ) ;
#1269 = ORIENTED_EDGE ( 'NONE', *, *, #2256, .T. ) ;
#1270 = CIRCLE ( 'NONE', #2701, 3.250000000000002665 ) ;
#1271 = EDGE_CURVE ( 'NONE', #898, #206, #561, .T. ) ;
#1272 = CARTESIAN_POINT ( 'NONE',  ( 27.09241570349019312, -4121.073007028749998, -89.85123601438039032 ) ) ;
#1273 = CARTESIAN_POINT ( 'NONE',  ( 100.5721608765833963, -1661.121317240558938, -19.22929286640613711 ) ) ;
#1274 = CARTESIAN_POINT ( 'NONE',  ( -102.3937499999992298, -5691.406636087223887, 0.5300266275552487638 ) ) ;
#1275 = CARTESIAN_POINT ( 'NONE',  ( 31.38582860276935449, -4110.707938424051463, -97.46500862477083160 ) ) ;
#1276 = CARTESIAN_POINT ( 'NONE',  ( 140.1560619311841833, -1627.140000000001464, 45.48315174880300304 ) ) ;
#1277 = LINE ( 'NONE', #1540, #249 ) ;
#1278 = CARTESIAN_POINT ( 'NONE',  ( 100.3889756721621751, -1628.368466479142398, -20.16309841385954726 ) ) ;
#1279 = CARTESIAN_POINT ( 'NONE',  ( 101.7307680862615058, -1632.140000000001237, -13.63814644350687644 ) ) ;
#1280 = CARTESIAN_POINT ( 'NONE',  ( 30.52243773144058991, -3000.212684842736508, -88.71422686753227538 ) ) ;
#1281 = CARTESIAN_POINT ( 'NONE',  ( 100.5936215502155875, -1661.365733571475175, -19.11686808391108272 ) ) ;
#1282 = AXIS2_PLACEMENT_3D ( 'NONE', #2272, #723, #1659 ) ;
#1283 = CARTESIAN_POINT ( 'NONE',  ( 37.22968645101613561, -4109.716719595170616, -95.38597738788594427 ) ) ;
#1284 = ORIENTED_EDGE ( 'NONE', *, *, #994, .F. ) ;
#1285 = CARTESIAN_POINT ( 'NONE',  ( 33.80738754086465292, -4076.186548935350402, -86.76885806515733179 ) ) ;
#1286 = ADVANCED_FACE ( 'NONE', ( #1398 ), #3153, .T. ) ;
#1287 = CARTESIAN_POINT ( 'NONE',  ( 24.15255419885702892, -4104.141341772009582, -104.0004469719775670 ) ) ;
#1288 = CARTESIAN_POINT ( 'NONE',  ( 95.72331914387754637, -1669.091730394423848, 36.35561406953745234 ) ) ;
#1289 = CARTESIAN_POINT ( 'NONE',  ( 29.22605013673612717, -3007.874590905971218, -98.13470508809790260 ) ) ;
#1290 = ORIENTED_EDGE ( 'NONE', *, *, #275, .T. ) ;
#1291 = DIRECTION ( 'NONE',  ( 0.000000000000000000, 1.000000000000000000, -0.000000000000000000 ) ) ;
#1292 = CARTESIAN_POINT ( 'NONE',  ( 31.81677680640020256, -2999.016337796273092, -97.32508799232714125 ) ) ;
#1293 = CARTESIAN_POINT ( 'NONE',  ( 24.08221082120838119, -4103.307905874768039, -99.52171670514734103 ) ) ;
#1294 = CARTESIAN_POINT ( 'NONE',  ( 41.37629242494634951, -3000.452818647492222, -106.6510338904487440 ) ) ;
#1295 = DIRECTION ( 'NONE',  ( -1.229331597148917955E-16, 1.000000000000000000, -0.000000000000000000 ) ) ;
#1296 = CARTESIAN_POINT ( 'NONE',  ( 38.90324678478077658, -4108.244921021499067, -94.71551709628117521 ) ) ;
#1297 = VERTEX_POINT ( 'NONE', #2164 ) ;
#1298 = ADVANCED_FACE ( 'NONE', ( #900 ), #1166, .T. ) ;
#1299 = CARTESIAN_POINT ( 'NONE',  ( 32.90127123460928971, -4090.593451064658893, -88.46300217828550672 ) ) ;
#1300 = ADVANCED_FACE ( 'NONE', ( #2976 ), #684, .T. ) ;
#1301 = ADVANCED_FACE ( 'NONE', ( #1450 ), #3103, .T. ) ;
#1302 = CARTESIAN_POINT ( 'NONE',  ( 29.39199618744890685, -2995.376585962576428, -98.08505124496269900 ) ) ;
#1303 = CARTESIAN_POINT ( 'NONE',  ( 146.4996348730787190, -1632.140000000001237, -2.701068513964172801 ) ) ;
#1304 = CARTESIAN_POINT ( 'NONE',  ( 37.53211159085213211, -4101.406443087686966, -95.26731754146433673 ) ) ;
#1305 = ORIENTED_EDGE ( 'NONE', *, *, #169, .T. ) ;
#1306 = VECTOR ( 'NONE', #1637, 1000.000000000000000 ) ;
#1307 = DIRECTION ( 'NONE',  ( 1.229331597148917955E-16, -1.000000000000000000, 0.000000000000000000 ) ) ;
#1308 = CARTESIAN_POINT ( 'NONE',  ( 28.92740269684525956, -3012.640000000000782, -104.0538580409903489 ) ) ;
#1309 = VECTOR ( 'NONE', #1730, 999.9999999999998863 ) ;
#1310 = CARTESIAN_POINT ( 'NONE',  ( 28.72908618284018445, -4100.890780030214046, -98.28094511902338581 ) ) ;
#1311 = CARTESIAN_POINT ( 'NONE',  ( 106.4705535175865094, -1669.640000000001237, 36.00522563075085714 ) ) ;
#1312 = CARTESIAN_POINT ( 'NONE',  ( 145.7659171991527671, 4.045523054813300048E-14, 41.17855840303456461 ) ) ;
#1313 = CARTESIAN_POINT ( 'NONE',  ( 140.8086928922844265, -1627.140000000001464, 40.52592744193396612 ) ) ;
#1314 = CARTESIAN_POINT ( 'NONE',  ( 49.81372173996734887, -5691.397657313528725, 89.45989696772299737 ) ) ;
#1315 = ORIENTED_EDGE ( 'NONE', *, *, #952, .F. ) ;
#1316 = CARTESIAN_POINT ( 'NONE',  ( 24.12954193052283003, -4096.338830452731600, -61.34686756828628518 ) ) ;
#1317 = DIRECTION ( 'NONE',  ( -0.1936857704989243534, -0.7071067811865459074, -0.6800631017091283148 ) ) ;
#1318 = VECTOR ( 'NONE', #1818, 1000.000000000000000 ) ;
#1319 = VECTOR ( 'NONE', #2243, 1000.000000000000000 ) ;
#1320 = EDGE_CURVE ( 'NONE', #390, #7, #173, .T. ) ;
#1321 = CARTESIAN_POINT ( 'NONE',  ( 22.97975733169157664, -3002.424064789962813, -99.78181593877246769 ) ) ;
#1322 = CARTESIAN_POINT ( 'NONE',  ( 2671.845959035538272, -3673.765041794863009, 1.590000000000000080 ) ) ;
#1323 = ORIENTED_EDGE ( 'NONE', *, *, #1984, .T. ) ;
#1324 = CARTESIAN_POINT ( 'NONE',  ( 23.99916385082627457, -5149.640000000000327, 128.0745979281654172 ) ) ;
#1325 = CARTESIAN_POINT ( 'NONE',  ( 23.16885212167152375, -4100.178800262320692, -90.94200291024145599 ) ) ;
#1326 = EDGE_CURVE ( 'NONE', #2645, #1912, #2480, .T. ) ;
#1327 = CARTESIAN_POINT ( 'NONE',  ( 23.99916385082617154, -4264.640000000001237, 128.0745979281654172 ) ) ;
#1328 = CARTESIAN_POINT ( 'NONE',  ( 111.8488165614456307, -1627.172201102186364, -7.922090576083831159 ) ) ;
#1329 = CARTESIAN_POINT ( 'NONE',  ( 36.18622104403313244, -2997.900427153688270, -86.51763337591056313 ) ) ;
#1330 = CARTESIAN_POINT ( 'NONE',  ( -1334.545999125730532, -3673.765041794863009, -2314.681475523585050 ) ) ;
#1331 = CARTESIAN_POINT ( 'NONE',  ( 23.99916385082617154, -4284.640000000000327, 128.0745979281654172 ) ) ;
#1332 = ORIENTED_EDGE ( 'NONE', *, *, #119, .F. ) ;
#1333 = CARTESIAN_POINT ( 'NONE',  ( 100.4865635342736567, 3.102799015216124646E-15, 50.34685281261247525 ) ) ;
#1334 =( BOUNDED_SURFACE ( )  B_SPLINE_SURFACE ( 3, 3, ( 
 ( #505, #1509, #1180, #2190 ),
 ( #3198, #2459, #186, #2208 ),
 ( #3217, #945, #1956, #1778 ),
 ( #284, #269, #1528, #1280 ),
 ( #1793, #2818, #1838, #1044 ),
 ( #2556, #1294, #2027, #535 ),
 ( #2075, #812, #2296, #1329 ) ),
 .UNSPECIFIED., .T., .F., .F. ) 
 B_SPLINE_SURFACE_WITH_KNOTS ( ( 4, 3, 4 ),
 ( 4, 4 ),
 ( 0.000000000000000000, 0.5000000000000000000, 1.000000000000000000 ),
 ( 0.000000000000000000, 1.000000000000000000 ),
 .UNSPECIFIED. ) 
 GEOMETRIC_REPRESENTATION_ITEM ( )  RATIONAL_B_SPLINE_SURFACE ( (
 ( 1.000000000000000000, 0.8008680685759991258, 0.8008680685759991258, 1.000000000000000000),
 ( 0.3333333333333333703, 0.2669560228586664308, 0.2669560228586664308, 0.3333333333333333703),
 ( 0.3333333333333333703, 0.2669560228586664308, 0.2669560228586664308, 0.3333333333333333703),
 ( 1.000000000000000000, 0.8008680685759991258, 0.8008680685759991258, 1.000000000000000000),
 ( 0.3333333333333333703, 0.2669560228586664308, 0.2669560228586664308, 0.3333333333333333703),
 ( 0.3333333333333333703, 0.2669560228586664308, 0.2669560228586664308, 0.3333333333333333703),
 ( 1.000000000000000000, 0.8008680685759991258, 0.8008680685759991258, 1.000000000000000000) ) ) 
 REPRESENTATION_ITEM ( '' )  SURFACE ( )  );
#1335 = CARTESIAN_POINT ( 'NONE',  ( 33.57494940731825750, -3003.834057834736086, -96.73263570976720871 ) ) ;
#1336 = CARTESIAN_POINT ( 'NONE',  ( 27.44467697439932863, -2994.858126912193711, -98.64735629017776830 ) ) ;
#1337 = CARTESIAN_POINT ( 'NONE',  ( 34.86446658079508154, -4101.837971798537183, -96.27558029633355829 ) ) ;
#1338 = VERTEX_POINT ( 'NONE', #1720 ) ;
#1339 = CARTESIAN_POINT ( 'NONE',  ( 96.51768216092705188, -1626.732887633856080, 34.30903468861843919 ) ) ;
#1340 = PLANE ( 'NONE',  #3277 ) ;
#1341 = CARTESIAN_POINT ( 'NONE',  ( 30.78524501000365277, -4103.394041867775741, -97.65644617789712356 ) ) ;
#1342 = EDGE_CURVE ( 'NONE', #210, #2427, #1498, .T. ) ;
#1343 = DIRECTION ( 'NONE',  ( -1.064632392805908322E-16, 0.8660254037844776764, -0.4999999999999324984 ) ) ;
#1344 = EDGE_CURVE ( 'NONE', #1959, #663, #1903, .T. ) ;
#1345 = DIRECTION ( 'NONE',  ( 0.000000000000000000, 0.000000000000000000, 1.000000000000000000 ) ) ;
#1346 = CARTESIAN_POINT ( 'NONE',  ( 148.6113881895506950, -1632.140000000001237, 19.56506042508449994 ) ) ;
#1347 = CARTESIAN_POINT ( 'NONE',  ( 39.39476444671911537, -4236.578150927541174, 94.51207633551389620 ) ) ;
#1348 = CARTESIAN_POINT ( 'NONE',  ( 78.84338905642127315, -1632.140000000001237, 32.36804042818067018 ) ) ;
#1349 = EDGE_LOOP ( 'NONE', ( #239, #948, #653, #1721, #2673 ) ) ;
#1350 = DIRECTION ( 'NONE',  ( 0.1936857704989226880, -0.7071067811865527908, 0.6800631017091217645 ) ) ;
#1351 = CYLINDRICAL_SURFACE ( 'NONE', #2169, 4.999999999999998224 ) ;
#1352 = CARTESIAN_POINT ( 'NONE',  ( 20.92316502739577544, -2998.127343246022974, -92.38411190284389818 ) ) ;
#1353 = EDGE_LOOP ( 'NONE', ( #3021, #1895 ) ) ;
#1354 = CARTESIAN_POINT ( 'NONE',  ( 36.12658257515601434, -4101.020409046545865, -95.80901182114223502 ) ) ;
#1355 = APPLICATION_CONTEXT ( 'automotive_design' ) ;
#1356 = ADVANCED_FACE ( 'NONE', ( #2942 ), #2791, .T. ) ;
#1357 = CARTESIAN_POINT ( 'NONE',  ( 104.0362189517898486, -1628.057409532734937, 38.60080615776328727 ) ) ;
#1358 = CARTESIAN_POINT ( 'NONE',  ( 31.95843117701374680, -4111.956288766928992, -97.83462851088380319 ) ) ;
#1359 = DIRECTION ( 'NONE',  ( 1.000000000000000000, 0.000000000000000000, -1.224646799147352961E-16 ) ) ;
#1360 = CARTESIAN_POINT ( 'NONE',  ( 38.06840794120359561, -3012.640000000000782, -99.99898157892477002 ) ) ;
#1361 = CARTESIAN_POINT ( 'NONE',  ( 110.2003582950108296, -1628.362288808530138, -10.78776597983842045 ) ) ;
#1362 = DIRECTION ( 'NONE',  ( -1.000000000000000000, 0.000000000000000000, 3.552713678800500929E-15 ) ) ;
#1364 = DIRECTION ( 'NONE',  ( 0.000000000000000000, 0.000000000000000000, -1.000000000000000000 ) ) ;
#1363 = AXIS2_PLACEMENT_3D ( 'NONE', #1488, #2252, #654 ) ;
#1365 = VERTEX_POINT ( 'NONE', #2575 ) ;
#1366 = CARTESIAN_POINT ( 'NONE',  ( 34.81840794120358851, -3012.640000000000782, -99.99898157892477002 ) ) ;
#1367 = CARTESIAN_POINT ( 'NONE',  ( 101.8412143174440132, -1655.384960073297407, 40.39619686380179076 ) ) ;
#1368 = CARTESIAN_POINT ( 'NONE',  ( 24.08072345666039027, -3001.059656082222318, -113.2620668495095373 ) ) ;
#1369 = ORIENTED_EDGE ( 'NONE', *, *, #3044, .T. ) ;
#1370 = CARTESIAN_POINT ( 'NONE',  ( 22.62959863343497346, -5149.640000000000327, 123.2658256196326363 ) ) ;
#1371 = VECTOR ( 'NONE', #2597, 1000.000000000000000 ) ;
#1372 = CARTESIAN_POINT ( 'NONE',  ( 103.1789893726829916, -1628.810543978264150, 39.34853505273814989 ) ) ;
#1373 = CARTESIAN_POINT ( 'NONE',  ( 33.40547358562808711, -3001.458424176597418, -96.79136624640121056 ) ) ;
#1374 = DIRECTION ( 'NONE',  ( 1.208387367954123044E-16, -1.000000000000000000, 1.590872150442208330E-17 ) ) ;
#1375 = CARTESIAN_POINT ( 'NONE',  ( 100.6731361912700180, -1624.547865782415556, -18.69968218000685667 ) ) ;
#1376 = CARTESIAN_POINT ( 'NONE',  ( 95.36977599531580552, -1658.734958311247965, 37.78339300917124177 ) ) ;
#1377 = EDGE_CURVE ( 'NONE', #1912, #2382, #1684, .T. ) ;
#1378 = CARTESIAN_POINT ( 'NONE',  ( 41.11838240381256071, -4110.684403357844531, -99.47354983353142188 ) ) ;
#1379 = VERTEX_POINT ( 'NONE', #1799 ) ;
#1380 = DIRECTION ( 'NONE',  ( -1.000000000000000000, -1.229331597148917955E-16, 0.000000000000000000 ) ) ;
#1381 = CARTESIAN_POINT ( 'NONE',  ( 35.53906537812883215, -3007.034261108507962, -96.02848067788947617 ) ) ;
#1382 = ADVANCED_FACE ( 'NONE', ( #539 ), #2562, .T. ) ;
#1383 = LINE ( 'NONE', #2429, #139 ) ;
#1384 = ORIENTED_EDGE ( 'NONE', *, *, #604, .F. ) ;
#1385 = DIRECTION ( 'NONE',  ( 1.000000000000000000, 0.000000000000000000, 0.000000000000000000 ) ) ;
#1386 = AXIS2_PLACEMENT_3D ( 'NONE', #2294, #959, #14 ) ;
#1387 = CARTESIAN_POINT ( 'NONE',  ( 103.5338105382812870, -1628.468393253441945, 39.04580509124606635 ) ) ;
#1388 = CARTESIAN_POINT ( 'NONE',  ( 21.75000000000054001, -4284.640000000000327, 110.6017630962545013 ) ) ;
#1389 = CARTESIAN_POINT ( 'NONE',  ( 91.54598066963313840, -1631.178433775570056, 45.86734636206549709 ) ) ;
#1390 = CARTESIAN_POINT ( 'NONE',  ( 101.8991913806151359, -1628.045041688642868, -11.81244075763479984 ) ) ;
#1391 = CARTESIAN_POINT ( 'NONE',  ( 103.2956586165875592, -1658.081859839334811, 39.24897513606519084 ) ) ;
#1392 = PLANE ( 'NONE',  #1852 ) ;
#1393 = ORIENTED_EDGE ( 'NONE', *, *, #6, .F. ) ;
#1394 = CYLINDRICAL_SURFACE ( 'NONE', #3052, 9.999999999999994671 ) ;
#1395 = CARTESIAN_POINT ( 'NONE',  ( 111.3239882761055526, -1659.381091381234455, -8.942188600186677050 ) ) ;
#1396 = EDGE_LOOP ( 'NONE', ( #1690, #1631, #2312, #985 ) ) ;
#1397 = ORIENTED_EDGE ( 'NONE', *, *, #488, .T. ) ;
#1398 = FACE_OUTER_BOUND ( 'NONE', #446, .T. ) ;
#1399 = ORIENTED_EDGE ( 'NONE', *, *, #929, .F. ) ;
#1400 = CARTESIAN_POINT ( 'NONE',  ( 39.34334266677389991, -4104.767925570822626, -94.53350277935206236 ) ) ;
#1401 = EDGE_LOOP ( 'NONE', ( #1958, #700, #2149, #2217 ) ) ;
#1402 = CARTESIAN_POINT ( 'NONE',  ( 105.0829659808774750, -1627.453846813050177, 37.58875648947036296 ) ) ;
#1403 = CARTESIAN_POINT ( 'NONE',  ( 34.85154554778099367, -2998.811783045204265, -96.28028128194247870 ) ) ;
#1404 = CARTESIAN_POINT ( 'NONE',  ( 31.81677680640020256, -2999.016337796273092, -97.32508799232714125 ) ) ;
#1405 = CARTESIAN_POINT ( 'NONE',  ( 94.44610468819020355, -1619.241619747979257, 39.56012519613419443 ) ) ;
#1406 = CARTESIAN_POINT ( 'NONE',  ( 102.1023168918486164, -1656.270059367027898, 40.20070447198236963 ) ) ;
#1407 = CARTESIAN_POINT ( 'NONE',  ( 28.20188702622284183, -4078.490309121619248, -89.11855016935055573 ) ) ;
#1408 = ORIENTED_EDGE ( 'NONE', *, *, #3143, .T. ) ;
#1409 = EDGE_CURVE ( 'NONE', #687, #1961, #2612, .T. ) ;
#1410 = AXIS2_PLACEMENT_3D ( 'NONE', #465, #2514, #2995 ) ;
#1411 = LINE ( 'NONE', #2707, #1623 ) ;
#1412 = CARTESIAN_POINT ( 'NONE',  ( 110.7631444306799722, -1658.989848855711216, -9.913943900375979723 ) ) ;
#1413 = CIRCLE ( 'NONE', #748, 10.00000000000000355 ) ;
#1414 = ORIENTED_EDGE ( 'NONE', *, *, #709, .F. ) ;
#1415 = ADVANCED_FACE ( 'NONE', ( #387 ), #1843, .T. ) ;
#1416 = ORIENTED_EDGE ( 'NONE', *, *, #2448, .F. ) ;
#1417 = CARTESIAN_POINT ( 'NONE',  ( 31.64739839440393965, -2998.335845742456513, -97.38038456986225810 ) ) ;
#1418 = VERTEX_POINT ( 'NONE', #896 ) ;
#1419 = LINE ( 'NONE', #2927, #571 ) ;
#1420 = VERTEX_POINT ( 'NONE', #1580 ) ;
#1421 = ADVANCED_FACE ( 'NONE', ( #1643 ), #1394, .F. ) ;
#1422 = LINE ( 'NONE', #690, #518 ) ;
#1423 = CARTESIAN_POINT ( 'NONE',  ( 35.88056653858411238, -2998.328409237146843, -95.90160422209282842 ) ) ;
#1424 = CARTESIAN_POINT ( 'NONE',  ( 23.16885212167152375, -4100.178800262320692, -90.94200291024145599 ) ) ;
#1425 = EDGE_CURVE ( 'NONE', #1218, #848, #2886, .T. ) ;
#1426 = CARTESIAN_POINT ( 'NONE',  ( 95.55073639241035721, -1659.161153823273935, 37.26837724542546226 ) ) ;
#1427 = AXIS2_PLACEMENT_3D ( 'NONE', #497, #1998, #739 ) ;
#1428 = FACE_OUTER_BOUND ( 'NONE', #1349, .T. ) ;
#1429 = AXIS2_PLACEMENT_3D ( 'NONE', #1348, #2822, #2837 ) ;
#1430 = DIRECTION ( 'NONE',  ( -0.4043671605753291209, 0.5881741220021186045, -0.7003844670288477126 ) ) ;
#1431 = ORIENTED_EDGE ( 'NONE', *, *, #1549, .F. ) ;
#1432 = ORIENTED_EDGE ( 'NONE', *, *, #1525, .T. ) ;
#1433 = ORIENTED_EDGE ( 'NONE', *, *, #2836, .F. ) ;
#1434 = CARTESIAN_POINT ( 'NONE',  ( 151.4568591799470880, 4.859213813767094292E-14, -2.048437552863824340 ) ) ;
#1435 = EDGE_LOOP ( 'NONE', ( #189, #3070 ) ) ;
#1436 = CARTESIAN_POINT ( 'NONE',  ( 100.3861686916189200, -1658.445201547057195, -20.17742387895223644 ) ) ;
#1437 = CARTESIAN_POINT ( 'NONE',  ( 38.01716728296619863, -2998.826998964264021, -95.07475421726276466 ) ) ;
#1438 = DIRECTION ( 'NONE',  ( 1.229331597148917955E-16, -1.000000000000000000, -0.000000000000000000 ) ) ;
#1439 =( BOUNDED_CURVE ( )  B_SPLINE_CURVE ( 3, ( #3276, #1775, #543, #60 ),
 .UNSPECIFIED., .F., .T. ) 
 B_SPLINE_CURVE_WITH_KNOTS ( ( 4, 4 ),
 ( 0.000000000000000000, 0.2029181505987720513 ),
 .UNSPECIFIED. ) 
 CURVE ( )  GEOMETRIC_REPRESENTATION_ITEM ( )  RATIONAL_B_SPLINE_CURVE ( ( 1.000000000000000000, 0.8384106552328820516, 0.7424001324589859507, 0.7119684316783116973 ) ) 
 REPRESENTATION_ITEM ( '' )  );
#1440 = AXIS2_PLACEMENT_3D ( 'NONE', #596, #1094, #1577 ) ;
#1441 = CARTESIAN_POINT ( 'NONE',  ( 30.94082114253530236, -4121.128443660912126, -103.6942151935049168 ) ) ;
#1442 = CARTESIAN_POINT ( 'NONE',  ( 96.67238001965017702, -1659.983434001181195, 33.81271891092259096 ) ) ;
#1443 = EDGE_CURVE ( 'NONE', #1588, #1365, #628, .T. ) ;
#1444 = CARTESIAN_POINT ( 'NONE',  ( 119.2730196079804443, -5792.430000000000291, 209.7669299331855370 ) ) ;
#1445 = DIRECTION ( 'NONE',  ( -1.208387367954123044E-16, 1.000000000000000000, -1.590872150442211719E-17 ) ) ;
#1446 = CARTESIAN_POINT ( 'NONE',  ( 31.81677680640064665, -4109.418489266521647, -97.32508799232705599 ) ) ;
#1447 = ORIENTED_EDGE ( 'NONE', *, *, #340, .T. ) ;
#1448 = ADVANCED_FACE ( 'NONE', ( #117 ), #2361, .T. ) ;
#1449 = ORIENTED_EDGE ( 'NONE', *, *, #2359, .T. ) ;
#1450 = FACE_OUTER_BOUND ( 'NONE', #1557, .T. ) ;
#1451 = ORIENTED_EDGE ( 'NONE', *, *, #837, .F. ) ;
#1452 = CARTESIAN_POINT ( 'NONE',  ( 39.44222410413172497, -4105.549500619169521, -94.49228025893557970 ) ) ;
#1453 = ORIENTED_EDGE ( 'NONE', *, *, #1054, .T. ) ;
#1454 = CARTESIAN_POINT ( 'NONE',  ( 92.12881471279337120, -1625.858588023353150, 44.68551547618762498 ) ) ;
#1455 = CARTESIAN_POINT ( 'NONE',  ( 109.7808460989929102, -1628.906731257482079, -11.39616859891390277 ) ) ;
#1456 = FACE_OUTER_BOUND ( 'NONE', #135, .T. ) ;
#1457 = CARTESIAN_POINT ( 'NONE',  ( 47.08127093178362088, -4284.640000000000327, 121.5006848846871605 ) ) ;
#1458 = DIRECTION ( 'NONE',  ( 0.1305261922200484648, 0.000000000000000000, -0.9914448613738108262 ) ) ;
#1459 = CARTESIAN_POINT ( 'NONE',  ( 33.68740269684527533, -3012.640000000000782, -104.0538580409903489 ) ) ;
#1460 = CARTESIAN_POINT ( 'NONE',  ( 1.988001299013402947E-13, -1617.140000000001464, 0.000000000000000000 ) ) ;
#1461 = CARTESIAN_POINT ( 'NONE',  ( 39.42004382303685617, -3002.900163430296288, -94.50154424436344414 ) ) ;
#1462 = FACE_OUTER_BOUND ( 'NONE', #422, .T. ) ;
#1463 = ORIENTED_EDGE ( 'NONE', *, *, #1054, .F. ) ;
#1464 = AXIS2_PLACEMENT_3D ( 'NONE', #2925, #1150, #2396 ) ;
#1465 = VERTEX_POINT ( 'NONE', #584 ) ;
#1466 = CARTESIAN_POINT ( 'NONE',  ( 108.9798520024143471, -1656.102427112092073, -12.46658102448722261 ) ) ;
#1467 = ORIENTED_EDGE ( 'NONE', *, *, #23, .T. ) ;
#1468 = CIRCLE ( 'NONE', #991, 10.00000000000000178 ) ;
#1469 = LINE ( 'NONE', #258, #2589 ) ;
#1470 = ORIENTED_EDGE ( 'NONE', *, *, #3159, .F. ) ;
#1471 = EDGE_LOOP ( 'NONE', ( #481, #1719, #1199, #2748 ) ) ;
#1472 = CARTESIAN_POINT ( 'NONE',  ( 102.5658840877005815, -1629.608151431546503, 39.84313556674310774 ) ) ;
#1473 = CARTESIAN_POINT ( 'NONE',  ( 102.3937500000001251, -1669.640000000001237, -1.968407016716195313E-31 ) ) ;
#1474 = CARTESIAN_POINT ( 'NONE',  ( 24.49777881200284924, -4112.187453569497848, -99.42028865307803187 ) ) ;
#1475 = CARTESIAN_POINT ( 'NONE',  ( 31.98088806591373867, -3001.094057852606511, -97.27129289730039829 ) ) ;
#1476 = CIRCLE ( 'NONE', #1695, 9.750000000000008882 ) ;
#1477 = CARTESIAN_POINT ( 'NONE',  ( 96.99755759765444907, -1669.640000000001237, 32.80173561188851039 ) ) ;
#1478 = CIRCLE ( 'NONE', #3222, 10.00000000000000000 ) ;
#1479 = DIRECTION ( 'NONE',  ( 1.000000000000000000, -0.000000000000000000, -0.000000000000000000 ) ) ;
#1480 = DIRECTION ( 'NONE',  ( 1.000000000000000000, 0.000000000000000000, -1.065814103640150279E-14 ) ) ;
#1481 = CYLINDRICAL_SURFACE ( 'NONE', #1175, 102.3937499999999403 ) ;
#1482 = ORIENTED_EDGE ( 'NONE', *, *, #960, .F. ) ;
#1483 = CARTESIAN_POINT ( 'NONE',  ( 0.000000000000000000, -661.7082557662931777, 0.000000000000000000 ) ) ;
#1484 = ORIENTED_EDGE ( 'NONE', *, *, #1585, .F. ) ;
#1485 = ORIENTED_EDGE ( 'NONE', *, *, #3137, .F. ) ;
#1486 = EDGE_CURVE ( 'NONE', #178, #1900, #2999, .T. ) ;
#1487 = VERTEX_POINT ( 'NONE', #1596 ) ;
#1488 = CARTESIAN_POINT ( 'NONE',  ( 7.387840339490024034E-13, -6009.640000000001237, 0.000000000000000000 ) ) ;
#1489 = CARTESIAN_POINT ( 'NONE',  ( 100.4865635342739125, -1654.640000000001464, 50.34685281261206313 ) ) ;
#1490 = CARTESIAN_POINT ( 'NONE',  ( 17.28829428560876735, -4284.640000000000327, 104.5116136163546656 ) ) ;
#1491 = CARTESIAN_POINT ( 'NONE',  ( 28.25532988618919816, -3008.626366098648305, -98.41823553593364693 ) ) ;
#1492 = DIRECTION ( 'NONE',  ( 1.000000000000000000, 0.000000000000000000, 0.000000000000000000 ) ) ;
#1493 = CARTESIAN_POINT ( 'NONE',  ( 24.24693258459699408, -5196.759964809259145, 99.80560310701115156 ) ) ;
#1494 = CARTESIAN_POINT ( 'NONE',  ( -102.3814042639701540, -1.258606952221754708E-14, 1.590000000000000080 ) ) ;
#1495 = CARTESIAN_POINT ( 'NONE',  ( 146.4996348730787190, -1632.140000000001237, -2.701068513964174134 ) ) ;
#1496 = ORIENTED_EDGE ( 'NONE', *, *, #2282, .T. ) ;
#1497 = EDGE_CURVE ( 'NONE', #2498, #4, #469, .T. ) ;
#1498 = LINE ( 'NONE', #157, #2265 ) ;
#1499 = CARTESIAN_POINT ( 'NONE',  ( -96.39374999999941451, -4189.474026095069348, 5.117434254131580929E-13 ) ) ;
#1500 = VERTEX_POINT ( 'NONE', #1612 ) ;
#1501 = ORIENTED_EDGE ( 'NONE', *, *, #347, .T. ) ;
#1502 = CARTESIAN_POINT ( 'NONE',  ( 102.1821598593103033, -1669.640000000001237, -6.579228339925900393 ) ) ;
#1503 = CARTESIAN_POINT ( 'NONE',  ( 112.1614954983810577, -1627.140000000001464, -7.221770325147248037 ) ) ;
#1504 = CARTESIAN_POINT ( 'NONE',  ( 29.38242982512538148, -4112.883882891796929, -98.08790890701438059 ) ) ;
#1505 = CARTESIAN_POINT ( 'NONE',  ( 41.31840794120359561, -3012.640000000000782, -99.99898157892477002 ) ) ;
#1506 = DIRECTION ( 'NONE',  ( 0.000000000000000000, 0.000000000000000000, -1.000000000000000000 ) ) ;
#1507 = CARTESIAN_POINT ( 'NONE',  ( 101.8711514567756780, -1617.688269605579080, -10.34180850550082198 ) ) ;
#1508 = PLANE ( 'NONE',  #3106 ) ;
#1509 = CARTESIAN_POINT ( 'NONE',  ( 41.37629242494635662, -3004.057606581112850, -100.1510338904487440 ) ) ;
#1510 = CARTESIAN_POINT ( 'NONE',  ( 110.2027625679230027, -1658.420570068060897, -10.78420047677852445 ) ) ;
#1511 = CARTESIAN_POINT ( 'NONE',  ( 37.83238553156983386, -4109.425295132032261, -95.14849380396559297 ) ) ;
#1512 = ADVANCED_FACE ( 'NONE', ( #1116 ), #338, .T. ) ;
#1513 = CARTESIAN_POINT ( 'NONE',  ( 31.41536376083675819, -4099.739797778593129, -84.55978578091860243 ) ) ;
#1514 = ORIENTED_EDGE ( 'NONE', *, *, #2821, .F. ) ;
#1515 = EDGE_CURVE ( 'NONE', #1924, #2975, #2897, .T. ) ;
#1516 = CARTESIAN_POINT ( 'NONE',  ( 101.9186786821356208, -1669.226085724906170, -9.862904452505926400 ) ) ;
#1517 = DIRECTION ( 'NONE',  ( 0.000000000000000000, 0.000000000000000000, 1.000000000000000000 ) ) ;
#1518 = CARTESIAN_POINT ( 'NONE',  ( 102.3937500000000398, -661.7082557662934050, 0.000000000000000000 ) ) ;
#1519 = CARTESIAN_POINT ( 'NONE',  ( 31.55766921115275281, -3003.544996866684869, -97.40950875950449017 ) ) ;
#1520 = EDGE_CURVE ( 'NONE', #1595, #2692, #3100, .T. ) ;
#1521 = VECTOR ( 'NONE', #2101, 1000.000000000000000 ) ;
#1522 = VECTOR ( 'NONE', #319, 1000.000000000000000 ) ;
#1523 = DIRECTION ( 'NONE',  ( 1.229331597148917955E-16, -1.000000000000000000, 0.000000000000000000 ) ) ;
#1524 = CARTESIAN_POINT ( 'NONE',  ( 101.6245853079366128, -1618.565109720809460, -12.53431299786934083 ) ) ;
#1525 = EDGE_CURVE ( 'NONE', #1994, #7, #1738, .T. ) ;
#1526 = CARTESIAN_POINT ( 'NONE',  ( 100.3176101065605934, -1630.143027959945357, -20.51567362501949887 ) ) ;
#1527 = AXIS2_PLACEMENT_3D ( 'NONE', #1727, #2001, #3028 ) ;
#1528 = CARTESIAN_POINT ( 'NONE',  ( 33.08824502224849340, -3000.257470486531474, -95.45414928311781466 ) ) ;
#1529 = CARTESIAN_POINT ( 'NONE',  ( 101.7380935890868301, -1655.641023837807097, -13.56885877371042604 ) ) ;
#1530 = CARTESIAN_POINT ( 'NONE',  ( 38.02063714490499535, -4109.292103114834390, -95.07336233755981425 ) ) ;
#1531 = VECTOR ( 'NONE', #3038, 1000.000000000000000 ) ;
#1532 = ORIENTED_EDGE ( 'NONE', *, *, #347, .F. ) ;
#1533 = CARTESIAN_POINT ( 'NONE',  ( 32.91540643532919574, -4105.923636110826919, -77.92578129979909818 ) ) ;
#1534 = VECTOR ( 'NONE', #2171, 1000.000000000000000 ) ;
#1535 = CARTESIAN_POINT ( 'NONE',  ( 24.15255419885703247, -4098.768417831301122, -94.48044697197752839 ) ) ;
#1536 = CARTESIAN_POINT ( 'NONE',  ( 101.7781722490627914, -1668.793847524435478, -11.22003243456611443 ) ) ;
#1537 = CARTESIAN_POINT ( 'NONE',  ( 38.06840794120372351, -4096.640000000000327, -99.99898157892477002 ) ) ;
#1538 = CARTESIAN_POINT ( 'NONE',  ( 22.97975733169157664, -3002.424064789962813, -99.78181593877246769 ) ) ;
#1539 = ORIENTED_EDGE ( 'NONE', *, *, #1342, .T. ) ;
#1540 = CARTESIAN_POINT ( 'NONE',  ( -241.2999999999993008, 0.000000000000000000, -1.590000000000000080 ) ) ;
#1541 = DIRECTION ( 'NONE',  ( 0.5881741220021186045, -0.8087343211506712315, 0.000000000000000000 ) ) ;
#1542 = CARTESIAN_POINT ( 'NONE',  ( 31.13025266774517164, -4104.089263051228045, -97.54701512227229898 ) ) ;
#1543 = EDGE_CURVE ( 'NONE', #1420, #2653, #726, .T. ) ;
#1544 = DIRECTION ( 'NONE',  ( 1.000000000000000000, 0.000000000000000000, 0.000000000000000000 ) ) ;
#1545 = CARTESIAN_POINT ( 'NONE',  ( -102.3814042639695430, -5944.544384651105247, -1.590000000000000080 ) ) ;
#1546 = CARTESIAN_POINT ( 'NONE',  ( 91.54598066963312419, -1654.640000000001464, 45.86734636206548998 ) ) ;
#1547 =( BOUNDED_CURVE ( )  B_SPLINE_CURVE ( 3, ( #2937, #1493, #1062, #2295 ),
 .UNSPECIFIED., .F., .F. ) 
 B_SPLINE_CURVE_WITH_KNOTS ( ( 4, 4 ),
 ( 3.024128058832387111, 3.259057248347198232 ),
 .UNSPECIFIED. ) 
 CURVE ( )  GEOMETRIC_REPRESENTATION_ITEM ( )  RATIONAL_B_SPLINE_CURVE ( ( 1.000000000000000000, 0.9954059756416884230, 0.9954059756416884230, 1.000000000000000000 ) ) 
 REPRESENTATION_ITEM ( '' )  );
#1548 = VECTOR ( 'NONE', #548, 1000.000000000000000 ) ;
#1549 = EDGE_CURVE ( 'NONE', #2645, #3189, #1992, .T. ) ;
#1550 = VERTEX_POINT ( 'NONE', #3135 ) ;
#1551 = EDGE_LOOP ( 'NONE', ( #918, #510, #1315, #2715 ) ) ;
#1552 = CARTESIAN_POINT ( 'NONE',  ( 24.16740269684524378, -3012.640000000000327, -94.53385804099032441 ) ) ;
#1553 = EDGE_CURVE ( 'NONE', #1842, #2212, #864, .T. ) ;
#1554 = CARTESIAN_POINT ( 'NONE',  ( 24.16740269684524733, -3012.640000000000782, -104.0538580409903489 ) ) ;
#1555 = CARTESIAN_POINT ( 'NONE',  ( 40.64457422481667237, -3003.698059763351921, -98.22893946168393597 ) ) ;
#1556 = CARTESIAN_POINT ( 'NONE',  ( 37.32846473721342306, -4101.257693864548855, -95.34739620447328434 ) ) ;
#1557 = EDGE_LOOP ( 'NONE', ( #401, #3154, #647 ) ) ;
#1558 = CARTESIAN_POINT ( 'NONE',  ( -102.3896346719563581, -5944.541391862467208, 1.060037278384637238 ) ) ;
#1559 = DIRECTION ( 'NONE',  ( 0.9914448613738103822, 1.218814494917753813E-16, 0.1305261922200525726 ) ) ;
#1560 = CARTESIAN_POINT ( 'NONE',  ( 28.23382148412703430, -4100.602741512675493, -98.42439860528740780 ) ) ;
#1561 = DIRECTION ( 'NONE',  ( 0.000000000000000000, 0.000000000000000000, 1.000000000000000000 ) ) ;
#1562 = CARTESIAN_POINT ( 'NONE',  ( -96.39374999999941451, -4169.474026095070258, 0.000000000000000000 ) ) ;
#1563 = ORIENTED_EDGE ( 'NONE', *, *, #3099, .T. ) ;
#1564 = CARTESIAN_POINT ( 'NONE',  ( 29.94140823863733658, -2995.668849292503182, -90.57925820699975361 ) ) ;
#1565 = CARTESIAN_POINT ( 'NONE',  ( 106.2381440689289462, -1659.640000000001237, 36.30083937834181285 ) ) ;
#1566 = CARTESIAN_POINT ( 'NONE',  ( 23.95756352634852604, -2996.731162560186476, -99.55183029114310500 ) ) ;
#1567 = CARTESIAN_POINT ( 'NONE',  ( 93.83368371794496454, -1666.398681993178116, 40.99170457578775029 ) ) ;
#1568 = CARTESIAN_POINT ( 'NONE',  ( 38.32594381932929650, -2991.789941421755429, -98.63830705160833645 ) ) ;
#1569 = VERTEX_POINT ( 'NONE', #1955 ) ;
#1570 = AXIS2_PLACEMENT_3D ( 'NONE', #2909, #376, #1913 ) ;
#1571 = DIRECTION ( 'NONE',  ( 0.000000000000000000, 1.000000000000000000, -0.000000000000000000 ) ) ;
#1572 = FACE_OUTER_BOUND ( 'NONE', #389, .T. ) ;
#1573 = CIRCLE ( 'NONE', #2844, 102.3937499999999403 ) ;
#1574 = CARTESIAN_POINT ( 'NONE',  ( 30.59529274835847801, -4103.058835071814428, -97.71619925865813627 ) ) ;
#1575 = CARTESIAN_POINT ( 'NONE',  ( 101.2831114579059033, -1620.193403667486109, -15.04458288188302362 ) ) ;
#1576 = CARTESIAN_POINT ( 'NONE',  ( 24.16740269684524733, -3012.640000000000782, -104.0538580409903489 ) ) ;
#1577 = DIRECTION ( 'NONE',  ( -0.2739130434782610646, 0.000000000000000000, -0.9617544617065606483 ) ) ;
#1578 = CARTESIAN_POINT ( 'NONE',  ( 34.21804931246963122, -4108.681187501611021, -96.50711918024086344 ) ) ;
#1579 = ORIENTED_EDGE ( 'NONE', *, *, #2705, .T. ) ;
#1580 = CARTESIAN_POINT ( 'NONE',  ( 102.3937500000006509, -6009.640000000001237, 0.000000000000000000 ) ) ;
#1581 = CARTESIAN_POINT ( 'NONE',  ( -241.2999999999993008, -5792.430000000000291, -1.590000000000000080 ) ) ;
#1582 = CIRCLE ( 'NONE', #2960, 5.000000000000000888 ) ;
#1583 = VECTOR ( 'NONE', #765, 1000.000000000000000 ) ;
#1584 = CARTESIAN_POINT ( 'NONE',  ( 22.13187881964117665, -2992.044713008824601, -106.2519385870626962 ) ) ;
#1585 = EDGE_CURVE ( 'NONE', #800, #2508, #3128, .T. ) ;
#1586 = CARTESIAN_POINT ( 'NONE',  ( 38.38281453565484469, -3003.974319563636527, -85.78769637524398206 ) ) ;
#1587 = EDGE_CURVE ( 'NONE', #2674, #2250, #185, .T. ) ;
#1588 = VERTEX_POINT ( 'NONE', #420 ) ;
#1589 = CARTESIAN_POINT ( 'NONE',  ( 96.99755759765442065, -1617.140000000001464, 32.80173561188851039 ) ) ;
#1590 = CARTESIAN_POINT ( 'NONE',  ( 24.15255419885703603, -4109.514265712719862, -113.5204469719776057 ) ) ;
#1591 = LINE ( 'NONE', #49, #1051 ) ;
#1592 = DIRECTION ( 'NONE',  ( 0.1305261922200524061, 0.000000000000000000, -0.9914448613738102711 ) ) ;
#1593 = CARTESIAN_POINT ( 'NONE',  ( 31.50000000000054001, -4284.640000000000327, 110.6017630962545013 ) ) ;
#1594 = CARTESIAN_POINT ( 'NONE',  ( 33.37818508048486166, -4106.256689220968838, -96.80071005675951312 ) ) ;
#1595 = VERTEX_POINT ( 'NONE', #2725 ) ;
#1596 = CARTESIAN_POINT ( 'NONE',  ( 52.56768252400156882, -5691.397657313528725, 87.86989696772363345 ) ) ;
#1597 = VECTOR ( 'NONE', #3243, 1000.000000000000227 ) ;
#1598 = CARTESIAN_POINT ( 'NONE',  ( 119.2730196079804443, 0.000000000000000000, 209.7669299331855370 ) ) ;
#1599 = EDGE_CURVE ( 'NONE', #1252, #1686, #2206, .T. ) ;
#1600 = CARTESIAN_POINT ( 'NONE',  ( 26.60367986811698771, -2994.946036329296021, -98.87746928454684792 ) ) ;
#1601 = CARTESIAN_POINT ( 'NONE',  ( 30.52243773144058991, -3000.212684842736508, -88.71422686753227538 ) ) ;
#1602 = CARTESIAN_POINT ( 'NONE',  ( 96.40271603275023438, -1617.236703878043500, 34.52224999641882164 ) ) ;
#1603 = CARTESIAN_POINT ( 'NONE',  ( 24.16740269684537878, -4096.640000000000327, -104.0538580409903489 ) ) ;
#1604 = UNCERTAINTY_MEASURE_WITH_UNIT (LENGTH_MEASURE( 1.000000000000000082E-05 ), #1993, 'distance_accuracy_value', 'NONE');
#1605 = CARTESIAN_POINT ( 'NONE',  ( 2086.911240726156848, -661.7082557662929503, -2.555729171059919714E-13 ) ) ;
#1606 = LINE ( 'NONE', #349, #1306 ) ;
#1607 = CARTESIAN_POINT ( 'NONE',  ( 100.9646161594340015, -1622.173594701777120, -17.05039084091407275 ) ) ;
#1608 = FACE_OUTER_BOUND ( 'NONE', #815, .T. ) ;
#1609 = CARTESIAN_POINT ( 'NONE',  ( -102.3937499999994429, -4187.804867196143277, 2.891068018845599497 ) ) ;
#1610 = CARTESIAN_POINT ( 'NONE',  ( 33.84644337901666233, -4108.085175782188344, -96.63802673220813233 ) ) ;
#1611 = ORIENTED_EDGE ( 'NONE', *, *, #3017, .F. ) ;
#1612 = CARTESIAN_POINT ( 'NONE',  ( 22.97975733169157664, -3002.424064789962813, -99.78181593877246769 ) ) ;
#1613 = CARTESIAN_POINT ( 'NONE',  ( 112.3937500000001393, -1669.640000000001237, 0.000000000000000000 ) ) ;
#1614 = CARTESIAN_POINT ( 'NONE',  ( 31.24857067139323874, -2997.369452125741191, -97.50919030885590644 ) ) ;
#1615 = ORIENTED_EDGE ( 'NONE', *, *, #2210, .F. ) ;
#1616 = CARTESIAN_POINT ( 'NONE',  ( 41.31840794120359561, -3012.640000000000327, -106.4989815789247700 ) ) ;
#1617 = CARTESIAN_POINT ( 'NONE',  ( 96.82090118800066136, -1626.907150101782690, 33.33970437274159337 ) ) ;
#1618 = CARTESIAN_POINT ( 'NONE',  ( 33.57440843584500811, -3000.755784447896531, -96.73284183156830807 ) ) ;
#1619 = EDGE_CURVE ( 'NONE', #1842, #2017, #1468, .T. ) ;
#1620 = CIRCLE ( 'NONE', #467, 10.00000000000000178 ) ;
#1621 = DIRECTION ( 'NONE',  ( 1.000000000000000000, 1.229331597148919927E-16, 0.000000000000000000 ) ) ;
#1622 = CARTESIAN_POINT ( 'NONE',  ( 101.8874002716826652, -1617.641269225592850, -10.17984414477574440 ) ) ;
#1623 = VECTOR ( 'NONE', #944, 1000.000000000000000 ) ;
#1624 = CARTESIAN_POINT ( 'NONE',  ( 96.51517626935938665, -1660.047649693295625, 34.31707253267897073 ) ) ;
#1625 = CARTESIAN_POINT ( 'NONE',  ( 36.15707964505787686, -4082.238119906869542, -86.44108406962436675 ) ) ;
#1626 = EDGE_CURVE ( 'NONE', #1959, #2903, #2740, .T. ) ;
#1627 = ORIENTED_EDGE ( 'NONE', *, *, #2349, .T. ) ;
#1628 = CARTESIAN_POINT ( 'NONE',  ( 20.92316502739577544, -2998.127343246022974, -92.38411190284389818 ) ) ;
#1629 = CARTESIAN_POINT ( 'NONE',  ( 102.1695255878606474, -1656.434071071102153, 40.14976772392905247 ) ) ;
#1630 = SPHERICAL_SURFACE ( 'NONE', #1570, 5.000000000000000000 ) ;
#1631 = ORIENTED_EDGE ( 'NONE', *, *, #2534, .F. ) ;
#1632 = AXIS2_PLACEMENT_3D ( 'NONE', #3058, #2737, #2053 ) ;
#1633 = CARTESIAN_POINT ( 'NONE',  ( 39.25218550299000952, -4107.375767896999605, -94.57138030240105309 ) ) ;
#1634 = AXIS2_PLACEMENT_3D ( 'NONE', #679, #473, #1480 ) ;
#1635 = CARTESIAN_POINT ( 'NONE',  ( 106.4705535175864810, -1627.140000000001464, 36.00522563075084292 ) ) ;
#1636 = CARTESIAN_POINT ( 'NONE',  ( 35.45015443254079912, -2998.466498151084124, -96.06153912055388844 ) ) ;
#1637 = DIRECTION ( 'NONE',  ( 1.229331597148917955E-16, -1.000000000000000000, 0.000000000000000000 ) ) ;
#1638 = CARTESIAN_POINT ( 'NONE',  ( 100.8136683202450428, -1623.325116457227750, -17.92076798486413836 ) ) ;
#1639 = ADVANCED_FACE ( 'NONE', ( #1428 ), #412, .F. ) ;
#1640 = CARTESIAN_POINT ( 'NONE',  ( 96.40185263955085304, -1669.543396693480872, 34.52483452036001665 ) ) ;
#1641 = CARTESIAN_POINT ( 'NONE',  ( 24.17265942309821014, -4108.697416773508849, -78.53448115641859317 ) ) ;
#1642 = VERTEX_POINT ( 'NONE', #2986 ) ;
#1643 = FACE_OUTER_BOUND ( 'NONE', #54, .T. ) ;
#1644 = EDGE_CURVE ( 'NONE', #2232, #311, #3158, .T. ) ;
#1645 = DIRECTION ( 'NONE',  ( 3.469446951953688145E-16, -1.000000000000000000, 0.000000000000000000 ) ) ;
#1646 = ADVANCED_FACE ( 'NONE', ( #1179 ), #2953, .T. ) ;
#1647 = ORIENTED_EDGE ( 'NONE', *, *, #1619, .T. ) ;
#1648 = VERTEX_POINT ( 'NONE', #2242 ) ;
#1649 = CARTESIAN_POINT ( 'NONE',  ( 52.56768252400318175, -5691.397657313528725, -87.86989696772255343 ) ) ;
#1650 = ORIENTED_EDGE ( 'NONE', *, *, #753, .F. ) ;
#1651 = CARTESIAN_POINT ( 'NONE',  ( 104.7646595849556519, -1627.598553589958556, 37.91299557126657049 ) ) ;
#1652 = AXIS2_PLACEMENT_3D ( 'NONE', #2292, #502, #1506 ) ;
#1653 = ORIENTED_EDGE ( 'NONE', *, *, #73, .F. ) ;
#1654 =( BOUNDED_CURVE ( )  B_SPLINE_CURVE ( 3, ( #1347, #80, #3083, #579 ),
 .UNSPECIFIED., .F., .F. ) 
 B_SPLINE_CURVE_WITH_KNOTS ( ( 4, 4 ),
 ( 6.165720712422176675, 6.400649901936989572 ),
 .UNSPECIFIED. ) 
 CURVE ( )  GEOMETRIC_REPRESENTATION_ITEM ( )  RATIONAL_B_SPLINE_CURVE ( ( 1.000000000000000000, 0.9954059756416883120, 0.9954059756416883120, 1.000000000000000000 ) ) 
 REPRESENTATION_ITEM ( '' )  );
#1655 = CIRCLE ( 'NONE', #1282, 4.760000000000013998 ) ;
#1656 = CARTESIAN_POINT ( 'NONE',  ( 103.6565380231660356, -1628.359429931941349, 38.93931153188995609 ) ) ;
#1657 = DIRECTION ( 'NONE',  ( -0.8660254037844363761, 0.000000000000000000, -0.5000000000000039968 ) ) ;
#1658 = CARTESIAN_POINT ( 'NONE',  ( 93.84410069501156215, -1620.386318869980869, 40.96208833400706339 ) ) ;
#1659 = DIRECTION ( 'NONE',  ( 1.000000000000000000, 0.000000000000000000, 0.000000000000000000 ) ) ;
#1660 = CARTESIAN_POINT ( 'NONE',  ( 103.9028045651696033, -1658.622198777528638, 38.72123450900154040 ) ) ;
#1661 = EDGE_CURVE ( 'NONE', #2069, #2692, #1664, .T. ) ;
#1662 = CARTESIAN_POINT ( 'NONE',  ( 21.85482759572269984, -4079.487320175699551, -72.44594646994659115 ) ) ;
#1663 = ORIENTED_EDGE ( 'NONE', *, *, #2587, .T. ) ;
#1664 = LINE ( 'NONE', #1215, #1309 ) ;
#1665 = CARTESIAN_POINT ( 'NONE',  ( 24.16740269684537878, -4096.640000000000327, -104.0538580409903489 ) ) ;
#1666 = ADVANCED_FACE ( 'NONE', ( #2226 ), #1194, .F. ) ;
#1667 = ORIENTED_EDGE ( 'NONE', *, *, #1761, .T. ) ;
#1668 = ORIENTED_EDGE ( 'NONE', *, *, #3044, .F. ) ;
#1669 = CARTESIAN_POINT ( 'NONE',  ( 31.81677680640020256, -2999.016337796273092, -97.32508799232714125 ) ) ;
#1670 = ORIENTED_EDGE ( 'NONE', *, *, #123, .T. ) ;
#1671 = CARTESIAN_POINT ( 'NONE',  ( 106.4705535175864810, -1627.140000000001464, 36.00522563075084292 ) ) ;
#1672 = VERTEX_POINT ( 'NONE', #2475 ) ;
#1673 = EDGE_CURVE ( 'NONE', #2451, #37, #1701, .T. ) ;
#1674 = CARTESIAN_POINT ( 'NONE',  ( 91.76171624609838773, -1628.163707529212388, 45.43461991135863798 ) ) ;
#1675 = CARTESIAN_POINT ( 'NONE',  ( 33.82991086462013897, -3000.088681060340150, -96.64381260510812410 ) ) ;
#1676 = CYLINDRICAL_SURFACE ( 'NONE', #2799, 4.760000000000013998 ) ;
#1677 = CARTESIAN_POINT ( 'NONE',  ( 95.40620704713288092, -1617.986152475567451, 37.17984845413203487 ) ) ;
#1678 = CARTESIAN_POINT ( 'NONE',  ( 95.78093375503243578, -1669.138730774409851, 36.20337401331686777 ) ) ;
#1679 = CARTESIAN_POINT ( 'NONE',  ( 0.000000000000000000, 0.000000000000000000, -1.590000000000000080 ) ) ;
#1680 = CIRCLE ( 'NONE', #828, 3.250000000000002665 ) ;
#1681 = CARTESIAN_POINT ( 'NONE',  ( 122.0269803920149627, 0.000000000000000000, 208.1769299331855620 ) ) ;
#1682 = DIRECTION ( 'NONE',  ( 0.1936857704989226880, -0.7071067811865527908, 0.6800631017091217645 ) ) ;
#1683 = AXIS2_PLACEMENT_3D ( 'NONE', #2337, #822, #2322 ) ;
#1684 = CIRCLE ( 'NONE', #142, 5.000000000000003553 ) ;
#1685 = ORIENTED_EDGE ( 'NONE', *, *, #2073, .T. ) ;
#1686 = VERTEX_POINT ( 'NONE', #2207 ) ;
#1687 = CARTESIAN_POINT ( 'NONE',  ( 110.4752694471515042, -1658.721976726193816, -10.37235824082849334 ) ) ;
#1688 = EDGE_LOOP ( 'NONE', ( #410, #3249, #2511, #719 ) ) ;
#1689 = DIRECTION ( 'NONE',  ( -1.000000000000000000, 0.000000000000000000, 0.000000000000000000 ) ) ;
#1690 = ORIENTED_EDGE ( 'NONE', *, *, #1791, .T. ) ;
#1691 = DIRECTION ( 'NONE',  ( -1.346534898283122058E-16, 1.000000000000000000, 8.902474566150871538E-17 ) ) ;
#1692 = DIRECTION ( 'NONE',  ( 1.208387367954123044E-16, -1.000000000000000000, 1.590872150442208330E-17 ) ) ;
#1693 = CARTESIAN_POINT ( 'NONE',  ( 959.1782907287001763, -5283.207558107435943, 1664.525533059216059 ) ) ;
#1694 = EDGE_CURVE ( 'NONE', #3225, #320, #1411, .T. ) ;
#1695 = AXIS2_PLACEMENT_3D ( 'NONE', #1744, #2754, #26 ) ;
#1696 = CARTESIAN_POINT ( 'NONE',  ( 31.95843117701374680, -4111.956288766928992, -97.83462851088380319 ) ) ;
#1697 =( BOUNDED_CURVE ( )  B_SPLINE_CURVE ( 3, ( #3111, #844, #1854, #2915 ),
 .UNSPECIFIED., .F., .F. ) 
 B_SPLINE_CURVE_WITH_KNOTS ( ( 4, 4 ),
 ( 6.267656391539601302, 6.298714222819560504 ),
 .UNSPECIFIED. ) 
 CURVE ( )  GEOMETRIC_REPRESENTATION_ITEM ( )  RATIONAL_B_SPLINE_CURVE ( ( 1.000000000000000000, 0.9999196192083352752, 0.9999196192083352752, 1.000000000000000000 ) ) 
 REPRESENTATION_ITEM ( '' )  );
#1698 = CARTESIAN_POINT ( 'NONE',  ( 105.6033260469722279, -1659.512711027644173, 37.03361837401406120 ) ) ;
#1699 = EDGE_CURVE ( 'NONE', #2674, #2625, #438, .T. ) ;
#1700 = AXIS2_PLACEMENT_3D ( 'NONE', #1308, #294, #2813 ) ;
#1701 = LINE ( 'NONE', #660, #2156 ) ;
#1702 = CARTESIAN_POINT ( 'NONE',  ( 38.89727807423577843, -3004.961014524429629, -94.71827695162470206 ) ) ;
#1703 = CARTESIAN_POINT ( 'NONE',  ( 101.7509435479883848, -1668.698459560733909, -11.46319507809191052 ) ) ;
#1704 = ORIENTED_EDGE ( 'NONE', *, *, #456, .F. ) ;
#1705 = ORIENTED_EDGE ( 'NONE', *, *, #1728, .F. ) ;
#1706 = CARTESIAN_POINT ( 'NONE',  ( 29.36652196497624701, -4096.021028550566371, -68.60348882766109568 ) ) ;
#1707 = ORIENTED_EDGE ( 'NONE', *, *, #1599, .T. ) ;
#1708 = CYLINDRICAL_SURFACE ( 'NONE', #1106, 4.760000000000013998 ) ;
#1709 = ORIENTED_EDGE ( 'NONE', *, *, #735, .F. ) ;
#1710 = PLANE ( 'NONE',  #1363 ) ;
#1711 = CARTESIAN_POINT ( 'NONE',  ( 108.7880293594698742, -1631.761620923104147, -12.70904037076219240 ) ) ;
#1712 = DIRECTION ( 'NONE',  ( 1.229331597148917955E-16, -1.000000000000000000, 0.000000000000000000 ) ) ;
#1713 = AXIS2_PLACEMENT_3D ( 'NONE', #2341, #1858, #66 ) ;
#1714 = CARTESIAN_POINT ( 'NONE',  ( 100.6473247378618510, -1624.805924180469447, -18.83739587495062295 ) ) ;
#1715 = CARTESIAN_POINT ( 'NONE',  ( 33.03256949944025678, -4106.466634400154362, -101.6983779698133219 ) ) ;
#1716 = DIRECTION ( 'NONE',  ( 1.000000000000000000, 0.000000000000000000, -0.000000000000000000 ) ) ;
#1717 = CARTESIAN_POINT ( 'NONE',  ( 24.16019623145192341, -4100.280648362336251, -104.0279358890817889 ) ) ;
#1718 = VERTEX_POINT ( 'NONE', #1444 ) ;
#1719 = ORIENTED_EDGE ( 'NONE', *, *, #1733, .T. ) ;
#1720 = CARTESIAN_POINT ( 'NONE',  ( 16.31265736576157366, -5149.640000000000327, 101.0859893789924371 ) ) ;
#1721 = ORIENTED_EDGE ( 'NONE', *, *, #245, .F. ) ;
#1722 = ORIENTED_EDGE ( 'NONE', *, *, #1839, .T. ) ;
#1723 = ORIENTED_EDGE ( 'NONE', *, *, #960, .T. ) ;
#1724 = DIRECTION ( 'NONE',  ( 1.229331597148917955E-16, -1.000000000000000000, 0.000000000000000000 ) ) ;
#1725 = CARTESIAN_POINT ( 'NONE',  ( -108.3937499999994287, -4184.474026095069348, 8.660254037844234531 ) ) ;
#1726 = CARTESIAN_POINT ( 'NONE',  ( 22.86442463469614239, -4106.896458102159158, -99.80831094736157638 ) ) ;
#1727 = CARTESIAN_POINT ( 'NONE',  ( 78.19075809532101573, -1659.640000000001237, 37.32526473504972131 ) ) ;
#1728 = EDGE_CURVE ( 'NONE', #950, #2231, #295, .T. ) ;
#1729 = PLANE ( 'NONE',  #2005 ) ;
#1730 = DIRECTION ( 'NONE',  ( 0.9617544617065607593, 1.182315148474823955E-16, -0.2739130434782609536 ) ) ;
#1731 = CARTESIAN_POINT ( 'NONE',  ( 39.34436238757299265, -3003.428244562868258, -94.53307816788176865 ) ) ;
#1732 = CARTESIAN_POINT ( 'NONE',  ( 109.2503245398046658, -1656.881911190504070, -12.11587783073219526 ) ) ;
#1733 = EDGE_CURVE ( 'NONE', #20, #738, #1547, .T. ) ;
#1734 = ORIENTED_EDGE ( 'NONE', *, *, #323, .F. ) ;
#1735 = VECTOR ( 'NONE', #890, 999.9999999999998863 ) ;
#1736 = CARTESIAN_POINT ( 'NONE',  ( 110.2962723272556360, -1658.534296977762551, -10.64603417310383904 ) ) ;
#1737 = ORIENTED_EDGE ( 'NONE', *, *, #1694, .T. ) ;
#1738 = CIRCLE ( 'NONE', #36, 10.00000000000000000 ) ;
#1739 = ORIENTED_EDGE ( 'NONE', *, *, #1425, .F. ) ;
#1740 = ORIENTED_EDGE ( 'NONE', *, *, #89, .F. ) ;
#1741 = ORIENTED_EDGE ( 'NONE', *, *, #1377, .T. ) ;
#1742 = CARTESIAN_POINT ( 'NONE',  ( 102.3918900727308170, -1629.898088809541377, 39.97910397942488459 ) ) ;
#1743 = CARTESIAN_POINT ( 'NONE',  ( 27.00229487025398711, -4113.353856060922226, -98.76935127901026590 ) ) ;
#1744 = CARTESIAN_POINT ( 'NONE',  ( 31.50000000000064659, -5149.640000000000327, 110.6017630962545013 ) ) ;
#1745 = DIRECTION ( 'NONE',  ( 1.229331597148917955E-16, -1.000000000000000000, 0.000000000000000000 ) ) ;
#1746 = CIRCLE ( 'NONE', #3274, 2189.304990726157030 ) ;
#1747 = CARTESIAN_POINT ( 'NONE',  ( 100.3971481249762974, -1628.203845882502264, -20.12244137240268316 ) ) ;
#1748 = CARTESIAN_POINT ( 'NONE',  ( 39.37742426927432859, -3001.301185011454436, -94.51930849344070396 ) ) ;
#1749 = FACE_BOUND ( 'NONE', #1165, .T. ) ;
#1750 = CARTESIAN_POINT ( 'NONE',  ( -96.39374999999941451, -4169.474026095070258, 0.000000000000000000 ) ) ;
#1751 = CARTESIAN_POINT ( 'NONE',  ( 112.1614954983810577, -1659.640000000001237, -7.221770325147256919 ) ) ;
#1752 = LINE ( 'NONE', #461, #2751 ) ;
#1753 = ORIENTED_EDGE ( 'NONE', *, *, #3017, .T. ) ;
#1754 = LINE ( 'NONE', #2531, #683 ) ;
#1755 = CYLINDRICAL_SURFACE ( 'NONE', #197, 4.999999999999989342 ) ;
#1756 = CARTESIAN_POINT ( 'NONE',  ( 27.49543037076983509, -4113.375486030196953, -98.63321055033996743 ) ) ;
#1757 = CARTESIAN_POINT ( 'NONE',  ( 25.41199996481595846, -3007.646731625579378, -99.19072624923339276 ) ) ;
#1758 = EDGE_CURVE ( 'NONE', #1648, #1900, #199, .T. ) ;
#1759 = CARTESIAN_POINT ( 'NONE',  ( 101.9171571013923199, -1617.557904527861410, -9.878815514682921517 ) ) ;
#1760 = DIRECTION ( 'NONE',  ( -1.000000000000000000, 0.000000000000000000, 7.993605777301127091E-15 ) ) ;
#1761 = EDGE_CURVE ( 'NONE', #404, #1833, #1211, .T. ) ;
#1762 = CARTESIAN_POINT ( 'NONE',  ( 38.52927515408487835, -3005.661659290274656, -94.86829050301778921 ) ) ;
#1763 = CARTESIAN_POINT ( 'NONE',  ( 101.9414734302256562, -1659.177720733639489, -11.26744641548967074 ) ) ;
#1764 = CARTESIAN_POINT ( 'NONE',  ( 38.78394047685669221, -4108.447611272733411, -94.76448621499514502 ) ) ;
#1765 = CARTESIAN_POINT ( 'NONE',  ( 31.74626193448171563, -3004.512221216180933, -87.55144114579583459 ) ) ;
#1766 = EDGE_CURVE ( 'NONE', #1218, #1338, #1573, .T. ) ;
#1767 = VERTEX_POINT ( 'NONE', #2770 ) ;
#1768 = ORIENTED_EDGE ( 'NONE', *, *, #1257, .T. ) ;
#1769 = CARTESIAN_POINT ( 'NONE',  ( 33.68740269684540323, -4096.640000000000327, -94.53385804099032441 ) ) ;
#1770 = CARTESIAN_POINT ( 'NONE',  ( 106.4705535175864810, -1627.140000000001464, 36.00522563075084292 ) ) ;
#1771 = CARTESIAN_POINT ( 'NONE',  ( 111.3545434926113842, -1627.376162400362773, -8.890261807539971528 ) ) ;
#1772 = CARTESIAN_POINT ( 'NONE',  ( 23.49280937181196549, -4110.849819629775993, -99.66242841697942367 ) ) ;
#1773 = CARTESIAN_POINT ( 'NONE',  ( 41.37629242494635662, -3004.057606581112850, -100.1510338904487440 ) ) ;
#1774 = EDGE_CURVE ( 'NONE', #68, #2978, #1777, .T. ) ;
#1775 = CARTESIAN_POINT ( 'NONE',  ( 41.26013622386423663, -4100.731435090459854, -99.84591207316019279 ) ) ;
#1776 = CARTESIAN_POINT ( 'NONE',  ( 102.1821598593103033, -1669.640000000001237, -6.579228339925900393 ) ) ;
#1777 = LINE ( 'NONE', #3066, #2685 ) ;
#1778 = CARTESIAN_POINT ( 'NONE',  ( 32.71903122306230216, -3006.286577252684765, -87.98428986686569431 ) ) ;
#1779 = CARTESIAN_POINT ( 'NONE',  ( 101.7653689504140715, -1656.599460502122156, -13.30073265867226695 ) ) ;
#1780 =( BOUNDED_CURVE ( )  B_SPLINE_CURVE ( 3, ( #2752, #3011, #740, #1967 ),
 .UNSPECIFIED., .F., .F. ) 
 B_SPLINE_CURVE_WITH_KNOTS ( ( 4, 4 ),
 ( 3.126063737949808186, 3.157121569229769165 ),
 .UNSPECIFIED. ) 
 CURVE ( )  GEOMETRIC_REPRESENTATION_ITEM ( )  RATIONAL_B_SPLINE_CURVE ( ( 1.000000000000000000, 0.9999196192083351642, 0.9999196192083351642, 1.000000000000000000 ) ) 
 REPRESENTATION_ITEM ( '' )  );
#1781 = DIRECTION ( 'NONE',  ( 0.000000000000000000, -1.000000000000000000, 0.000000000000000000 ) ) ;
#1782 = CARTESIAN_POINT ( 'NONE',  ( 28.72212168855326553, -4121.176986450967888, -90.48511471009680918 ) ) ;
#1783 = CARTESIAN_POINT ( 'NONE',  ( -102.3937499999994287, -4189.474026095069348, 5.117434254131580929E-13 ) ) ;
#1784 = CARTESIAN_POINT ( 'NONE',  ( 102.1202501911731844, -1669.640000000001464, -7.540748943799456150 ) ) ;
#1785 = CARTESIAN_POINT ( 'NONE',  ( 91.74971039866251488, -1658.411533520861440, 45.45863631824555284 ) ) ;
#1786 = AXIS2_PLACEMENT_3D ( 'NONE', #453, #926, #1985 ) ;
#1787 = ADVANCED_FACE ( 'NONE', ( #2570 ), #1508, .T. ) ;
#1788 = CARTESIAN_POINT ( 'NONE',  ( 41.31840794120359561, -3012.640000000000327, -93.49898157892477002 ) ) ;
#1789 = AXIS2_PLACEMENT_3D ( 'NONE', #1171, #970, #464 ) ;
#1790 = DIRECTION ( 'NONE',  ( -0.4698983068804856167, -0.3417342897097482846, 0.8138877419075845054 ) ) ;
#1791 = EDGE_CURVE ( 'NONE', #206, #1569, #1413, .T. ) ;
#1792 = DIRECTION ( 'NONE',  ( -0.3417342897097482846, -0.9397966137609635728, 0.000000000000000000 ) ) ;
#1793 = CARTESIAN_POINT ( 'NONE',  ( 34.81840794120358851, -3012.640000000000327, -106.4989815789247700 ) ) ;
#1794 = EDGE_CURVE ( 'NONE', #124, #2928, #2539, .T. ) ;
#1795 = DIRECTION ( 'NONE',  ( 1.229331597148917955E-16, -1.000000000000000000, 0.000000000000000000 ) ) ;
#1796 = AXIS2_PLACEMENT_3D ( 'NONE', #1613, #322, #1844 ) ;
#1797 = CARTESIAN_POINT ( 'NONE',  ( 36.12800416855039742, -4109.829548357372914, -95.80868185015120275 ) ) ;
#1798 = ORIENTED_EDGE ( 'NONE', *, *, #2698, .T. ) ;
#1799 = CARTESIAN_POINT ( 'NONE',  ( 39.25218550298983899, -3000.775497512168840, -94.57138030240108151 ) ) ;
#1800 =( BOUNDED_CURVE ( )  B_SPLINE_CURVE ( 3, ( #1665, #1717, #2727, #2689 ),
 .UNSPECIFIED., .F., .F. ) 
 B_SPLINE_CURVE_WITH_KNOTS ( ( 4, 4 ),
 ( 0.000000000000000000, 0.5395555885977042498 ),
 .UNSPECIFIED. ) 
 CURVE ( )  GEOMETRIC_REPRESENTATION_ITEM ( )  RATIONAL_B_SPLINE_CURVE ( ( 1.000000000000000000, 0.8946452179512337510, 0.8461351973423724138, 0.8544699381734159882 ) ) 
 REPRESENTATION_ITEM ( '' )  );
#1801 = CARTESIAN_POINT ( 'NONE',  ( -111.3937499999994287, -4179.474026095070258, 2.558717127065790969E-13 ) ) ;
#1802 = CARTESIAN_POINT ( 'NONE',  ( 94.29075078797063725, -1667.250222207326033, 39.92348126309513390 ) ) ;
#1803 = CARTESIAN_POINT ( 'NONE',  ( 41.31840794120359561, -3012.640000000000782, -99.99898157892477002 ) ) ;
#1804 = ORIENTED_EDGE ( 'NONE', *, *, #1409, .F. ) ;
#1805 = DIRECTION ( 'NONE',  ( 1.229331597148917955E-16, -1.000000000000000000, 0.000000000000000000 ) ) ;
#1806 = DIRECTION ( 'NONE',  ( 0.000000000000000000, 0.4999999999999770184, -0.8660254037844519193 ) ) ;
#1807 = CARTESIAN_POINT ( 'NONE',  ( 26.38195540158406516, -4100.695031187990026, -98.93740811731834128 ) ) ;
#1808 = CARTESIAN_POINT ( 'NONE',  ( 34.37348184453682620, -4102.199707766259053, -98.83023933435036668 ) ) ;
#1809 = DIRECTION ( 'NONE',  ( 0.000000000000000000, -0.5000000000000207612, -0.8660254037844267172 ) ) ;
#1810 = CARTESIAN_POINT ( 'NONE',  ( 101.7918254564744416, -1654.640000000001464, 40.43240419887396087 ) ) ;
#1811 = VECTOR ( 'NONE', #3096, 1000.000000000000000 ) ;
#1812 = DIRECTION ( 'NONE',  ( -0.4043671605753388354, 0.5881741220021184935, 0.7003844670288420504 ) ) ;
#1813 = ORIENTED_EDGE ( 'NONE', *, *, #826, .F. ) ;
#1814 = CARTESIAN_POINT ( 'NONE',  ( 24.86017719209656107, -4095.900045193886399, -73.84046886211518768 ) ) ;
#1815 = CARTESIAN_POINT ( 'NONE',  ( 103.3138302255503049, -1658.108721506250276, 39.23536793833930147 ) ) ;
#1816 = CARTESIAN_POINT ( 'NONE',  ( 24.65169819746529356, -2995.953164073364860, -99.38235061014184168 ) ) ;
#1817 = CARTESIAN_POINT ( 'NONE',  ( 91.58560475913989762, -1656.547852798295480, 45.78850443918358337 ) ) ;
#1818 = DIRECTION ( 'NONE',  ( 0.8087343211506712315, 0.5881741220021186045, 0.000000000000000000 ) ) ;
#1819 = ORIENTED_EDGE ( 'NONE', *, *, #2233, .F. ) ;
#1820 = CARTESIAN_POINT ( 'NONE',  ( -102.3937499999994429, -4169.474026095070258, 0.000000000000000000 ) ) ;
#1821 = CARTESIAN_POINT ( 'NONE',  ( 30.94082114253530236, -4121.128443660912126, -103.6942151935049168 ) ) ;
#1822 = CARTESIAN_POINT ( 'NONE',  ( -111.3937499999994287, -4179.474026095070258, 8.000000000000259348 ) ) ;
#1823 = CARTESIAN_POINT ( 'NONE',  ( 109.8486185580516974, -1628.817864900626773, -11.29888374268426610 ) ) ;
#1824 = PLANE ( 'NONE',  #2434 ) ;
#1825 = CARTESIAN_POINT ( 'NONE',  ( -102.0268594001716025, -4184.474026095069348, 8.660254037844234531 ) ) ;
#1826 = CARTESIAN_POINT ( 'NONE',  ( 34.36761417562757970, -4108.863623099950019, -96.45401902805829764 ) ) ;
#1827 = ORIENTED_EDGE ( 'NONE', *, *, #1497, .T. ) ;
#1828 = ADVANCED_FACE ( 'NONE', ( #534 ), #50, .T. ) ;
#1829 = CARTESIAN_POINT ( 'NONE',  ( 32.85148334774985557, -3005.312170117798360, -91.52699862135894193 ) ) ;
#1830 = CARTESIAN_POINT ( 'NONE',  ( 34.39003386869482881, -3005.791153735372973, -96.44599944237114642 ) ) ;
#1831 = CARTESIAN_POINT ( 'NONE',  ( 33.68740269684527533, -3012.640000000000782, -104.0538580409903489 ) ) ;
#1832 = CARTESIAN_POINT ( 'NONE',  ( 32.71903122306230216, -3006.286577252684765, -87.98428986686569431 ) ) ;
#1833 = VERTEX_POINT ( 'NONE', #2505 ) ;
#1834 = CARTESIAN_POINT ( 'NONE',  ( 24.15255419885703247, -4098.768417831301122, -94.48044697197752839 ) ) ;
#1835 = AXIS2_PLACEMENT_3D ( 'NONE', #1231, #2971, #3197 ) ;
#1836 = DIRECTION ( 'NONE',  ( 0.000000000000000000, -0.6931896049578412100, 0.7207552785643627224 ) ) ;
#1837 = CARTESIAN_POINT ( 'NONE',  ( 101.1219751514799015, -1621.131055025403612, -16.09143495345738017 ) ) ;
#1838 = CARTESIAN_POINT ( 'NONE',  ( 32.17398977938128724, -2994.124637194684055, -99.55256229447570604 ) ) ;
#1839 = EDGE_CURVE ( 'NONE', #1648, #2231, #3000, .T. ) ;
#1840 = CARTESIAN_POINT ( 'NONE',  ( 49.81372173996698649, 6.293034761108672566E-15, 89.45989696772306843 ) ) ;
#1841 = CARTESIAN_POINT ( 'NONE',  ( 33.42703761631439363, -4106.729122829654443, -96.78385125090559882 ) ) ;
#1842 = VERTEX_POINT ( 'NONE', #2259 ) ;
#1843 = CYLINDRICAL_SURFACE ( 'NONE', #1041, 9.750000000000001776 ) ;
#1844 = DIRECTION ( 'NONE',  ( 0.000000000000000000, 1.000000000000000000, -1.590872150442206789E-17 ) ) ;
#1845 = CIRCLE ( 'NONE', #93, 4.999999999999997335 ) ;
#1846 = VECTOR ( 'NONE', #3210, 999.9999999999998863 ) ;
#1847 = CARTESIAN_POINT ( 'NONE',  ( 23.29103710966193574, -2997.956835124080499, -99.70968172321822465 ) ) ;
#1848 = CARTESIAN_POINT ( 'NONE',  ( 41.37629242494634951, -3000.452818647492222, -106.6510338904487440 ) ) ;
#1849 = AXIS2_PLACEMENT_3D ( 'NONE', #2367, #2122, #1806 ) ;
#1850 = CARTESIAN_POINT ( 'NONE',  ( 93.65472769769013439, -1620.798289795974597, 41.39326938313033821 ) ) ;
#1851 = CARTESIAN_POINT ( 'NONE',  ( 21.70372093894737375, -4118.578546682448177, -104.7118252279833825 ) ) ;
#1852 = AXIS2_PLACEMENT_3D ( 'NONE', #131, #1143, #1907 ) ;
#1853 = CARTESIAN_POINT ( 'NONE',  ( 23.55955427549001868, -4104.365777807088307, -99.64666124493982124 ) ) ;
#1854 = CARTESIAN_POINT ( 'NONE',  ( 51.65796314930713606, -5691.409629252381819, 88.41413157963425817 ) ) ;
#1855 = ADVANCED_FACE ( 'NONE', ( #2785 ), #99, .F. ) ;
#1856 = CARTESIAN_POINT ( 'NONE',  ( 110.7620244085600234, -1627.790928912290383, -9.915857780588643422 ) ) ;
#1857 = CARTESIAN_POINT ( 'NONE',  ( -241.2999999999993008, -5792.430000000000291, -1.590000000000000080 ) ) ;
#1858 = DIRECTION ( 'NONE',  ( -0.9617544617065607593, 0.000000000000000000, 0.2739130434782606760 ) ) ;
#1859 = CARTESIAN_POINT ( 'NONE',  ( 34.81840794120372351, -4096.640000000000327, -99.99898157892477002 ) ) ;
#1860 = VERTEX_POINT ( 'NONE', #577 ) ;
#1861 = DIRECTION ( 'NONE',  ( 1.000000000000000000, 1.229331597148918448E-16, 0.000000000000000000 ) ) ;
#1862 = CIRCLE ( 'NONE', #961, 4.760000000000013998 ) ;
#1863 = DIRECTION ( 'NONE',  ( 0.1305261922200512958, 0.000000000000000000, -0.9914448613738103822 ) ) ;
#1864 = ADVANCED_FACE ( 'NONE', ( #1078 ), #1125, .T. ) ;
#1865 = CARTESIAN_POINT ( 'NONE',  ( 33.60072345666042537, -3004.157985183751862, -103.7420668495095128 ) ) ;
#1866 = ORIENTED_EDGE ( 'NONE', *, *, #1320, .F. ) ;
#1867 = DIRECTION ( 'NONE',  ( -0.06425419852213540284, 2.613674246397738764E-18, -0.9979335639070759933 ) ) ;
#1868 = CARTESIAN_POINT ( 'NONE',  ( 104.4230643131014773, -1627.790151144271476, 38.24374572782849668 ) ) ;
#1869 = PLANE ( 'NONE',  #2965 ) ;
#1870 = EDGE_CURVE ( 'NONE', #2182, #2232, #640, .T. ) ;
#1871 = CARTESIAN_POINT ( 'NONE',  ( 102.3937500000001108, -1617.140000000001464, -1.968407016716199692E-31 ) ) ;
#1872 = CYLINDRICAL_SURFACE ( 'NONE', #2577, 5.000000000000004441 ) ;
#1873 = CARTESIAN_POINT ( 'NONE',  ( 109.9343266672707387, -1628.698140160668572, -11.17671501292091030 ) ) ;
#1874 = CARTESIAN_POINT ( 'NONE',  ( 101.7918254564746121, -1654.640000000001464, 40.43240419887398218 ) ) ;
#1875 = CARTESIAN_POINT ( 'NONE',  ( 33.58375895255151278, -4107.426026480827204, -96.72959695393062418 ) ) ;
#1876 = ORIENTED_EDGE ( 'NONE', *, *, #2034, .F. ) ;
#1877 = CARTESIAN_POINT ( 'NONE',  ( 101.7918254564744416, -1654.640000000001464, 40.43240419887396087 ) ) ;
#1878 = CARTESIAN_POINT ( 'NONE',  ( 101.7918254564746121, -1655.018379076899009, 40.43240419887398218 ) ) ;
#1879 = CARTESIAN_POINT ( 'NONE',  ( 51.65796314930862110, -5691.409629252383638, -88.41413157963343394 ) ) ;
#1880 = ORIENTED_EDGE ( 'NONE', *, *, #3115, .T. ) ;
#1881 = LINE ( 'NONE', #1434, #2276 ) ;
#1882 = EDGE_CURVE ( 'NONE', #3201, #800, #1655, .T. ) ;
#1883 = CARTESIAN_POINT ( 'NONE',  ( 95.80134269980909778, -1627.180628399007219, 36.53482680561988616 ) ) ;
#1884 = CARTESIAN_POINT ( 'NONE',  ( 33.47108862692538622, -3003.370431532685870, -96.76862886875991876 ) ) ;
#1885 = AXIS2_PLACEMENT_3D ( 'NONE', #594, #1374, #2387 ) ;
#1886 = DIRECTION ( 'NONE',  ( 0.8660254037844363761, 0.000000000000000000, 0.5000000000000041078 ) ) ;
#1887 = EDGE_CURVE ( 'NONE', #1718, #2250, #1255, .T. ) ;
#1888 = CARTESIAN_POINT ( 'NONE',  ( 109.6827809429132543, -1629.069360526407763, -11.53159813168270809 ) ) ;
#1889 = CARTESIAN_POINT ( 'NONE',  ( 96.62098370910919698, -1660.011802053033534, 33.97764414143026812 ) ) ;
#1890 = CARTESIAN_POINT ( 'NONE',  ( 33.80738754086465292, -4076.186548935350402, -86.76885806515733179 ) ) ;
#1891 = ORIENTED_EDGE ( 'NONE', *, *, #1344, .F. ) ;
#1892 = CARTESIAN_POINT ( 'NONE',  ( -2086.911240726156848, -661.7082557662934050, 0.000000000000000000 ) ) ;
#1893 = FACE_BOUND ( 'NONE', #27, .T. ) ;
#1894 = B_SPLINE_CURVE_WITH_KNOTS ( 'NONE', 3,
 ( #1671, #2150, #2183, #884, #177, #1651, #1204, #869, #2961, #2413, #1899, #122, #902, #2944, #2398, #3205, #2661, #408, #393, #160 ),
 .UNSPECIFIED., .F., .F.,
 ( 4, 2, 2, 2, 2, 2, 2, 2, 2, 4 ),
 ( 6.938893903907228378E-18, 0.001114970855261659738, 0.002229941710523312536, 0.003344912565784965118, 0.004459883421046618134, 0.005574854276308270282, 0.006689825131569923297, 0.007247310559200745468, 0.007804795986831567639, 0.008919766842093220655 ),
 .UNSPECIFIED. ) ;
#1895 = ORIENTED_EDGE ( 'NONE', *, *, #493, .T. ) ;
#1896 = CARTESIAN_POINT ( 'NONE',  ( 39.39476444671903721, -5149.640000000000327, 94.51207633551418041 ) ) ;
#1897 = EDGE_LOOP ( 'NONE', ( #2168, #1249, #394, #2962 ) ) ;
#1898 = VECTOR ( 'NONE', #2110, 999.9999999999998863 ) ;
#1899 = CARTESIAN_POINT ( 'NONE',  ( 103.0951468579346653, -1628.901952767173270, 39.41744946676459449 ) ) ;
#1900 = VERTEX_POINT ( 'NONE', #1518 ) ;
#1901 = CARTESIAN_POINT ( 'NONE',  ( 95.55167223419911693, -1627.602279266252935, 37.26791229862877231 ) ) ;
#1902 = LINE ( 'NONE', #2417, #1954 ) ;
#1903 =( BOUNDED_CURVE ( )  B_SPLINE_CURVE ( 3, ( #3188, #1927, #443, #190 ),
 .UNSPECIFIED., .F., .F. ) 
 B_SPLINE_CURVE_WITH_KNOTS ( ( 4, 4 ),
 ( 0.000000000000000000, 0.6636036877361174424 ),
 .UNSPECIFIED. ) 
 CURVE ( )  GEOMETRIC_REPRESENTATION_ITEM ( )  RATIONAL_B_SPLINE_CURVE ( ( 1.000000000000000000, 0.9094872582325430610, 0.8790391056890773935, 0.9086555423696029976 ) ) 
 REPRESENTATION_ITEM ( '' )  );
#1904 = PLANE ( 'NONE',  #2682 ) ;
#1905 = CARTESIAN_POINT ( 'NONE',  ( 27.16790458817477472, -4113.367839146139886, -98.72392757092566740 ) ) ;
#1906 = CARTESIAN_POINT ( 'NONE',  ( 92.86083389074593697, -1663.851918420680477, 43.14435157891534089 ) ) ;
#1907 = DIRECTION ( 'NONE',  ( 0.000000000000000000, 0.000000000000000000, 1.000000000000000000 ) ) ;
#1908 = EDGE_LOOP ( 'NONE', ( #2463, #883, #2299, #2112 ) ) ;
#1909 = CARTESIAN_POINT ( 'NONE',  ( 78.19075809532100152, -1627.140000000001464, 37.32526473504972842 ) ) ;
#1910 = CARTESIAN_POINT ( 'NONE',  ( 102.1012631862846831, -1660.055341486444149, -8.344464205397246204 ) ) ;
#1911 = ORIENTED_EDGE ( 'NONE', *, *, #1032, .F. ) ;
#1912 = VERTEX_POINT ( 'NONE', #449 ) ;
#1913 = DIRECTION ( 'NONE',  ( 0.000000000000000000, 0.000000000000000000, 1.000000000000000000 ) ) ;
#1914 = ORIENTED_EDGE ( 'NONE', *, *, #1774, .F. ) ;
#1915 = LINE ( 'NONE', #1152, #2485 ) ;
#1916 = ORIENTED_EDGE ( 'NONE', *, *, #240, .T. ) ;
#1917 = DIRECTION ( 'NONE',  ( -1.000000000000000000, 0.000000000000000000, 0.000000000000000000 ) ) ;
#1918 = CARTESIAN_POINT ( 'NONE',  ( 34.34212009431546875, -2999.293789482724605, -96.46309935096462596 ) ) ;
#1919 = CARTESIAN_POINT ( 'NONE',  ( 36.91888226596611133, -4284.640000000000327, 85.81884032250270877 ) ) ;
#1920 = CARTESIAN_POINT ( 'NONE',  ( 103.5316782930269994, -1658.309648324865975, 39.04764286040829546 ) ) ;
#1921 = CARTESIAN_POINT ( 'NONE',  ( 29.36652196497624701, -4096.021028550566371, -68.60348882766109568 ) ) ;
#1922 = CARTESIAN_POINT ( 'NONE',  ( 8.134588669078021102E-14, -661.7082557662934050, 0.000000000000000000 ) ) ;
#1923 = DIRECTION ( 'NONE',  ( 1.000000000000000000, 0.000000000000000000, 0.000000000000000000 ) ) ;
#1924 = VERTEX_POINT ( 'NONE', #3027 ) ;
#1925 = ADVANCED_FACE ( 'NONE', ( #514 ), #2767, .T. ) ;
#1926 = ORIENTED_EDGE ( 'NONE', *, *, #271, .F. ) ;
#1927 = CARTESIAN_POINT ( 'NONE',  ( 33.63278391323536454, -3007.295267733810761, -103.8573905179403880 ) ) ;
#1928 = ADVANCED_FACE ( 'NONE', ( #1456 ), #2254, .T. ) ;
#1929 = EDGE_LOOP ( 'NONE', ( #1432, #1866, #1668, #2117 ) ) ;
#1930 = CARTESIAN_POINT ( 'NONE',  ( 146.4996348730787190, -1632.140000000001237, -2.701068513964176798 ) ) ;
#1931 = VERTEX_POINT ( 'NONE', #2666 ) ;
#1932 = PLANE ( 'NONE',  #1789 ) ;
#1933 = DIRECTION ( 'NONE',  ( -0.4698983068804856167, -0.3417342897097482846, 0.8138877419075845054 ) ) ;
#1934 = PRESENTATION_STYLE_ASSIGNMENT (( #2470 ) ) ;
#1935 = CARTESIAN_POINT ( 'NONE',  ( 22.72133097342596741, -4109.406391788466863, -98.85223854536276633 ) ) ;
#1936 = CARTESIAN_POINT ( 'NONE',  ( 102.8544783913115310, -1657.578294514272329, 39.61296657807475441 ) ) ;
#1937 = CARTESIAN_POINT ( 'NONE',  ( 100.4865635342740546, -1632.140000000001237, 50.34685281261208445 ) ) ;
#1938 = EDGE_CURVE ( 'NONE', #311, #1842, #196, .T. ) ;
#1939 = PLANE ( 'NONE',  #2223 ) ;
#1940 = CARTESIAN_POINT ( 'NONE',  ( 102.1087534893469666, -1660.047112366091596, -8.159368348399986814 ) ) ;
#1941 = VECTOR ( 'NONE', #1691, 1000.000000000000000 ) ;
#1942 = EDGE_LOOP ( 'NONE', ( #556, #2945, #2192, #405 ) ) ;
#1943 = ORIENTED_EDGE ( 'NONE', *, *, #1409, .T. ) ;
#1944 = CARTESIAN_POINT ( 'NONE',  ( 41.11838240381256071, -4110.684403357844531, -99.47354983353142188 ) ) ;
#1945 = EDGE_LOOP ( 'NONE', ( #2234, #1819, #2412, #2943 ) ) ;
#1946 = DIRECTION ( 'NONE',  ( -0.000000000000000000, -1.000000000000000000, 0.000000000000000000 ) ) ;
#1947 = ORIENTED_EDGE ( 'NONE', *, *, #576, .T. ) ;
#1948 = CARTESIAN_POINT ( 'NONE',  ( 16.31265736576148839, -4284.640000000000327, 101.0859893789925081 ) ) ;
#1949 = CIRCLE ( 'NONE', #310, 8.000000000000001776 ) ;
#1950 = CARTESIAN_POINT ( 'NONE',  ( 34.19678034615450457, -2999.477925911965940, -96.51465528984203956 ) ) ;
#1951 = DIRECTION ( 'NONE',  ( 0.000000000000000000, 0.3003677613050809714, -0.9538234679271495597 ) ) ;
#1952 = AXIS2_PLACEMENT_3D ( 'NONE', #2931, #1438, #1156 ) ;
#1953 = LINE ( 'NONE', #2969, #854 ) ;
#1954 = VECTOR ( 'NONE', #1172, 1000.000000000000000 ) ;
#1955 = CARTESIAN_POINT ( 'NONE',  ( 106.4705535175864952, -1659.640000000001237, 36.00522563075084292 ) ) ;
#1956 = CARTESIAN_POINT ( 'NONE',  ( 34.00250026511570667, -3006.390303778380257, -91.35573627175999434 ) ) ;
#1957 = CARTESIAN_POINT ( 'NONE',  ( 23.99916385082617154, -4264.640000000001237, 128.0745979281654172 ) ) ;
#1958 = ORIENTED_EDGE ( 'NONE', *, *, #1549, .T. ) ;
#1959 = VERTEX_POINT ( 'NONE', #2021 ) ;
#1960 = CARTESIAN_POINT ( 'NONE',  ( 36.53675860419847510, -4101.444826613368605, -80.93843361204910991 ) ) ;
#1961 = VERTEX_POINT ( 'NONE', #1242 ) ;
#1962 = SHAPE_DEFINITION_REPRESENTATION ( #1228, #825 ) ;
#1963 = ORIENTED_EDGE ( 'NONE', *, *, #1970, .T. ) ;
#1964 = ORIENTED_EDGE ( 'NONE', *, *, #2174, .T. ) ;
#1965 = ADVANCED_FACE ( 'NONE', ( #1226, #1209 ), #216, .T. ) ;
#1966 = CARTESIAN_POINT ( 'NONE',  ( 112.1614954983810577, -1659.640000000001237, -7.221770325147256919 ) ) ;
#1967 = CARTESIAN_POINT ( 'NONE',  ( 52.56768252400200936, -5944.544384651105247, 87.86989696772407399 ) ) ;
#1968 = CARTESIAN_POINT ( 'NONE',  ( 22.80897236604061362, -4107.569411382478393, -99.82099792952439543 ) ) ;
#1969 = VECTOR ( 'NONE', #1745, 1000.000000000000000 ) ;
#1970 = EDGE_CURVE ( 'NONE', #2182, #311, #2868, .T. ) ;
#1971 = CARTESIAN_POINT ( 'NONE',  ( 101.7263808191677725, -1618.169942937651058, -11.67941722742613209 ) ) ;
#1972 = DIRECTION ( 'NONE',  ( -1.000000000000000000, -1.229331597148917955E-16, 0.000000000000000000 ) ) ;
#1973 = CARTESIAN_POINT ( 'NONE',  ( 100.9644581194024084, -1664.628368065196128, -17.06143873064795002 ) ) ;
#1974 = ORIENTED_EDGE ( 'NONE', *, *, #2842, .T. ) ;
#1975 = CARTESIAN_POINT ( 'NONE',  ( 109.9506111270046489, -1658.111821811470918, -11.15565233337456341 ) ) ;
#1976 = EDGE_LOOP ( 'NONE', ( #2980, #2248, #444, #1219 ) ) ;
#1977 = ORIENTED_EDGE ( 'NONE', *, *, #826, .T. ) ;
#1978 = ORIENTED_EDGE ( 'NONE', *, *, #501, .T. ) ;
#1979 = CARTESIAN_POINT ( 'NONE',  ( 39.39476444671940669, -4284.640000000000327, 94.51207633551396725 ) ) ;
#1980 = LINE ( 'NONE', #691, #724 ) ;
#1981 = CARTESIAN_POINT ( 'NONE',  ( 22.91293206884867928, -4106.564335762299379, -99.79720580023487742 ) ) ;
#1982 = LINE ( 'NONE', #1276, #262 ) ;
#1983 = CARTESIAN_POINT ( 'NONE',  ( 100.2979698085751323, -1631.179118376953511, -20.61061113457535043 ) ) ;
#1984 = EDGE_CURVE ( 'NONE', #159, #2508, #2003, .T. ) ;
#1985 = DIRECTION ( 'NONE',  ( 0.1305261922200539326, 0.000000000000000000, -0.9914448613738100491 ) ) ;
#1986 = CARTESIAN_POINT ( 'NONE',  ( -102.3937499999991871, -6009.640000000001237, 1.253961781901941949E-14 ) ) ;
#1987 = CARTESIAN_POINT ( 'NONE',  ( 100.3943565267701814, -1658.616292470790086, -20.13679300422156970 ) ) ;
#1988 = LINE ( 'NONE', #2788, #673 ) ;
#1989 = AXIS2_PLACEMENT_3D ( 'NONE', #365, #939, #1190 ) ;
#1990 = CARTESIAN_POINT ( 'NONE',  ( 108.8268398144512190, -1655.389590999656093, -12.66069481223938453 ) ) ;
#1991 = B_SPLINE_CURVE_WITH_KNOTS ( 'NONE', 3,
 ( #111, #1389, #639, #77, #1091, #657, #908, #2420, #2881, #2665, #607, #2636, #398, #1658, #2683, #1405, #1140, #2370, #1677, #147, #2154, #2108, #2354, #1159 ),
 .UNSPECIFIED., .F., .F.,
 ( 4, 2, 2, 2, 2, 2, 2, 2, 2, 2, 2, 4 ),
 ( 0.000000000000000000, 0.002872657517808270469, 0.005745315035616540937, 0.007181643794520356332, 0.008617972553424170859, 0.01149063007123181206, 0.01292695883013537765, 0.01436328758903894325, 0.01723594510684569800, 0.01867227386574907277, 0.02010860262465244755, 0.02298126014245902016 ),
 .UNSPECIFIED. ) ;
#1992 = CIRCLE ( 'NONE', #2421, 4.999999999999989342 ) ;
#1993 =( LENGTH_UNIT ( ) NAMED_UNIT ( * ) SI_UNIT ( .MILLI., .METRE. ) );
#1994 = VERTEX_POINT ( 'NONE', #2408 ) ;
#1995 = ORIENTED_EDGE ( 'NONE', *, *, #3203, .F. ) ;
#1996 = AXIS2_PLACEMENT_3D ( 'NONE', #1750, #1029, #2543 ) ;
#1997 = EDGE_CURVE ( 'NONE', #1672, #2069, #3218, .T. ) ;
#1998 = DIRECTION ( 'NONE',  ( 1.229331597148917955E-16, -1.000000000000000000, 0.000000000000000000 ) ) ;
#1999 = CARTESIAN_POINT ( 'NONE',  ( 96.37283106272160182, -1669.533737002363978, 34.60677601540859172 ) ) ;
#2000 = CARTESIAN_POINT ( 'NONE',  ( 23.84603422675029449, -4111.416657631329144, -99.57839836953654356 ) ) ;
#2001 = DIRECTION ( 'NONE',  ( 1.208387367954123044E-16, -1.000000000000000000, 1.590872150442208330E-17 ) ) ;
#2002 = ADVANCED_FACE ( 'NONE', ( #455 ), #912, .T. ) ;
#2003 = B_SPLINE_CURVE_WITH_KNOTS ( 'NONE', 3,
 ( #972, #1981, #1726, #1968, #2736, #2983, #2533, #707, #988, #2237, #1772, #466, #2000, #741, #2487, #1474, #2781, #1141, #2155, #2996, #3012, #1743, #1905, #1756, #891, #2753, #499, #243, #1504, #2515, #2038, #1022, #11, #264, #1275, #2290, #662, #3184, #2161, #1446 ),
 .UNSPECIFIED., .F., .F.,
 ( 4, 2, 2, 2, 2, 2, 2, 2, 2, 2, 2, 2, 2, 2, 2, 2, 2, 2, 2, 4 ),
 ( 0.01869858306474404819, 0.01970275804497268607, 0.02070693302520132048, 0.02171110800542995489, 0.02271528298565859277, 0.02371945796588723065, 0.02422154545600042203, 0.02472363294611361687, 0.02572780792633999614, 0.02673198290656637541, 0.02773615788679275468, 0.02823824537690594952, 0.02874033286701914436, 0.02974450784724578384, 0.03074868282747241985, 0.03175285780769905586, 0.03275703278792569534, 0.03376120776815233482, 0.03426329525826565803, 0.03476538274837898124 ),
 .UNSPECIFIED. ) ;
#2004 = CARTESIAN_POINT ( 'NONE',  ( 119.2730196079833860, -5894.030000000000655, -209.7669299331839454 ) ) ;
#2005 = AXIS2_PLACEMENT_3D ( 'NONE', #1327, #1061, #1836 ) ;
#2006 = ADVANCED_FACE ( 'NONE', ( #1893, #897 ), #2209, .F. ) ;
#2007 = DIRECTION ( 'NONE',  ( 1.229331597148917955E-16, -1.000000000000000000, 0.000000000000000000 ) ) ;
#2008 = LINE ( 'NONE', #3232, #2329 ) ;
#2009 = TOROIDAL_SURFACE ( 'NONE', #575, 112.3937499999999261, 10.00000000000000000 ) ;
#2010 = CARTESIAN_POINT ( 'NONE',  ( 109.1894159894511205, -1656.733803992201956, -12.19570467375485201 ) ) ;
#2011 = CARTESIAN_POINT ( 'NONE',  ( -102.3937499999999403, -1.258758722255669386E-14, 1.253961781901942107E-14 ) ) ;
#2012 = CARTESIAN_POINT ( 'NONE',  ( 33.68740269684527533, -3012.640000000000782, -104.0538580409903489 ) ) ;
#2013 = AXIS2_PLACEMENT_3D ( 'NONE', #814, #98, #1364 ) ;
#2014 = EDGE_CURVE ( 'NONE', #2662, #1184, #1163, .T. ) ;
#2015 = APPLICATION_PROTOCOL_DEFINITION ( 'draft international standard', 'automotive_design', 1998, #3215 ) ;
#2016 = ORIENTED_EDGE ( 'NONE', *, *, #1132, .T. ) ;
#2017 = VERTEX_POINT ( 'NONE', #2191 ) ;
#2018 = LINE ( 'NONE', #1003, #2525 ) ;
#2019 = DIRECTION ( 'NONE',  ( -0.1936857704989243534, -0.7071067811865459074, -0.6800631017091283148 ) ) ;
#2020 = CARTESIAN_POINT ( 'NONE',  ( 110.4713400004603869, -1628.061872149116880, -10.37851257951376382 ) ) ;
#2021 = CARTESIAN_POINT ( 'NONE',  ( 33.68740269684527533, -3012.640000000000782, -104.0538580409903489 ) ) ;
#2022 = CARTESIAN_POINT ( 'NONE',  ( 49.81372173996758335, -5944.544384651105247, 89.45989696772343791 ) ) ;
#2023 = CARTESIAN_POINT ( 'NONE',  ( -102.2713800226108418, -4172.810848017333228, -5.779545105169717978 ) ) ;
#2024 = AXIS2_PLACEMENT_3D ( 'NONE', #2955, #646, #698 ) ;
#2025 = DIRECTION ( 'NONE',  ( -0.9914448613738103822, -1.218814494917753813E-16, -0.1305261922200525726 ) ) ;
#2026 = CARTESIAN_POINT ( 'NONE',  ( 108.9418861695624088, -1630.827948627497790, -12.51494698915976755 ) ) ;
#2027 = CARTESIAN_POINT ( 'NONE',  ( 38.32594381932929650, -2991.789941421755429, -98.63830705160833645 ) ) ;
#2028 = CARTESIAN_POINT ( 'NONE',  ( 101.8723568966548072, -1658.417210796993231, -12.13954907861434762 ) ) ;
#2029 = VERTEX_POINT ( 'NONE', #2709 ) ;
#2030 = CARTESIAN_POINT ( 'NONE',  ( 24.17265942309821014, -4108.697416773508849, -78.53448115641859317 ) ) ;
#2031 =( BOUNDED_CURVE ( )  B_SPLINE_CURVE ( 3, ( #2591, #1045, #3132, #3116 ),
 .UNSPECIFIED., .F., .F. ) 
 B_SPLINE_CURVE_WITH_KNOTS ( ( 4, 4 ),
 ( 6.267656391539603966, 6.283185307179586232 ),
 .UNSPECIFIED. ) 
 CURVE ( )  GEOMETRIC_REPRESENTATION_ITEM ( )  RATIONAL_B_SPLINE_CURVE ( ( 1.000000000000000000, 0.9999799044992118136, 0.9999799044992118136, 1.000000000000000000 ) ) 
 REPRESENTATION_ITEM ( '' )  );
#2032 = DIRECTION ( 'NONE',  ( -0.2739130434782606760, -0.000000000000000000, -0.9617544617065607593 ) ) ;
#2033 = ORIENTED_EDGE ( 'NONE', *, *, #3057, .F. ) ;
#2034 = EDGE_CURVE ( 'NONE', #3201, #159, #1800, .T. ) ;
#2035 = CARTESIAN_POINT ( 'NONE',  ( 20.71212417522638560, -4109.350955156303826, -91.62498343553382085 ) ) ;
#2036 = CARTESIAN_POINT ( 'NONE',  ( 31.50000000000054001, -4284.640000000000327, 110.6017630962545013 ) ) ;
#2037 = CARTESIAN_POINT ( 'NONE',  ( 91.86496295261220268, -1659.331384462020424, 45.22527563064861766 ) ) ;
#2038 = CARTESIAN_POINT ( 'NONE',  ( 30.19593810564581204, -4112.311047667821185, -97.84040295003104859 ) ) ;
#2039 = CARTESIAN_POINT ( 'NONE',  ( 27.07289032549153518, -3008.807011271419015, -98.75009885644313101 ) ) ;
#2040 = EDGE_CURVE ( 'NONE', #1718, #121, #421, .T. ) ;
#2041 = CARTESIAN_POINT ( 'NONE',  ( 23.99916385082627457, -5149.640000000000327, 128.0745979281654172 ) ) ;
#2042 = PLANE ( 'NONE',  #2062 ) ;
#2043 = CARTESIAN_POINT ( 'NONE',  ( 100.4841615870322045, -1626.778792743217082, -19.68368031903727911 ) ) ;
#2044 = FACE_BOUND ( 'NONE', #720, .T. ) ;
#2045 = FACE_BOUND ( 'NONE', #931, .T. ) ;
#2046 = CARTESIAN_POINT ( 'NONE',  ( 36.79259517684731406, -4109.813852931514703, -95.55521466888632176 ) ) ;
#2047 = ORIENTED_EDGE ( 'NONE', *, *, #709, .T. ) ;
#2048 = CARTESIAN_POINT ( 'NONE',  ( 19.62319715764315475, -4096.217847096049809, -66.58384760274037717 ) ) ;
#2049 = AXIS2_PLACEMENT_3D ( 'NONE', #1303, #1053, #774 ) ;
#2050 = CARTESIAN_POINT ( 'NONE',  ( 24.16740269684537878, -4096.640000000000327, -94.53385804099032441 ) ) ;
#2051 = CARTESIAN_POINT ( 'NONE',  ( 92.77957349811876497, -1663.586628110281026, 43.31875369769504402 ) ) ;
#2052 = AXIS2_PLACEMENT_3D ( 'NONE', #1922, #2007, #3032 ) ;
#2053 = DIRECTION ( 'NONE',  ( -0.9914448613738100491, 0.000000000000000000, -0.1305261922200542934 ) ) ;
#2054 = ORIENTED_EDGE ( 'NONE', *, *, #3203, .T. ) ;
#2055 = DIRECTION ( 'NONE',  ( -0.9472995919932055697, 0.000000000000000000, -0.3203490018862337751 ) ) ;
#2056 = DIRECTION ( 'NONE',  ( -1.208387367954123044E-16, 1.000000000000000000, -1.590872150442211719E-17 ) ) ;
#2057 = CARTESIAN_POINT ( 'NONE',  ( -111.3937499999994287, -4179.474026095070258, 2.558717127065790969E-13 ) ) ;
#2058 = CARTESIAN_POINT ( 'NONE',  ( 101.8312716968455902, -1628.906923073580629, -12.61212053638260322 ) ) ;
#2059 =( GEOMETRIC_REPRESENTATION_CONTEXT ( 3 ) GLOBAL_UNCERTAINTY_ASSIGNED_CONTEXT ( ( #1604 ) ) GLOBAL_UNIT_ASSIGNED_CONTEXT ( ( #1993, #2266, #770 ) ) REPRESENTATION_CONTEXT ( 'NONE', 'WORKASPACE' ) );
#2060 = CARTESIAN_POINT ( 'NONE',  ( -102.3814042639701256, -5944.544384651105247, 1.590000000000000080 ) ) ;
#2061 = CARTESIAN_POINT ( 'NONE',  ( 122.0269803920149627, -5792.430000000000291, 208.1769299331855620 ) ) ;
#2062 = AXIS2_PLACEMENT_3D ( 'NONE', #779, #1792, #1042 ) ;
#2063 = CARTESIAN_POINT ( 'NONE',  ( 34.87686314862964565, -4109.328637444274136, -96.27111668980894876 ) ) ;
#2064 = ORIENTED_EDGE ( 'NONE', *, *, #1644, .F. ) ;
#2065 = CARTESIAN_POINT ( 'NONE',  ( 101.7918254564744416, -1654.640000000001464, 40.43240419887396087 ) ) ;
#2066 = CARTESIAN_POINT ( 'NONE',  ( 33.60072345666042537, -2999.866646067351667, -113.2620668495095373 ) ) ;
#2067 = CARTESIAN_POINT ( 'NONE',  ( -102.0268594001716025, -4174.474026095069348, 8.660254037844234531 ) ) ;
#2068 = CARTESIAN_POINT ( 'NONE',  ( 35.23675010434657651, -4101.484832187862594, -96.13981082025114233 ) ) ;
#2069 = VERTEX_POINT ( 'NONE', #2146 ) ;
#2070 = CARTESIAN_POINT ( 'NONE',  ( 52.56768252400319597, -5944.544384651105247, -87.86989696772243974 ) ) ;
#2071 = CARTESIAN_POINT ( 'NONE',  ( 27.09241570349019312, -4121.073007028749998, -89.85123601438039032 ) ) ;
#2072 = CARTESIAN_POINT ( 'NONE',  ( 29.95308629603157158, -4102.104388650606779, -97.91506898655737245 ) ) ;
#2073 = EDGE_CURVE ( 'NONE', #848, #1642, #133, .T. ) ;
#2074 = CARTESIAN_POINT ( 'NONE',  ( 102.0774218634585111, -1626.735714865531236, -8.908862889202509905 ) ) ;
#2075 = CARTESIAN_POINT ( 'NONE',  ( 41.31840794120359561, -3012.640000000000782, -99.99898157892477002 ) ) ;
#2076 = CIRCLE ( 'NONE', #1652, 4.999999999999997335 ) ;
#2077 = LINE ( 'NONE', #1840, #1811 ) ;
#2078 = AXIS2_PLACEMENT_3D ( 'NONE', #796, #1544, #1561 ) ;
#2079 = CARTESIAN_POINT ( 'NONE',  ( 41.11838240381257492, -4104.525222403179214, -92.97354983353140767 ) ) ;
#2080 = ORIENTED_EDGE ( 'NONE', *, *, #3209, .T. ) ;
#2081 = CARTESIAN_POINT ( 'NONE',  ( 30.72784599183840015, -4112.537169358216488, -89.25379807522200792 ) ) ;
#2082 = CARTESIAN_POINT ( 'NONE',  ( 36.87642055907731731, -3007.248086825363771, -95.52291361346932774 ) ) ;
#2083 = CARTESIAN_POINT ( 'NONE',  ( 29.81466334561710241, -2995.664964787295503, -97.95706997602005117 ) ) ;
#2084 = CARTESIAN_POINT ( 'NONE',  ( 35.88480837269557355, -4101.091614496358488, -95.89982921130913951 ) ) ;
#2085 = ORIENTED_EDGE ( 'NONE', *, *, #2534, .T. ) ;
#2086 = ADVANCED_FACE ( 'NONE', ( #2460 ), #629, .F. ) ;
#2087 = CARTESIAN_POINT ( 'NONE',  ( 51.65796314930857847, -5944.538398893395424, -88.41413157963347658 ) ) ;
#2088 = FACE_OUTER_BOUND ( 'NONE', #969, .T. ) ;
#2089 = CARTESIAN_POINT ( 'NONE',  ( 31.83871762963111962, -4106.306330369418902, -97.31795711468623722 ) ) ;
#2090 = CARTESIAN_POINT ( 'NONE',  ( 143.6541638826816438, -1654.640000000001464, 18.91242946398424252 ) ) ;
#2091 = DIRECTION ( 'NONE',  ( 1.064632392805845829E-16, -0.8660254037844267172, 0.5000000000000207612 ) ) ;
#2092 = CARTESIAN_POINT ( 'NONE',  ( -102.2713800226108134, -4186.137204172804559, 5.779545105170236674 ) ) ;
#2093 = CARTESIAN_POINT ( 'NONE',  ( 35.69461467187052506, -4088.417115210944758, -78.72627029527195930 ) ) ;
#2094 = ORIENTED_EDGE ( 'NONE', *, *, #997, .T. ) ;
#2095 = CARTESIAN_POINT ( 'NONE',  ( 33.57494940731825750, -3003.834057834736086, -96.73263570976720871 ) ) ;
#2096 = CARTESIAN_POINT ( 'NONE',  ( 34.01399580143586832, -3005.091966107792359, -96.57921415053857572 ) ) ;
#2097 = CARTESIAN_POINT ( 'NONE',  ( 24.39956453874509634, -2996.199216944439286, -99.44442173774852733 ) ) ;
#2098 = CARTESIAN_POINT ( 'NONE',  ( 34.87629242494636372, -3001.825117999263966, -106.6510338904487440 ) ) ;
#2099 = ADVANCED_FACE ( 'NONE', ( #1028, #2045, #3050, #3233, #782, #1749 ), #1481, .T. ) ;
#2100 = AXIS2_PLACEMENT_3D ( 'NONE', #887, #1657, #1155 ) ;
#2101 = DIRECTION ( 'NONE',  ( -4.270088556250605644E-16, 1.000000000000000000, 2.135044278125303068E-16 ) ) ;
#2102 = CARTESIAN_POINT ( 'NONE',  ( 24.16740269684537878, -4096.640000000000327, -113.5738580409904017 ) ) ;
#2103 = VECTOR ( 'NONE', #1790, 999.9999999999998863 ) ;
#2104 = AXIS2_PLACEMENT_3D ( 'NONE', #1129, #2856, #2905 ) ;
#2105 = CARTESIAN_POINT ( 'NONE',  ( 24.49406823431532843, -4102.640537015209702, -99.42115265530490831 ) ) ;
#2106 = ADVANCED_FACE ( 'NONE', ( #1462 ), #2228, .T. ) ;
#2107 = VECTOR ( 'NONE', #2246, 1000.000000000000000 ) ;
#2108 = CARTESIAN_POINT ( 'NONE',  ( 96.37384080088766325, -1617.246433044854712, 34.60373514960836161 ) ) ;
#2109 = CARTESIAN_POINT ( 'NONE',  ( 102.1507184904536558, -1626.906706663505702, -7.145306790093812310 ) ) ;
#2110 = DIRECTION ( 'NONE',  ( -0.1305261922200524061, 3.081487911019577912E-32, 0.9914448613738103822 ) ) ;
#2111 = CARTESIAN_POINT ( 'NONE',  ( 30.92014283899595739, -4090.516442166906472, -83.25892791690833405 ) ) ;
#2112 = ORIENTED_EDGE ( 'NONE', *, *, #1587, .F. ) ;
#2113 = DIRECTION ( 'NONE',  ( 0.000000000000000000, 0.000000000000000000, 1.000000000000000000 ) ) ;
#2114 = CARTESIAN_POINT ( 'NONE',  ( 104.7620444857445250, -1659.180003000652050, 37.91553730195066407 ) ) ;
#2115 = ADVANCED_FACE ( 'NONE', ( #1233 ), #1217, .T. ) ;
#2116 = CARTESIAN_POINT ( 'NONE',  ( 20.92316502739577544, -2998.127343246022974, -92.38411190284389818 ) ) ;
#2117 = ORIENTED_EDGE ( 'NONE', *, *, #488, .F. ) ;
#2118 = CARTESIAN_POINT ( 'NONE',  ( 36.24999215589881629, -4100.999427790901791, -95.76239179346427477 ) ) ;
#2119 = AXIS2_PLACEMENT_3D ( 'NONE', #2306, #2056, #544 ) ;
#2120 =( BOUNDED_CURVE ( )  B_SPLINE_CURVE ( 3, ( #2070, #2087, #2812, #3091 ),
 .UNSPECIFIED., .F., .F. ) 
 B_SPLINE_CURVE_WITH_KNOTS ( ( 4, 4 ),
 ( 3.126063737949813515, 3.157121569229782487 ),
 .UNSPECIFIED. ) 
 CURVE ( )  GEOMETRIC_REPRESENTATION_ITEM ( )  RATIONAL_B_SPLINE_CURVE ( ( 1.000000000000000000, 0.9999196192083351642, 0.9999196192083351642, 1.000000000000000000 ) ) 
 REPRESENTATION_ITEM ( '' )  );
#2121 = CARTESIAN_POINT ( 'NONE',  ( 112.1614954983810577, -1627.140000000001464, -7.221770325147248037 ) ) ;
#2122 = DIRECTION ( 'NONE',  ( 1.064632392805876890E-16, -0.8660254037844519193, -0.4999999999999770184 ) ) ;
#2123 = CARTESIAN_POINT ( 'NONE',  ( 38.06840794120359561, -3012.640000000000782, -99.99898157892477002 ) ) ;
#2124 = DIRECTION ( 'NONE',  ( 1.000000000000000000, 0.000000000000000000, 0.000000000000000000 ) ) ;
#2125 = CARTESIAN_POINT ( 'NONE',  ( 101.8580039335302558, -1628.533459857049138, -12.31416235064410536 ) ) ;
#2126 = LINE ( 'NONE', #2609, #3130 ) ;
#2127 = CARTESIAN_POINT ( 'NONE',  ( 31.41536376083675819, -4099.739797778593129, -84.55978578091860243 ) ) ;
#2128 = ORIENTED_EDGE ( 'NONE', *, *, #2724, .T. ) ;
#2129 = DIRECTION ( 'NONE',  ( -0.9914448613738101601, 0.000000000000000000, -0.1305261922200529057 ) ) ;
#2130 = AXIS2_PLACEMENT_3D ( 'NONE', #2938, #1923, #2907 ) ;
#2131 = CARTESIAN_POINT ( 'NONE',  ( 35.13105263438647796, -3006.710945101504876, -96.17847342962268442 ) ) ;
#2132 = EDGE_CURVE ( 'NONE', #2566, #2017, #2126, .T. ) ;
#2133 = CARTESIAN_POINT ( 'NONE',  ( 22.72801872324015093, -3006.970715169700270, -89.35629484163997915 ) ) ;
#2134 = ORIENTED_EDGE ( 'NONE', *, *, #1257, .F. ) ;
#2135 = CARTESIAN_POINT ( 'NONE',  ( 33.72018567146624690, -4103.872773660797066, -96.68215503129086130 ) ) ;
#2136 = ADVANCED_FACE ( 'NONE', ( #2310 ), #563, .F. ) ;
#2137 = CARTESIAN_POINT ( 'NONE',  ( 102.9590299313158113, -1629.059708914658131, 39.52913392704835616 ) ) ;
#2138 = DIRECTION ( 'NONE',  ( 0.000000000000000000, 1.000000000000000000, -0.000000000000000000 ) ) ;
#2139 =( BOUNDED_SURFACE ( )  B_SPLINE_SURFACE ( 3, 3, ( 
 ( #1505, #1773, #2782, #3043 ),
 ( #1788, #2795, #530, #1586 ),
 ( #43, #2861, #2631, #1832 ),
 ( #2565, #1087, #819, #1601 ),
 ( #2335, #2098, #588, #291 ),
 ( #1616, #1848, #1568, #3124 ),
 ( #1803, #839, #2845, #853 ) ),
 .UNSPECIFIED., .T., .F., .F. ) 
 B_SPLINE_SURFACE_WITH_KNOTS ( ( 4, 3, 4 ),
 ( 4, 4 ),
 ( 0.000000000000000000, 0.5000000000000000000, 1.000000000000000000 ),
 ( 0.000000000000000000, 1.000000000000000000 ),
 .UNSPECIFIED. ) 
 GEOMETRIC_REPRESENTATION_ITEM ( )  RATIONAL_B_SPLINE_SURFACE ( (
 ( 1.000000000000000000, 0.8008680685759991258, 0.8008680685759991258, 1.000000000000000000),
 ( 0.3333333333333333703, 0.2669560228586664308, 0.2669560228586664308, 0.3333333333333333703),
 ( 0.3333333333333333703, 0.2669560228586664308, 0.2669560228586664308, 0.3333333333333333703),
 ( 1.000000000000000000, 0.8008680685759991258, 0.8008680685759991258, 1.000000000000000000),
 ( 0.3333333333333333703, 0.2669560228586664308, 0.2669560228586664308, 0.3333333333333333703),
 ( 0.3333333333333333703, 0.2669560228586664308, 0.2669560228586664308, 0.3333333333333333703),
 ( 1.000000000000000000, 0.8008680685759991258, 0.8008680685759991258, 1.000000000000000000) ) ) 
 REPRESENTATION_ITEM ( '' )  SURFACE ( )  );
#2140 = FACE_OUTER_BOUND ( 'NONE', #3267, .T. ) ;
#2141 = CARTESIAN_POINT ( 'NONE',  ( 101.9800764462050893, -1627.278158298224071, -10.69573683510936490 ) ) ;
#2142 = CARTESIAN_POINT ( 'NONE',  ( 96.17502380827558284, -1659.992198957595065, 35.39789744288444240 ) ) ;
#2143 = CARTESIAN_POINT ( 'NONE',  ( 26.38748521735894315, -4085.001881171303012, -77.85243719342658153 ) ) ;
#2144 = VERTEX_POINT ( 'NONE', #2357 ) ;
#2145 = DIRECTION ( 'NONE',  ( 0.9914448613738103822, 0.000000000000000000, 0.1305261922200525726 ) ) ;
#2146 = CARTESIAN_POINT ( 'NONE',  ( 23.99916385082617154, -4264.640000000001237, 128.0745979281654172 ) ) ;
#2147 = EDGE_LOOP ( 'NONE', ( #2094, #100, #495, #2128 ) ) ;
#2148 = DIRECTION ( 'NONE',  ( 1.208387367954123044E-16, -1.000000000000000000, 1.590872150442208330E-17 ) ) ;
#2149 = ORIENTED_EDGE ( 'NONE', *, *, #2705, .F. ) ;
#2150 = CARTESIAN_POINT ( 'NONE',  ( 106.2381353233157455, -1627.140000000001692, 36.30085050234522726 ) ) ;
#2151 = ORIENTED_EDGE ( 'NONE', *, *, #608, .F. ) ;
#2152 = LINE ( 'NONE', #2350, #669 ) ;
#2153 = CARTESIAN_POINT ( 'NONE',  ( 39.10446693956375697, -3000.321552603511464, -94.63261789157837711 ) ) ;
#2154 = CARTESIAN_POINT ( 'NONE',  ( 95.89317640799643527, -1617.553914275096986, 35.90532922751921063 ) ) ;
#2155 = CARTESIAN_POINT ( 'NONE',  ( 25.58478101355154877, -4112.949084146348468, -99.14635091602727357 ) ) ;
#2156 = VECTOR ( 'NONE', #1479, 1000.000000000000000 ) ;
#2157 = CARTESIAN_POINT ( 'NONE',  ( 91.89311795180371689, -1659.530178101095089, 45.16807358644045678 ) ) ;
#2158 = CARTESIAN_POINT ( 'NONE',  ( 30.55157913041583839, -4084.541880093138388, -88.79077617381759069 ) ) ;
#2159 = ORIENTED_EDGE ( 'NONE', *, *, #2415, .F. ) ;
#2160 = DIRECTION ( 'NONE',  ( -1.000000000000000000, 0.000000000000000000, 0.000000000000000000 ) ) ;
#2161 = CARTESIAN_POINT ( 'NONE',  ( 31.77980713272013347, -4109.584075963894065, -97.33717383658739664 ) ) ;
#2162 = ORIENTED_EDGE ( 'NONE', *, *, #2432, .F. ) ;
#2163 = ORIENTED_EDGE ( 'NONE', *, *, #308, .T. ) ;
#2164 = CARTESIAN_POINT ( 'NONE',  ( 145.7659171991534777, -1632.140000000001237, 41.17855840303421644 ) ) ;
#2165 = ORIENTED_EDGE ( 'NONE', *, *, #1791, .F. ) ;
#2166 = AXIS2_PLACEMENT_3D ( 'NONE', #751, #2776, #968 ) ;
#2167 = CARTESIAN_POINT ( 'NONE',  ( 39.37752455401803076, -4106.858169446709326, -94.51926667629658141 ) ) ;
#2168 = ORIENTED_EDGE ( 'NONE', *, *, #576, .F. ) ;
#2169 = AXIS2_PLACEMENT_3D ( 'NONE', #1085, #2840, #1863 ) ;
#2170 = CARTESIAN_POINT ( 'NONE',  ( 96.91120246425924734, -1627.013089572129047, 33.05709518145837222 ) ) ;
#2171 = DIRECTION ( 'NONE',  ( -1.229331597148917955E-16, 1.000000000000000000, -0.000000000000000000 ) ) ;
#2172 = CARTESIAN_POINT ( 'NONE',  ( 28.92740269684525956, -3012.640000000000782, -104.0538580409903489 ) ) ;
#2173 = CARTESIAN_POINT ( 'NONE',  ( 148.6113881895506950, -1654.640000000001464, 19.56506042508450349 ) ) ;
#2174 = EDGE_CURVE ( 'NONE', #362, #566, #3237, .T. ) ;
#2175 = CARTESIAN_POINT ( 'NONE',  ( 94.84645527861880510, -1668.140026215333819, 38.59192205064752557 ) ) ;
#2176 = FACE_OUTER_BOUND ( 'NONE', #1151, .T. ) ;
#2177 = EDGE_CURVE ( 'NONE', #2250, #1487, #798, .T. ) ;
#2178 = CARTESIAN_POINT ( 'NONE',  ( 101.9321078509603922, -1669.261187641242714, -9.722282097514797883 ) ) ;
#2179 = ORIENTED_EDGE ( 'NONE', *, *, #2816, .F. ) ;
#2180 = ORIENTED_EDGE ( 'NONE', *, *, #413, .T. ) ;
#2181 = VECTOR ( 'NONE', #1682, 1000.000000000000000 ) ;
#2182 = VERTEX_POINT ( 'NONE', #2820 ) ;
#2183 = CARTESIAN_POINT ( 'NONE',  ( 105.9998993315119264, -1627.171020329481280, 36.58541976497107839 ) ) ;
#2184 = EDGE_LOOP ( 'NONE', ( #3118, #213, #967, #2268 ) ) ;
#2185 = CARTESIAN_POINT ( 'NONE',  ( -108.3937499999994287, -4179.474026095070258, 2.558717127065790969E-13 ) ) ;
#2186 = EDGE_CURVE ( 'NONE', #2978, #121, #2077, .T. ) ;
#2187 = CARTESIAN_POINT ( 'NONE',  ( 146.4996348730780369, 4.661469905924050928E-14, -2.701068513964087536 ) ) ;
#2188 = CARTESIAN_POINT ( 'NONE',  ( 94.08637344856970230, -1666.876803898172057, 40.40276205383114672 ) ) ;
#2189 = DIRECTION ( 'NONE',  ( 0.9617544617065607593, 0.000000000000000000, -0.2739130434782609536 ) ) ;
#2190 = CARTESIAN_POINT ( 'NONE',  ( 36.18622104403313244, -2997.900427153688270, -86.51763337591056313 ) ) ;
#2191 = CARTESIAN_POINT ( 'NONE',  ( 91.54598066963310998, -1632.140000000001237, 45.86734636206548998 ) ) ;
#2192 = ORIENTED_EDGE ( 'NONE', *, *, #929, .T. ) ;
#2193 = ORIENTED_EDGE ( 'NONE', *, *, #3268, .F. ) ;
#2194 = DIRECTION ( 'NONE',  ( 1.000000000000000000, 1.229331597148917955E-16, 0.000000000000000000 ) ) ;
#2195 = EDGE_LOOP ( 'NONE', ( #717, #3206 ) ) ;
#2196 = CARTESIAN_POINT ( 'NONE',  ( 39.28858765384095619, -4104.507121525496586, -94.55629228160022137 ) ) ;
#2197 = VERTEX_POINT ( 'NONE', #830 ) ;
#2198 = VECTOR ( 'NONE', #1523, 1000.000000000000000 ) ;
#2199 = CARTESIAN_POINT ( 'NONE',  ( 100.5359160139546191, -1660.686425511353946, -19.41749038210515010 ) ) ;
#2200 = CARTESIAN_POINT ( 'NONE',  ( 33.94071696194095722, -2999.874728589932147, -96.60500092577811415 ) ) ;
#2201 = SURFACE_SIDE_STYLE ('',( #1093 ) ) ;
#2202 = PRODUCT_DEFINITION_CONTEXT ( 'detailed design', #1355, 'design' ) ;
#2203 = LINE ( 'NONE', #3055, #667 ) ;
#2204 = AXIS2_PLACEMENT_3D ( 'NONE', #128, #3129, #1621 ) ;
#2205 = CARTESIAN_POINT ( 'NONE',  ( 91.76812719854682143, -1658.576154117500437, 45.42147981831438841 ) ) ;
#2206 = CIRCLE ( 'NONE', #1835, 5.000000000000000000 ) ;
#2207 = CARTESIAN_POINT ( 'NONE',  ( 146.4996348730787190, -1627.140000000001464, -2.701068513964172801 ) ) ;
#2208 = CARTESIAN_POINT ( 'NONE',  ( 38.38281453565484469, -3003.974319563636527, -85.78769637524398206 ) ) ;
#2209 = PLANE ( 'NONE',  #2130 ) ;
#2210 = EDGE_CURVE ( 'NONE', #3173, #1465, #112, .T. ) ;
#2211 = VECTOR ( 'NONE', #2536, 1000.000000000000000 ) ;
#2212 = VERTEX_POINT ( 'NONE', #1810 ) ;
#2213 = EDGE_LOOP ( 'NONE', ( #3252, #1963, #2919, #916, #2846 ) ) ;
#2214 = CARTESIAN_POINT ( 'NONE',  ( 36.15707964505787686, -4082.238119906869542, -86.44108406962436675 ) ) ;
#2215 = ORIENTED_EDGE ( 'NONE', *, *, #831, .F. ) ;
#2216 = ORIENTED_EDGE ( 'NONE', *, *, #2774, .F. ) ;
#2217 = ORIENTED_EDGE ( 'NONE', *, *, #1326, .F. ) ;
#2218 = EDGE_CURVE ( 'NONE', #3053, #1001, #2031, .T. ) ;
#2219 = CARTESIAN_POINT ( 'NONE',  ( 92.21816747247251556, -1625.414266428527299, 44.50102167304330436 ) ) ;
#2220 = CARTESIAN_POINT ( 'NONE',  ( 111.8565505628821199, -1627.171034562980594, -7.905143397601125166 ) ) ;
#2221 = DIRECTION ( 'NONE',  ( 1.000000000000000000, 1.137096869188916636E-16, 0.000000000000000000 ) ) ;
#2222 = CARTESIAN_POINT ( 'NONE',  ( 84.53433103721556563, -1632.140000000001237, -10.85895552771746075 ) ) ;
#2223 = AXIS2_PLACEMENT_3D ( 'NONE', #2954, #3247, #1716 ) ;
#2224 = LINE ( 'NONE', #992, #437 ) ;
#2225 =( BOUNDED_CURVE ( )  B_SPLINE_CURVE ( 3, ( #1820, #808, #2023, #3029 ),
 .UNSPECIFIED., .F., .F. ) 
 B_SPLINE_CURVE_WITH_KNOTS ( ( 4, 4 ),
 ( 4.712388980384689674, 4.797068099028439114 ),
 .UNSPECIFIED. ) 
 CURVE ( )  GEOMETRIC_REPRESENTATION_ITEM ( )  RATIONAL_B_SPLINE_CURVE ( ( 1.000000000000000000, 0.9994025431654762759, 0.9994025431654762759, 1.000000000000000000 ) ) 
 REPRESENTATION_ITEM ( '' )  );
#2226 = FACE_OUTER_BOUND ( 'NONE', #509, .T. ) ;
#2227 = CARTESIAN_POINT ( 'NONE',  ( 39.32581373186491192, -3001.034921232184843, -94.54082064588745027 ) ) ;
#2228 = SPHERICAL_SURFACE ( 'NONE', #2714, 5.000000000000000000 ) ;
#2229 = ORIENTED_EDGE ( 'NONE', *, *, #937, .F. ) ;
#2230 = CARTESIAN_POINT ( 'NONE',  ( -111.3937499999994287, -4179.474026095070258, 2.558717127065790969E-13 ) ) ;
#2231 = VERTEX_POINT ( 'NONE', #352 ) ;
#2232 = VERTEX_POINT ( 'NONE', #1313 ) ;
#2233 = EDGE_CURVE ( 'NONE', #1595, #1672, #1654, .T. ) ;
#2234 = ORIENTED_EDGE ( 'NONE', *, *, #1057, .F. ) ;
#2235 = CARTESIAN_POINT ( 'NONE',  ( 112.3937500000001393, -1659.640000000001237, -1.590872150442192984E-16 ) ) ;
#2236 = CARTESIAN_POINT ( 'NONE',  ( 7.387840339490024034E-13, -6009.640000000001237, 0.000000000000000000 ) ) ;
#2237 = CARTESIAN_POINT ( 'NONE',  ( 23.34677710283394703, -4110.548850153944841, -99.69665661755385599 ) ) ;
#2238 = CARTESIAN_POINT ( 'NONE',  ( 25.15109552830948658, -3007.323417906851773, -99.25705897088982965 ) ) ;
#2239 = VECTOR ( 'NONE', #2835, 999.9999999999998863 ) ;
#2240 = EDGE_CURVE ( 'NONE', #1153, #1588, #881, .T. ) ;
#2241 = CARTESIAN_POINT ( 'NONE',  ( 100.9801429315413088, -1622.064930055042396, -16.95859974094664224 ) ) ;
#2242 = CARTESIAN_POINT ( 'NONE',  ( -102.3937499999998835, -661.7082557662934050, 1.253961781901946367E-14 ) ) ;
#2243 = DIRECTION ( 'NONE',  ( 1.229331597148917955E-16, -1.000000000000000000, 0.000000000000000000 ) ) ;
#2244 = CARTESIAN_POINT ( 'NONE',  ( 102.0281018682340033, -1659.830512898230836, -9.895175315662882554 ) ) ;
#2245 =( BOUNDED_CURVE ( )  B_SPLINE_CURVE ( 3, ( #1545, #1264, #33, #1013 ),
 .UNSPECIFIED., .F., .F. ) 
 B_SPLINE_CURVE_WITH_KNOTS ( ( 4, 4 ),
 ( 3.126063737949811294, 3.141592653589793116 ),
 .UNSPECIFIED. ) 
 CURVE ( )  GEOMETRIC_REPRESENTATION_ITEM ( )  RATIONAL_B_SPLINE_CURVE ( ( 1.000000000000000000, 0.9999799044992118136, 0.9999799044992118136, 1.000000000000000000 ) ) 
 REPRESENTATION_ITEM ( '' )  );
#2246 = DIRECTION ( 'NONE',  ( 1.229331597148917955E-16, -1.000000000000000000, 0.000000000000000000 ) ) ;
#2247 = CARTESIAN_POINT ( 'NONE',  ( 112.0135101090100704, -1659.640000000001010, -7.567476278619258423 ) ) ;
#2248 = ORIENTED_EDGE ( 'NONE', *, *, #831, .T. ) ;
#2249 = VERTEX_POINT ( 'NONE', #2572 ) ;
#2250 = VERTEX_POINT ( 'NONE', #2061 ) ;
#2251 = EDGE_CURVE ( 'NONE', #1912, #1569, #52, .T. ) ;
#2252 = DIRECTION ( 'NONE',  ( 1.229331597148917955E-16, -1.000000000000000000, 0.000000000000000000 ) ) ;
#2253 = LINE ( 'NONE', #971, #3048 ) ;
#2254 = PLANE ( 'NONE',  #224 ) ;
#2255 = CARTESIAN_POINT ( 'NONE',  ( 31.66777490047241983, -3003.142369177965065, -97.37371516087208079 ) ) ;
#2256 = EDGE_CURVE ( 'NONE', #20, #1338, #846, .T. ) ;
#2257 = CARTESIAN_POINT ( 'NONE',  ( 41.25000000000054001, -4284.640000000000327, 110.6017630962545013 ) ) ;
#2258 = ADVANCED_FACE ( 'NONE', ( #1113 ), #974, .F. ) ;
#2259 = CARTESIAN_POINT ( 'NONE',  ( 101.7918254564745837, -1632.140000000001237, 40.43240419887398929 ) ) ;
#2260 = CARTESIAN_POINT ( 'NONE',  ( 39.44086370330170865, -3001.836868361875986, -94.49285417690701649 ) ) ;
#2261 = CARTESIAN_POINT ( 'NONE',  ( 108.7880293594698742, -1654.640000000001464, -12.70904037076218884 ) ) ;
#2262 = ORIENTED_EDGE ( 'NONE', *, *, #1839, .F. ) ;
#2263 = CARTESIAN_POINT ( 'NONE',  ( 36.46429090568214093, -4115.826243671085649, -87.24807377193711488 ) ) ;
#2264 = AXIS2_PLACEMENT_3D ( 'NONE', #2185, #1917, #195 ) ;
#2265 = VECTOR ( 'NONE', #932, 1000.000000000000000 ) ;
#2266 =( NAMED_UNIT ( * ) PLANE_ANGLE_UNIT ( ) SI_UNIT ( $, .RADIAN. ) );
#2267 = ORIENTED_EDGE ( 'NONE', *, *, #2132, .F. ) ;
#2268 = ORIENTED_EDGE ( 'NONE', *, *, #1661, .T. ) ;
#2269 = CARTESIAN_POINT ( 'NONE',  ( 33.68740269684540323, -4096.640000000000327, -104.0538580409903489 ) ) ;
#2270 = CARTESIAN_POINT ( 'NONE',  ( 101.5741836519546410, -1668.019727712176973, -12.95829202767114197 ) ) ;
#2271 = CARTESIAN_POINT ( 'NONE',  ( 108.7880293594699026, -1632.140000000001237, -12.70904037076218351 ) ) ;
#2272 = CARTESIAN_POINT ( 'NONE',  ( 28.92740269684539101, -4096.640000000000327, -104.0538580409903489 ) ) ;
#2273 = CARTESIAN_POINT ( 'NONE',  ( 23.13485790668379849, -3003.248241239211438, -99.74609626839166765 ) ) ;
#2274 = B_SPLINE_CURVE_WITH_KNOTS ( 'NONE', 3,
 ( #1321, #818, #2843, #3073, #867, #41, #324, #1847, #569, #804, #1566, #2097, #1816, #341, #2563, #2316, #307, #2808, #1600, #2363, #2334, #1336, #57, #1069, #540, #3105, #1302, #2083, #838, #2859, #86, #3122, #851, #1614, #2675, #1417, #2659, #1669 ),
 .UNSPECIFIED., .F., .F.,
 ( 4, 2, 2, 2, 2, 2, 2, 2, 2, 2, 2, 2, 2, 2, 2, 2, 2, 2, 4 ),
 ( 0.000000000000000000, 0.002081985886023333000, 0.003122978829034999716, 0.004163971772046665999, 0.005204964715058332282, 0.006245957658069999432, 0.007286950601081665715, 0.008327943544093331998, 0.008848440015599166875, 0.009368936487104998281, 0.009889432958610833158, 0.01040992943011666456, 0.01145092237312832044, 0.01249191531613997631, 0.01301241178764580946, 0.01353290825915164433, 0.01457390120216235999, 0.01561489414517307564, 0.01665588708818379129 ),
 .UNSPECIFIED. ) ;
#2275 = CARTESIAN_POINT ( 'NONE',  ( 100.2979698085749618, 1.232994634155694142E-14, -20.61061113457519767 ) ) ;
#2276 = VECTOR ( 'NONE', #2450, 1000.000000000000000 ) ;
#2277 = PLANE ( 'NONE',  #2447 ) ;
#2278 = AXIS2_PLACEMENT_3D ( 'NONE', #562, #2571, #2340 ) ;
#2279 = DIRECTION ( 'NONE',  ( -0.8660254037844363761, 0.000000000000000000, -0.5000000000000039968 ) ) ;
#2280 = LINE ( 'NONE', #1312, #209 ) ;
#2281 = CARTESIAN_POINT ( 'NONE',  ( 109.0242753146269621, -1656.280171134772672, -12.41036720353305078 ) ) ;
#2282 = EDGE_CURVE ( 'NONE', #2285, #2449, #2490, .T. ) ;
#2283 = CARTESIAN_POINT ( 'NONE',  ( 102.1821598593102891, -1617.140000000001464, -6.579228339925895952 ) ) ;
#2284 = CARTESIAN_POINT ( 'NONE',  ( 31.45821109685429207, -2989.902775274127634, -105.5553024616152555 ) ) ;
#2285 = VERTEX_POINT ( 'NONE', #2004 ) ;
#2286 = EDGE_CURVE ( 'NONE', #1900, #1648, #3023, .T. ) ;
#2287 = CARTESIAN_POINT ( 'NONE',  ( 32.00587159638045875, -4102.728697240781912, -88.48527496379610113 ) ) ;
#2288 = DIRECTION ( 'NONE',  ( 0.000000000000000000, 0.000000000000000000, 1.000000000000000000 ) ) ;
#2289 = CARTESIAN_POINT ( 'NONE',  ( 108.9335437875189001, -1630.860796366320756, -12.52551805073236757 ) ) ;
#2290 = CARTESIAN_POINT ( 'NONE',  ( 31.57785998147020479, -4110.235735878271043, -97.40289176464332854 ) ) ;
#2291 = CARTESIAN_POINT ( 'NONE',  ( 30.21376157658190564, -3006.558705228359486, -97.83483505141755643 ) ) ;
#2292 = CARTESIAN_POINT ( 'NONE',  ( 140.8086928922844265, -1654.640000000001464, 40.52592744193394481 ) ) ;
#2293 = CIRCLE ( 'NONE', #1386, 8.000000000000001776 ) ;
#2294 = CARTESIAN_POINT ( 'NONE',  ( -111.3937499999994287, -4179.474026095070258, 2.558717127065790969E-13 ) ) ;
#2295 = CARTESIAN_POINT ( 'NONE',  ( 39.39476444671883826, -5197.701849072458572, 94.51207633551386778 ) ) ;
#2296 = CARTESIAN_POINT ( 'NONE',  ( 39.24019906219650267, -2997.922774713602848, -94.53989404025050192 ) ) ;
#2297 = CARTESIAN_POINT ( 'NONE',  ( 100.2979698086674034, -1655.646132019893457, -20.61061113412627677 ) ) ;
#2298 = PLANE ( 'NONE',  #1996 ) ;
#2299 = ORIENTED_EDGE ( 'NONE', *, *, #2177, .F. ) ;
#2300 = DIRECTION ( 'NONE',  ( -0.9914448613738102711, -1.811414798991949662E-16, -0.1305261922200539326 ) ) ;
#2301 = CARTESIAN_POINT ( 'NONE',  ( 33.67255419885705692, -4111.007960780048052, -113.5204469719776057 ) ) ;
#2302 = CARTESIAN_POINT ( 'NONE',  ( 95.39849542753631795, -1668.785814067294041, 37.19961790739410645 ) ) ;
#2303 = CARTESIAN_POINT ( 'NONE',  ( 26.32988917436184906, -3008.469115880749996, -98.95072544444931850 ) ) ;
#2304 = EDGE_LOOP ( 'NONE', ( #137, #1532, #2433, #2047 ) ) ;
#2305 = CARTESIAN_POINT ( 'NONE',  ( 21.75000000000064304, -5149.640000000000327, 110.6017630962545013 ) ) ;
#2306 = CARTESIAN_POINT ( 'NONE',  ( 1.988001299013402947E-13, -1617.140000000001464, 0.000000000000000000 ) ) ;
#2307 = CARTESIAN_POINT ( 'NONE',  ( 23.05752874558306686, -4105.854002270912133, -99.76390517816197701 ) ) ;
#2308 = CARTESIAN_POINT ( 'NONE',  ( 100.2979698085751039, -1632.140000000001237, -20.61061113457533267 ) ) ;
#2309 = CARTESIAN_POINT ( 'NONE',  ( 122.0269803920178902, 0.000000000000000000, -208.1769299331839136 ) ) ;
#2310 = FACE_OUTER_BOUND ( 'NONE', #1149, .T. ) ;
#2311 = CARTESIAN_POINT ( 'NONE',  ( -108.3937499999994287, -4174.474026095069348, -8.660254037844222097 ) ) ;
#2312 = ORIENTED_EDGE ( 'NONE', *, *, #921, .T. ) ;
#2313 = CARTESIAN_POINT ( 'NONE',  ( 33.60072345666042537, -3004.157985183751862, -103.7420668495095128 ) ) ;
#2314 = EDGE_CURVE ( 'NONE', #4, #1418, #975, .T. ) ;
#2315 = VECTOR ( 'NONE', #2933, 1000.000000000000114 ) ;
#2316 = CARTESIAN_POINT ( 'NONE',  ( 25.95255746148356479, -2995.145589803626990, -99.05034530810927151 ) ) ;
#2317 = CARTESIAN_POINT ( 'NONE',  ( 95.88758858794048479, -1669.222095472141291, 35.92030431932464296 ) ) ;
#2318 = AXIS2_PLACEMENT_3D ( 'NONE', #1909, #2407, #2145 ) ;
#2319 = CARTESIAN_POINT ( 'NONE',  ( 37.90930158691439544, -4101.753831905714833, -95.11785345142490655 ) ) ;
#2320 = EDGE_CURVE ( 'NONE', #1959, #800, #486, .T. ) ;
#2321 = ORIENTED_EDGE ( 'NONE', *, *, #2833, .F. ) ;
#2322 = DIRECTION ( 'NONE',  ( 0.000000000000000000, 0.000000000000000000, 1.000000000000000000 ) ) ;
#2323 = LINE ( 'NONE', #857, #2857 ) ;
#2324 = CARTESIAN_POINT ( 'NONE',  ( 31.98887841413916533, -4108.647648358270089, -97.26882584497744233 ) ) ;
#2325 = DIRECTION ( 'NONE',  ( 0.9617544617065607593, 1.182315148474823955E-16, -0.2739130434782609536 ) ) ;
#2326 = AXIS2_PLACEMENT_3D ( 'NONE', #1693, #434, #708 ) ;
#2327 = LINE ( 'NONE', #2309, #573 ) ;
#2328 = CARTESIAN_POINT ( 'NONE',  ( 91.58952337626209328, -1656.636972040057344, 45.78072705286983535 ) ) ;
#2329 = VECTOR ( 'NONE', #1972, 1000.000000000000000 ) ;
#2330 = LINE ( 'NONE', #862, #431 ) ;
#2331 = ORIENTED_EDGE ( 'NONE', *, *, #2698, .F. ) ;
#2332 = CARTESIAN_POINT ( 'NONE',  ( 31.16195705023352502, -4082.902554215341752, -73.31977957178979466 ) ) ;
#2333 = CARTESIAN_POINT ( 'NONE',  ( 34.25603747676790789, -3005.564054758850034, -96.49362887106047992 ) ) ;
#2334 = CARTESIAN_POINT ( 'NONE',  ( 27.10439794664450019, -2994.871427806771408, -98.74139359569686292 ) ) ;
#2335 = CARTESIAN_POINT ( 'NONE',  ( 34.81840794120358851, -3012.640000000000327, -106.4989815789247700 ) ) ;
#2336 = VERTEX_POINT ( 'NONE', #1776 ) ;
#2337 = CARTESIAN_POINT ( 'NONE',  ( 110.0932912816703890, -1632.140000000001237, -22.62348898450029111 ) ) ;
#2338 = CARTESIAN_POINT ( 'NONE',  ( 30.17905363348098646, -4102.414121283512031, -97.84555308087850278 ) ) ;
#2339 = CARTESIAN_POINT ( 'NONE',  ( 101.1754624144212045, -1620.806866425520184, -15.75226796091529202 ) ) ;
#2340 = DIRECTION ( 'NONE',  ( 1.000000000000000000, 1.229331597148917955E-16, 0.000000000000000000 ) ) ;
#2341 = CARTESIAN_POINT ( 'NONE',  ( -11.54105354047820065, -1.418778178169788746E-15, 3.286956521738981785 ) ) ;
#2342 = CARTESIAN_POINT ( 'NONE',  ( 32.91540643532919574, -4105.923636110826919, -77.92578129979909818 ) ) ;
#2343 = ORIENTED_EDGE ( 'NONE', *, *, #1673, .F. ) ;
#2344 = DIRECTION ( 'NONE',  ( 1.229331597148917955E-16, -1.000000000000000000, 0.000000000000000000 ) ) ;
#2345 = CARTESIAN_POINT ( 'NONE',  ( 104.0209636557904105, -1658.718127850885821, 38.61696006913478385 ) ) ;
#2346 = ADVANCED_FACE ( 'NONE', ( #452 ), #2277, .T. ) ;
#2347 = CARTESIAN_POINT ( 'NONE',  ( 22.82851494508902235, -2999.749410430660646, -99.23778666693493733 ) ) ;
#2348 = DIRECTION ( 'NONE',  ( -1.137096869188916390E-16, 1.000000000000000000, 3.238515406691916629E-17 ) ) ;
#2349 = EDGE_CURVE ( 'NONE', #800, #3201, #1862, .T. ) ;
#2350 = CARTESIAN_POINT ( 'NONE',  ( 47.08127093178362088, -4284.640000000000327, 121.5006848846871605 ) ) ;
#2351 = CARTESIAN_POINT ( 'NONE',  ( -1334.545999125762819, -3673.765041794863009, 2314.681475523566860 ) ) ;
#2352 = EDGE_CURVE ( 'NONE', #3173, #2144, #1009, .T. ) ;
#2353 = CARTESIAN_POINT ( 'NONE',  ( 28.57146948536624365, -4100.784273703531653, -98.32691415811260072 ) ) ;
#2354 = CARTESIAN_POINT ( 'NONE',  ( 96.68889760576279002, -1617.140000000001237, 33.71446979448916892 ) ) ;
#2355 = CARTESIAN_POINT ( 'NONE',  ( 101.9132463170641216, -1627.892997304176333, -11.63409105280998190 ) ) ;
#2356 = FACE_OUTER_BOUND ( 'NONE', #1897, .T. ) ;
#2357 = CARTESIAN_POINT ( 'NONE',  ( 41.25000000000064659, -5149.640000000000327, 110.6017630962545013 ) ) ;
#2358 = CARTESIAN_POINT ( 'NONE',  ( -108.3937499999994287, -4169.474026095070258, 0.000000000000000000 ) ) ;
#2359 = EDGE_CURVE ( 'NONE', #2694, #7, #2224, .T. ) ;
#2360 = ORIENTED_EDGE ( 'NONE', *, *, #859, .T. ) ;
#2361 = PLANE ( 'NONE',  #2104 ) ;
#2362 = CARTESIAN_POINT ( 'NONE',  ( 35.22736525853719769, -3006.798691043658891, -96.14325029355154584 ) ) ;
#2363 = CARTESIAN_POINT ( 'NONE',  ( 26.93622885655830146, -2994.889188915336035, -98.78739438627215463 ) ) ;
#2364 = ORIENTED_EDGE ( 'NONE', *, *, #1520, .T. ) ;
#2365 = CARTESIAN_POINT ( 'NONE',  ( 12.17609816036527803, -5149.640000000000327, 86.56183886252031812 ) ) ;
#2366 = CARTESIAN_POINT ( 'NONE',  ( 105.4780294689241060, -1627.305288763038106, 37.17093171002473895 ) ) ;
#2367 = CARTESIAN_POINT ( 'NONE',  ( -96.39374999999941451, -4184.474026095069348, -8.660254037844222097 ) ) ;
#2368 = AXIS2_PLACEMENT_3D ( 'NONE', #2041, #2550, #2518 ) ;
#2369 = FACE_OUTER_BOUND ( 'NONE', #2712, .T. ) ;
#2370 = CARTESIAN_POINT ( 'NONE',  ( 95.24204624370561589, -1618.164418291798029, 37.59814737214576041 ) ) ;
#2371 = CARTESIAN_POINT ( 'NONE',  ( 102.0163523585013365, -1627.019983018115227, -10.10398506669662488 ) ) ;
#2372 = EDGE_CURVE ( 'NONE', #2451, #3225, #2293, .T. ) ;
#2373 = DIRECTION ( 'NONE',  ( 0.000000000000000000, 1.000000000000000000, -0.000000000000000000 ) ) ;
#2374 = CARTESIAN_POINT ( 'NONE',  ( 32.73357029512320793, -4103.897352265465997, -88.02248144034636823 ) ) ;
#2375 = ORIENTED_EDGE ( 'NONE', *, *, #3143, .F. ) ;
#2376 = AXIS2_PLACEMENT_3D ( 'NONE', #1370, #2348, #325 ) ;
#2377 = DIRECTION ( 'NONE',  ( -1.208387367954123044E-16, 1.000000000000000000, -1.590872150442211719E-17 ) ) ;
#2378 = AXIS2_PLACEMENT_3D ( 'NONE', #2222, #198, #1210 ) ;
#2379 = CARTESIAN_POINT ( 'NONE',  ( 34.85527163460027822, -3006.431660400760848, -96.27890923718091187 ) ) ;
#2380 = EDGE_CURVE ( 'NONE', #2212, #2382, #1953, .T. ) ;
#2381 = CARTESIAN_POINT ( 'NONE',  ( 23.52515107053679344, -3007.454107852495326, -92.22363474680656736 ) ) ;
#2382 = VERTEX_POINT ( 'NONE', #2985 ) ;
#2383 = CARTESIAN_POINT ( 'NONE',  ( 36.49783492192138823, -4100.989819931554848, -95.66820610484894871 ) ) ;
#2384 = ADVANCED_FACE ( 'NONE', ( #710 ), #1729, .T. ) ;
#2385 = CARTESIAN_POINT ( 'NONE',  ( 95.99051877549079848, -1626.949487101772320, 35.96482129226538405 ) ) ;
#2386 = CARTESIAN_POINT ( 'NONE',  ( 33.36299255278589726, -3001.936003006553165, -96.80594486633225415 ) ) ;
#2387 = DIRECTION ( 'NONE',  ( 1.000000000000000000, 0.000000000000000000, 0.000000000000000000 ) ) ;
#2388 = CARTESIAN_POINT ( 'NONE',  ( 101.9925687113065180, -1627.183124731948737, -10.49995040009631708 ) ) ;
#2389 = CARTESIAN_POINT ( 'NONE',  ( 96.82067568344108111, -1659.873293336383767, 33.34038778149196958 ) ) ;
#2390 = CARTESIAN_POINT ( 'NONE',  ( 38.50677174925131396, -4088.289690878390047, -86.11331007409273752 ) ) ;
#2391 = ORIENTED_EDGE ( 'NONE', *, *, #2040, .F. ) ;
#2392 = DIRECTION ( 'NONE',  ( 0.2739130434782609536, 0.000000000000000000, 0.9617544617065607593 ) ) ;
#2393 = AXIS2_PLACEMENT_3D ( 'NONE', #1593, #2373, #1080 ) ;
#2394 = CARTESIAN_POINT ( 'NONE',  ( 47.08127093178372746, -5149.640000000000327, 121.5006848846871605 ) ) ;
#2395 = ORIENTED_EDGE ( 'NONE', *, *, #326, .T. ) ;
#2396 = DIRECTION ( 'NONE',  ( 1.000000000000000000, 0.000000000000000000, 1.776356839400250465E-15 ) ) ;
#2397 = ORIENTED_EDGE ( 'NONE', *, *, #1794, .F. ) ;
#2398 = CARTESIAN_POINT ( 'NONE',  ( 102.1715086111785240, -1630.341502760164758, 40.14825796514143974 ) ) ;
#2399 = ORIENTED_EDGE ( 'NONE', *, *, #604, .T. ) ;
#2400 = CARTESIAN_POINT ( 'NONE',  ( 95.78766770010955156, -1617.635866289025898, 36.18554700329938356 ) ) ;
#2401 = DIRECTION ( 'NONE',  ( 1.208387367954123044E-16, -1.000000000000000000, 1.590872150442208330E-17 ) ) ;
#2402 = DIRECTION ( 'NONE',  ( 1.000000000000000000, 0.000000000000000000, 0.000000000000000000 ) ) ;
#2403 = CARTESIAN_POINT ( 'NONE',  ( 101.0165528550079159, -1621.814420482005517, -16.74049541349531722 ) ) ;
#2404 = CARTESIAN_POINT ( 'NONE',  ( 103.1812513463868584, -1657.962135099374336, 39.34479817632441723 ) ) ;
#2405 = CARTESIAN_POINT ( 'NONE',  ( 32.91540643532919574, -4105.923636110826919, -77.92578129979909818 ) ) ;
#2406 = ORIENTED_EDGE ( 'NONE', *, *, #250, .T. ) ;
#2407 = DIRECTION ( 'NONE',  ( -0.1305261922200525726, -2.674137078042701234E-16, 0.9914448613738103822 ) ) ;
#2408 = CARTESIAN_POINT ( 'NONE',  ( 100.2979698085751181, -1654.640000000001464, -20.61061113457533978 ) ) ;
#2409 = ORIENTED_EDGE ( 'NONE', *, *, #2380, .F. ) ;
#2410 = EDGE_LOOP ( 'NONE', ( #1206, #2364, #1501, #2838 ) ) ;
#2411 = DIRECTION ( 'NONE',  ( 0.1305261922200525726, 1.058389339176444102E-16, -0.9914448613738103822 ) ) ;
#2412 = ORIENTED_EDGE ( 'NONE', *, *, #2932, .T. ) ;
#2413 = CARTESIAN_POINT ( 'NONE',  ( 103.3168396194196248, -1628.668178188531783, 39.23284487823974587 ) ) ;
#2414 = ORIENTED_EDGE ( 'NONE', *, *, #2359, .F. ) ;
#2415 = EDGE_CURVE ( 'NONE', #1860, #2746, #1591, .T. ) ;
#2416 = CARTESIAN_POINT ( 'NONE',  ( 96.29405914876416261, -1626.735306484422154, 35.02292499794725700 ) ) ;
#2417 = CARTESIAN_POINT ( 'NONE',  ( 23.99916385082617154, -4284.640000000000327, 128.0745979281654172 ) ) ;
#2418 = CARTESIAN_POINT ( 'NONE',  ( 31.90238806438178187, -2999.423087620929891, -97.29710061164752233 ) ) ;
#2419 = VECTOR ( 'NONE', #2735, 1000.000000000000114 ) ;
#2420 = CARTESIAN_POINT ( 'NONE',  ( 92.35278731841474098, -1624.804135494863203, 44.22089915466482068 ) ) ;
#2421 = AXIS2_PLACEMENT_3D ( 'NONE', #2874, #599, #2129 ) ;
#2422 = CARTESIAN_POINT ( 'NONE',  ( 102.1671166678484184, -1656.427069085638550, 40.15162877098551775 ) ) ;
#2423 = VECTOR ( 'NONE', #1307, 1000.000000000000000 ) ;
#2424 = CARTESIAN_POINT ( 'NONE',  ( 24.12954193052283003, -4096.338830452731600, -61.34686756828628518 ) ) ;
#2425 = EDGE_LOOP ( 'NONE', ( #2478, #3090, #2940, #1943 ) ) ;
#2426 = CARTESIAN_POINT ( 'NONE',  ( 33.68740269684540323, -4096.640000000000327, -104.0538580409903489 ) ) ;
#2427 = VERTEX_POINT ( 'NONE', #2800 ) ;
#2428 = ORIENTED_EDGE ( 'NONE', *, *, #2432, .T. ) ;
#2429 = CARTESIAN_POINT ( 'NONE',  ( -108.3937499999994287, -4174.474026095069348, 8.660254037844234531 ) ) ;
#2430 = ORIENTED_EDGE ( 'NONE', *, *, #1244, .T. ) ;
#2431 = CARTESIAN_POINT ( 'NONE',  ( 39.41992746535643732, -4105.288694949248566, -94.50159299480085906 ) ) ;
#2432 = EDGE_CURVE ( 'NONE', #442, #390, #889, .T. ) ;
#2433 = ORIENTED_EDGE ( 'NONE', *, *, #1661, .F. ) ;
#2434 = AXIS2_PLACEMENT_3D ( 'NONE', #1063, #2091, #1809 ) ;
#2435 = LINE ( 'NONE', #2963, #1941 ) ;
#2436 = CARTESIAN_POINT ( 'NONE',  ( 39.18653146969405299, -3000.544170291455885, -94.59863024086772043 ) ) ;
#2437 = ADVANCED_FACE ( 'NONE', ( #2586 ), #842, .T. ) ;
#2438 = VECTOR ( 'NONE', #2648, 1000.000000000000000 ) ;
#2439 = LINE ( 'NONE', #3194, #3059 ) ;
#2440 = CARTESIAN_POINT ( 'NONE',  ( 140.8086928922844265, -1654.640000000001464, 40.52592744193395902 ) ) ;
#2441 = CARTESIAN_POINT ( 'NONE',  ( 93.24173824788258003, -1664.965579517997185, 42.31508461425096357 ) ) ;
#2442 = CARTESIAN_POINT ( 'NONE',  ( 31.81677680640064665, -4109.418489266521647, -97.32508799232705599 ) ) ;
#2443 = CARTESIAN_POINT ( 'NONE',  ( 102.1648391252876564, -1659.766910427961875, -6.848237096255854972 ) ) ;
#2444 = ORIENTED_EDGE ( 'NONE', *, *, #2251, .T. ) ;
#2445 = ORIENTED_EDGE ( 'NONE', *, *, #790, .F. ) ;
#2446 = CARTESIAN_POINT ( 'NONE',  ( 108.7880293594698600, -1654.640000000001464, -12.70904037076219062 ) ) ;
#2447 = AXIS2_PLACEMENT_3D ( 'NONE', #2473, #1213, #1492 ) ;
#2448 = EDGE_CURVE ( 'NONE', #2508, #159, #747, .T. ) ;
#2449 = VERTEX_POINT ( 'NONE', #30 ) ;
#2450 = DIRECTION ( 'NONE',  ( -4.059191156308233303E-16, 1.000000000000000000, 5.331194851499992434E-17 ) ) ;
#2451 = VERTEX_POINT ( 'NONE', #1822 ) ;
#2452 = CARTESIAN_POINT ( 'NONE',  ( 100.4376881771398757, -1659.359428446884067, -19.92154719042533273 ) ) ;
#2453 = CARTESIAN_POINT ( 'NONE',  ( 35.24009960009031772, -2998.565757696131641, -96.13874438006112655 ) ) ;
#2454 = CYLINDRICAL_SURFACE ( 'NONE', #1952, 9.750000000000001776 ) ;
#2455 = CYLINDRICAL_SURFACE ( 'NONE', #409, 3.250000000000002665 ) ;
#2456 = CARTESIAN_POINT ( 'NONE',  ( 105.0787894666665920, -1659.324318812366755, 37.59304078575306818 ) ) ;
#2457 =( BOUNDED_CURVE ( )  B_SPLINE_CURVE ( 3, ( #2794, #3074, #1555, #2564 ),
 .UNSPECIFIED., .F., .F. ) 
 B_SPLINE_CURVE_WITH_KNOTS ( ( 4, 4 ),
 ( 0.000000000000000000, 0.5925149446769585326 ),
 .UNSPECIFIED. ) 
 CURVE ( )  GEOMETRIC_REPRESENTATION_ITEM ( )  RATIONAL_B_SPLINE_CURVE ( ( 1.000000000000000000, 0.8820113546688922446, 0.8339327449986551066, 0.8557641709892884752 ) ) 
 REPRESENTATION_ITEM ( '' )  );
#2458 = CARTESIAN_POINT ( 'NONE',  ( 28.92740269684525956, -3012.640000000000782, -104.0538580409903489 ) ) ;
#2459 = CARTESIAN_POINT ( 'NONE',  ( 41.37629242494634951, -3007.662394514733478, -93.65103389044872984 ) ) ;
#2460 = FACE_OUTER_BOUND ( 'NONE', #1929, .T. ) ;
#2461 = EDGE_CURVE ( 'NONE', #178, #1648, #1746, .T. ) ;
#2462 = ORIENTED_EDGE ( 'NONE', *, *, #2256, .F. ) ;
#2463 = ORIENTED_EDGE ( 'NONE', *, *, #1699, .T. ) ;
#2464 = CARTESIAN_POINT ( 'NONE',  ( 111.3581917003487689, -1659.405929125396824, -8.883605737953979897 ) ) ;
#2465 = ORIENTED_EDGE ( 'NONE', *, *, #608, .T. ) ;
#2466 = ORIENTED_EDGE ( 'NONE', *, *, #1882, .T. ) ;
#2467 = CARTESIAN_POINT ( 'NONE',  ( 101.7918254564745979, -1632.140000000001237, 40.43240419887398218 ) ) ;
#2468 = DIRECTION ( 'NONE',  ( 1.229331597148917955E-16, -1.000000000000000000, 0.000000000000000000 ) ) ;
#2469 = DIRECTION ( 'NONE',  ( -0.2739130434782610646, 0.000000000000000000, -0.9617544617065606483 ) ) ;
#2470 = SURFACE_STYLE_USAGE ( .BOTH. , #2201 ) ;
#2471 = CARTESIAN_POINT ( 'NONE',  ( 33.68740269684540323, -4096.640000000000327, -104.0538580409903489 ) ) ;
#2472 = AXIS2_PLACEMENT_3D ( 'NONE', #367, #1343, #623 ) ;
#2473 = CARTESIAN_POINT ( 'NONE',  ( 0.000000000000000000, 0.000000000000000000, 1.590000000000000080 ) ) ;
#2474 = AXIS2_PLACEMENT_3D ( 'NONE', #2626, #2377, #2160 ) ;
#2475 = CARTESIAN_POINT ( 'NONE',  ( 16.31265736576175840, -4236.578150927542083, 101.0859893789925223 ) ) ;
#2476 = ADVANCED_FACE ( 'NONE', ( #2369 ), #2042, .T. ) ;
#2477 = CARTESIAN_POINT ( 'NONE',  ( 37.54715903508807884, -3006.875382499559237, -95.26138543163030192 ) ) ;
#2478 = ORIENTED_EDGE ( 'NONE', *, *, #907, .F. ) ;
#2479 = ORIENTED_EDGE ( 'NONE', *, *, #2796, .F. ) ;
#2480 = LINE ( 'NONE', #3202, #251 ) ;
#2481 = EDGE_CURVE ( 'NONE', #3225, #2451, #2489, .T. ) ;
#2482 = ORIENTED_EDGE ( 'NONE', *, *, #2598, .T. ) ;
#2483 = ORIENTED_EDGE ( 'NONE', *, *, #205, .T. ) ;
#2484 = CARTESIAN_POINT ( 'NONE',  ( 94.85531516515723638, -1630.180539498105190, 39.18633679982207951 ) ) ;
#2485 = VECTOR ( 'NONE', #428, 1000.000000000000000 ) ;
#2486 = CARTESIAN_POINT ( 'NONE',  ( 122.0269803920178902, -5894.030000000000655, -208.1769299331839136 ) ) ;
#2487 = CARTESIAN_POINT ( 'NONE',  ( 24.15626002421377905, -4111.816947891944437, -99.50361235445278396 ) ) ;
#2488 = CARTESIAN_POINT ( 'NONE',  ( 31.90525353827053223, -3001.922163183250632, -97.29612746690166603 ) ) ;
#2489 = CIRCLE ( 'NONE', #1214, 8.000000000000001776 ) ;
#2490 = LINE ( 'NONE', #218, #3079 ) ;
#2491 = DIRECTION ( 'NONE',  ( 1.557432298225494398E-16, -1.000000000000000000, -2.492172249590390794E-16 ) ) ;
#2492 = CARTESIAN_POINT ( 'NONE',  ( -108.3937499999994287, -4184.474026095069348, -8.660254037844222097 ) ) ;
#2493 = DIRECTION ( 'NONE',  ( 1.000000000000000000, 0.000000000000000000, 0.000000000000000000 ) ) ;
#2494 = VERTEX_POINT ( 'NONE', #858 ) ;
#2495 = CARTESIAN_POINT ( 'NONE',  ( 34.81840794120371640, -4096.640000000000327, -93.49898157892477002 ) ) ;
#2496 = ORIENTED_EDGE ( 'NONE', *, *, #1515, .T. ) ;
#2497 = EDGE_LOOP ( 'NONE', ( #1047, #984, #715, #737 ) ) ;
#2498 = VERTEX_POINT ( 'NONE', #1871 ) ;
#2499 = CARTESIAN_POINT ( 'NONE',  ( 23.99916385082628167, -5169.640000000000327, 128.0745979281654172 ) ) ;
#2500 = DIRECTION ( 'NONE',  ( 0.000000000000000000, 1.000000000000000000, 0.000000000000000000 ) ) ;
#2501 = CARTESIAN_POINT ( 'NONE',  ( 140.8086928922837444, 3.847779146970257316E-14, 40.52592744193430718 ) ) ;
#2502 = SPHERICAL_SURFACE ( 'NONE', #1632, 5.000000000000000000 ) ;
#2503 = VECTOR ( 'NONE', #3164, 999.9999999999998863 ) ;
#2504 = DIRECTION ( 'NONE',  ( 1.229331597148917955E-16, -1.000000000000000000, 0.000000000000000000 ) ) ;
#2505 = CARTESIAN_POINT ( 'NONE',  ( 33.57494940732009070, -4104.377172597922254, -96.73263570976664028 ) ) ;
#2506 = CARTESIAN_POINT ( 'NONE',  ( 147.1522658341789906, -1654.640000000001464, -7.658292820833226600 ) ) ;
#2507 = CARTESIAN_POINT ( 'NONE',  ( 100.8628925274103239, -1663.880873256129462, -17.64754663071783725 ) ) ;
#2508 = VERTEX_POINT ( 'NONE', #92 ) ;
#2509 = PRODUCT_DEFINITION ( 'UNKNOWN', '', #1267, #2202 ) ;
#2510 = CARTESIAN_POINT ( 'NONE',  ( 33.68740269684527533, -3012.640000000000327, -113.5738580409904017 ) ) ;
#2511 = ORIENTED_EDGE ( 'NONE', *, *, #1887, .F. ) ;
#2512 = ORIENTED_EDGE ( 'NONE', *, *, #1425, .T. ) ;
#2513 = FACE_OUTER_BOUND ( 'NONE', #1551, .T. ) ;
#2514 = DIRECTION ( 'NONE',  ( -0.2940870610010545838, -0.8087343211506713425, -0.5093737315024451373 ) ) ;
#2515 = CARTESIAN_POINT ( 'NONE',  ( 29.94058001093614152, -4112.521967660007249, -97.91898041129667263 ) ) ;
#2516 = CARTESIAN_POINT ( 'NONE',  ( 28.60284745928039030, -3008.411703984420910, -98.31780037310146270 ) ) ;
#2517 = EDGE_CURVE ( 'NONE', #2494, #1924, #48, .T. ) ;
#2518 = DIRECTION ( 'NONE',  ( 0.9617544617065607593, 0.000000000000000000, -0.2739130434782609536 ) ) ;
#2519 = ADVANCED_FACE ( 'NONE', ( #2875 ), #1117, .F. ) ;
#2520 = CARTESIAN_POINT ( 'NONE',  ( 100.9290133677042860, -1622.430295911200574, -17.25972018997281054 ) ) ;
#2521 = CARTESIAN_POINT ( 'NONE',  ( 108.7880293597299470, -1631.804124504670654, -12.70904037072794779 ) ) ;
#2522 = FACE_OUTER_BOUND ( 'NONE', #193, .T. ) ;
#2523 = CARTESIAN_POINT ( 'NONE',  ( 101.1229186447694417, -1665.654820239687979, -16.08552074961490064 ) ) ;
#2524 = ORIENTED_EDGE ( 'NONE', *, *, #326, .F. ) ;
#2525 = VECTOR ( 'NONE', #2950, 1000.000000000000227 ) ;
#2526 = CARTESIAN_POINT ( 'NONE',  ( 20.92316502739577544, -2998.127343246022974, -92.38411190284389818 ) ) ;
#2527 = VECTOR ( 'NONE', #2602, 1000.000000000000000 ) ;
#2528 = CARTESIAN_POINT ( 'NONE',  ( -111.3937499999994287, -4179.474026095070258, -7.999999999999745093 ) ) ;
#2529 = EDGE_LOOP ( 'NONE', ( #3220, #1030, #482 ) ) ;
#2530 = FACE_OUTER_BOUND ( 'NONE', #134, .T. ) ;
#2531 = CARTESIAN_POINT ( 'NONE',  ( -108.3937499999994287, -4169.474026095070258, 0.000000000000000000 ) ) ;
#2532 = CARTESIAN_POINT ( 'NONE',  ( 108.9778780306553898, -1630.684766497187411, -12.46910482364956962 ) ) ;
#2533 = CARTESIAN_POINT ( 'NONE',  ( 22.87794822675513728, -4108.924989243430900, -99.80523146263585943 ) ) ;
#2534 = EDGE_CURVE ( 'NONE', #2212, #1569, #39, .T. ) ;
#2535 = CARTESIAN_POINT ( 'NONE',  ( 29.49339809011234692, -3007.564737859552224, -98.05450633861997289 ) ) ;
#2536 = DIRECTION ( 'NONE',  ( -1.229331597148917955E-16, 1.000000000000000000, -0.000000000000000000 ) ) ;
#2537 = AXIS2_PLACEMENT_3D ( 'NONE', #940, #416, #1951 ) ;
#2538 = CARTESIAN_POINT ( 'NONE',  ( 101.4654346854200213, -1619.266525502615423, -13.76274770911503076 ) ) ;
#2539 = LINE ( 'NONE', #16, #168 ) ;
#2540 = CARTESIAN_POINT ( 'NONE',  ( 24.12213574068766064, -3008.833424630018726, -103.8910296848004862 ) ) ;
#2541 = VECTOR ( 'NONE', #1559, 999.9999999999998863 ) ;
#2542 = CARTESIAN_POINT ( 'NONE',  ( 100.3177669519979673, -1656.648925326345079, -20.51494305826210862 ) ) ;
#2543 = DIRECTION ( 'NONE',  ( 0.000000000000000000, -0.4999999999999319433, 0.8660254037844778985 ) ) ;
#2544 = ORIENTED_EDGE ( 'NONE', *, *, #2014, .T. ) ;
#2545 = CARTESIAN_POINT ( 'NONE',  ( 30.09715722655030490, -4095.582243291722534, -81.09709012149086504 ) ) ;
#2546 = DIRECTION ( 'NONE',  ( 1.000000000000000000, -0.000000000000000000, -0.000000000000000000 ) ) ;
#2547 = CARTESIAN_POINT ( 'NONE',  ( 94.91769261372735400, -1668.214890279193469, 38.40959476777383941 ) ) ;
#2548 = CARTESIAN_POINT ( 'NONE',  ( 31.95283416019595890, -2999.835843323737208, -97.28050607450293796 ) ) ;
#2549 = ORIENTED_EDGE ( 'NONE', *, *, #2415, .T. ) ;
#2550 = DIRECTION ( 'NONE',  ( 0.2739130434782609536, 9.503267737960105256E-17, 0.9617544617065607593 ) ) ;
#2551 = CARTESIAN_POINT ( 'NONE',  ( 22.72133097342596741, -4109.406391788466863, -98.85223854536276633 ) ) ;
#2552 = VECTOR ( 'NONE', #1430, 1000.000000000000000 ) ;
#2553 = CARTESIAN_POINT ( 'NONE',  ( 25.20927200455357209, -4101.710393846792613, -99.24231372125142059 ) ) ;
#2554 = EDGE_CURVE ( 'NONE', #68, #1718, #802, .T. ) ;
#2555 = CARTESIAN_POINT ( 'NONE',  ( 6.330615165941954644E-13, -5149.640000000000327, 0.000000000000000000 ) ) ;
#2556 = CARTESIAN_POINT ( 'NONE',  ( 41.31840794120359561, -3012.640000000000327, -106.4989815789247700 ) ) ;
#2557 = CARTESIAN_POINT ( 'NONE',  ( 94.73456418345516283, -1655.141604737459602, 39.50329812560138976 ) ) ;
#2558 = CARTESIAN_POINT ( 'NONE',  ( 108.7880293594698600, -1654.640000000001464, -12.70904037076219062 ) ) ;
#2559 = EDGE_LOOP ( 'NONE', ( #1384, #754, #2956, #582 ) ) ;
#2560 = CARTESIAN_POINT ( 'NONE',  ( 24.08072345666039027, -3009.642334315024527, -94.22206684950947420 ) ) ;
#2561 = EDGE_CURVE ( 'NONE', #362, #4, #1478, .T. ) ;
#2562 =( BOUNDED_SURFACE ( )  B_SPLINE_SURFACE ( 3, 3, ( 
 ( #55, #2775, #551, #2526 ),
 ( #1552, #2560, #1067, #1268 ),
 ( #750, #801, #1829, #1765 ),
 ( #2012, #2313, #508, #1564 ),
 ( #2510, #5, #2284, #3266 ),
 ( #999, #38, #1048, #3020 ),
 ( #3168, #878, #357, #1628 ) ),
 .UNSPECIFIED., .T., .F., .F. ) 
 B_SPLINE_SURFACE_WITH_KNOTS ( ( 4, 3, 4 ),
 ( 4, 4 ),
 ( 0.000000000000000000, 0.5000000000000000000, 1.000000000000000000 ),
 ( 0.000000000000000000, 1.000000000000000000 ),
 .UNSPECIFIED. ) 
 GEOMETRIC_REPRESENTATION_ITEM ( )  RATIONAL_B_SPLINE_SURFACE ( (
 ( 1.000000000000000000, 0.8636042212540425700, 0.8636042212540425700, 1.000000000000000000),
 ( 0.3333333333333333703, 0.2878680737513475418, 0.2878680737513475418, 0.3333333333333333703),
 ( 0.3333333333333333703, 0.2878680737513475418, 0.2878680737513475418, 0.3333333333333333703),
 ( 1.000000000000000000, 0.8636042212540425700, 0.8636042212540425700, 1.000000000000000000),
 ( 0.3333333333333333703, 0.2878680737513475418, 0.2878680737513475418, 0.3333333333333333703),
 ( 0.3333333333333333703, 0.2878680737513475418, 0.2878680737513475418, 0.3333333333333333703),
 ( 1.000000000000000000, 0.8636042212540425700, 0.8636042212540425700, 1.000000000000000000) ) ) 
 REPRESENTATION_ITEM ( '' )  SURFACE ( )  );
#2563 = CARTESIAN_POINT ( 'NONE',  ( 25.48347706110777366, -2995.356740580969472, -99.17246017659165602 ) ) ;
#2564 = CARTESIAN_POINT ( 'NONE',  ( 39.25218550298983899, -3000.775497512168840, -94.57138030240109572 ) ) ;
#2565 = CARTESIAN_POINT ( 'NONE',  ( 34.81840794120358851, -3012.640000000000782, -99.99898157892477002 ) ) ;
#2566 = VERTEX_POINT ( 'NONE', #2887 ) ;
#2567 = CARTESIAN_POINT ( 'NONE',  ( -102.3814042639701256, -5944.544384651105247, 1.590000000000000080 ) ) ;
#2568 = CARTESIAN_POINT ( 'NONE',  ( 33.67255419885705692, -4111.007960780048052, -113.5204469719776057 ) ) ;
#2569 = CARTESIAN_POINT ( 'NONE',  ( 26.05744698397542791, -4100.919213861342541, -99.02313169607550947 ) ) ;
#2570 = FACE_OUTER_BOUND ( 'NONE', #651, .T. ) ;
#2571 = DIRECTION ( 'NONE',  ( 1.229331597148917955E-16, -1.000000000000000000, 0.000000000000000000 ) ) ;
#2572 = CARTESIAN_POINT ( 'NONE',  ( 151.4568591799477417, -1632.140000000001237, -2.048437552863914490 ) ) ;
#2573 = CARTESIAN_POINT ( 'NONE',  ( 29.36652196497624701, -4096.021028550566371, -68.60348882766109568 ) ) ;
#2574 = ORIENTED_EDGE ( 'NONE', *, *, #214, .T. ) ;
#2575 = CARTESIAN_POINT ( 'NONE',  ( -108.3937499999994287, -4184.474026095069348, 8.660254037844234531 ) ) ;
#2576 = CARTESIAN_POINT ( 'NONE',  ( 119.2730196079804443, 0.000000000000000000, 209.7669299331855370 ) ) ;
#2577 = AXIS2_PLACEMENT_3D ( 'NONE', #2187, #1033, #3269 ) ;
#2578 = ADVANCED_FACE ( 'NONE', ( #2643 ), #1351, .T. ) ;
#2579 = CARTESIAN_POINT ( 'NONE',  ( 19.11831133155139284, -2989.283971322346133, -95.41192896404739088 ) ) ;
#2580 = CARTESIAN_POINT ( 'NONE',  ( 91.93231681486524565, -1659.788590035606148, 45.08834325127480014 ) ) ;
#2581 = AXIS2_PLACEMENT_3D ( 'NONE', #1460, #712, #170 ) ;
#2582 = CARTESIAN_POINT ( 'NONE',  ( 33.64025693775343484, -4104.122581070209890, -96.70996810628278695 ) ) ;
#2583 = VERTEX_POINT ( 'NONE', #1581 ) ;
#2584 = CARTESIAN_POINT ( 'NONE',  ( 22.97975733169207402, -4106.236055587814008, -99.78181593877246769 ) ) ;
#2585 = CARTESIAN_POINT ( 'NONE',  ( 122.0269803920178902, -5792.430000000000291, -208.1769299331839136 ) ) ;
#2586 = FACE_OUTER_BOUND ( 'NONE', #2690, .T. ) ;
#2587 = EDGE_CURVE ( 'NONE', #898, #442, #366, .T. ) ;
#2588 = CARTESIAN_POINT ( 'NONE',  ( 101.9406898136130906, -1627.618846176784928, -11.26813773333133994 ) ) ;
#2589 = VECTOR ( 'NONE', #2032, 1000.000000000000114 ) ;
#2590 = CARTESIAN_POINT ( 'NONE',  ( 84.53433103721555142, -1627.140000000001464, -10.85895552771745720 ) ) ;
#2591 = CARTESIAN_POINT ( 'NONE',  ( -102.3814042639693582, -5691.397657313528725, -1.590000000000000080 ) ) ;
#2592 = CIRCLE ( 'NONE', #3063, 4.999999999999987566 ) ;
#2593 = CARTESIAN_POINT ( 'NONE',  ( -1337.299959909797280, -3673.765041794863009, 2313.091475523566714 ) ) ;
#2594 = ORIENTED_EDGE ( 'NONE', *, *, #3163, .F. ) ;
#2595 = EDGE_CURVE ( 'NONE', #1642, #738, #70, .T. ) ;
#2596 = DIRECTION ( 'NONE',  ( 1.229331597148917955E-16, -1.000000000000000000, -0.000000000000000000 ) ) ;
#2597 = DIRECTION ( 'NONE',  ( 0.000000000000000000, 1.000000000000000000, 0.000000000000000000 ) ) ;
#2598 = EDGE_CURVE ( 'NONE', #2975, #1379, #906, .T. ) ;
#2599 = CARTESIAN_POINT ( 'NONE',  ( 24.08072345666039382, -3005.350995198624332, -103.7420668495095128 ) ) ;
#2600 = FACE_OUTER_BOUND ( 'NONE', #2910, .T. ) ;
#2601 = ORIENTED_EDGE ( 'NONE', *, *, #2372, .F. ) ;
#2602 = DIRECTION ( 'NONE',  ( -0.8660254037844363761, 0.000000000000000000, -0.5000000000000041078 ) ) ;
#2603 = CARTESIAN_POINT ( 'NONE',  ( 33.68740269684540323, -4096.640000000000327, -113.5738580409904017 ) ) ;
#2604 = ADVANCED_FACE ( 'NONE', ( #2742 ), #1939, .T. ) ;
#2605 = CARTESIAN_POINT ( 'NONE',  ( 29.17984788362537785, -4101.241293607091393, -98.14843160162617153 ) ) ;
#2606 = VECTOR ( 'NONE', #1645, 1000.000000000000000 ) ;
#2607 = CARTESIAN_POINT ( 'NONE',  ( 140.8086928922844265, -1632.140000000001237, 40.52592744193395902 ) ) ;
#2608 = DIRECTION ( 'NONE',  ( 1.000000000000000000, 0.000000000000000000, 0.000000000000000000 ) ) ;
#2609 = CARTESIAN_POINT ( 'NONE',  ( 91.54598066963276892, 1.125403666291636035E-14, 45.86734636206587368 ) ) ;
#2610 = CARTESIAN_POINT ( 'NONE',  ( 34.61838240381256782, -4102.180496392336863, -92.97354983353140767 ) ) ;
#2611 = ORIENTED_EDGE ( 'NONE', *, *, #837, .T. ) ;
#2612 = LINE ( 'NONE', #2641, #2893 ) ;
#2613 = DIRECTION ( 'NONE',  ( -0.06425419852213644367, -5.219553084788405633E-16, -0.9979335639070759933 ) ) ;
#2614 = CARTESIAN_POINT ( 'NONE',  ( 29.94140823863733658, -2995.668849292503182, -90.57925820699975361 ) ) ;
#2615 = ORIENTED_EDGE ( 'NONE', *, *, #3275, .T. ) ;
#2616 = PLANE ( 'NONE',  #2376 ) ;
#2617 = CARTESIAN_POINT ( 'NONE',  ( 122.0269803920178902, -5792.430000000000291, -208.1769299331839136 ) ) ;
#2618 = CARTESIAN_POINT ( 'NONE',  ( 24.16740269684537878, -4096.640000000000327, -94.53385804099032441 ) ) ;
#2619 = CARTESIAN_POINT ( 'NONE',  ( 28.05387090802348027, -4100.528728235270137, -98.47587177404518854 ) ) ;
#2620 = ADVANCED_FACE ( 'NONE', ( #2522 ), #963, .T. ) ;
#2621 = CARTESIAN_POINT ( 'NONE',  ( 110.9505941222940066, -1627.639991261601381, -9.603363376427239473 ) ) ;
#2622 = DIRECTION ( 'NONE',  ( 0.8660254037844432595, 0.000000000000000000, -0.4999999999999919509 ) ) ;
#2623 = CARTESIAN_POINT ( 'NONE',  ( 16.31265736576073522, 1.521455223530168475E-15, 101.0859893789924655 ) ) ;
#2624 = CARTESIAN_POINT ( 'NONE',  ( 33.45761975039889791, -4104.834564515872444, -96.77335968328604565 ) ) ;
#2625 = VERTEX_POINT ( 'NONE', #2757 ) ;
#2626 = CARTESIAN_POINT ( 'NONE',  ( 1.988001299013402947E-13, -1617.140000000001464, 0.000000000000000000 ) ) ;
#2627 = EDGE_CURVE ( 'NONE', #1767, #913, #2008, .T. ) ;
#2628 = CARTESIAN_POINT ( 'NONE',  ( 33.63963575136384776, -3004.092153782589321, -96.71018371398793079 ) ) ;
#2629 = CARTESIAN_POINT ( 'NONE',  ( 33.60072345666042537, -3008.449324300153421, -94.22206684950947420 ) ) ;
#2630 = ORIENTED_EDGE ( 'NONE', *, *, #21, .T. ) ;
#2631 = CARTESIAN_POINT ( 'NONE',  ( 34.00250026511570667, -3006.390303778380257, -91.35573627175999434 ) ) ;
#2632 = AXIS2_PLACEMENT_3D ( 'NONE', #2230, #1185, #2713 ) ;
#2633 = AXIS2_PLACEMENT_3D ( 'NONE', #645, #3216, #2189 ) ;
#2634 = CARTESIAN_POINT ( 'NONE',  ( 95.47524362628494998, -1617.916725856387302, 37.00201278114654002 ) ) ;
#2635 = PLANE ( 'NONE',  #1989 ) ;
#2636 = CARTESIAN_POINT ( 'NONE',  ( 93.41722316148249661, -1621.361184230988783, 41.92619595150318190 ) ) ;
#2637 = CARTESIAN_POINT ( 'NONE',  ( 111.5006505189705877, -1627.307089741817663, -8.611993618904525860 ) ) ;
#2638 = CARTESIAN_POINT ( 'NONE',  ( 103.6532928537685478, -1658.417711191473018, 38.94213327175961581 ) ) ;
#2639 = CARTESIAN_POINT ( 'NONE',  ( 33.46798622224135045, -4106.966364556062217, -96.76971473803577339 ) ) ;
#2640 = ORIENTED_EDGE ( 'NONE', *, *, #3159, .T. ) ;
#2641 = CARTESIAN_POINT ( 'NONE',  ( -1334.545999125762819, -3673.765041794863009, 2314.681475523566860 ) ) ;
#2642 = VECTOR ( 'NONE', #220, 1000.000000000000114 ) ;
#2643 = FACE_OUTER_BOUND ( 'NONE', #1018, .T. ) ;
#2644 = FACE_OUTER_BOUND ( 'NONE', #2658, .T. ) ;
#2645 = VERTEX_POINT ( 'NONE', #3263 ) ;
#2646 = CARTESIAN_POINT ( 'NONE',  ( 28.92740269684525956, -3012.640000000000782, -104.0538580409903489 ) ) ;
#2647 = CARTESIAN_POINT ( 'NONE',  ( 96.70354822286988394, -1617.140000000672444, 33.67114665776549742 ) ) ;
#2648 = DIRECTION ( 'NONE',  ( 1.229331597148917955E-16, -1.000000000000000000, -0.000000000000000000 ) ) ;
#2649 = CARTESIAN_POINT ( 'NONE',  ( -102.3937499999992013, -5944.539895423039525, 1.253961781901942107E-14 ) ) ;
#2650 = CARTESIAN_POINT ( 'NONE',  ( 101.7494183276410809, -1618.087043562972667, -11.47660798773584290 ) ) ;
#2651 = CARTESIAN_POINT ( 'NONE',  ( 106.2339744782164956, -1659.640000000001237, 36.30614289894166546 ) ) ;
#2652 = CARTESIAN_POINT ( 'NONE',  ( 31.16195705023352502, -4082.902554215341752, -73.31977957178979466 ) ) ;
#2653 = VERTEX_POINT ( 'NONE', #1986 ) ;
#2654 = CARTESIAN_POINT ( 'NONE',  ( 31.50000000000054001, -4284.640000000000327, 110.6017630962545013 ) ) ;
#2655 = AXIS2_PLACEMENT_3D ( 'NONE', #2501, #1006, #3272 ) ;
#2656 = DIRECTION ( 'NONE',  ( -1.000000000000000000, -1.229331597148917955E-16, 0.000000000000000000 ) ) ;
#2657 = ORIENTED_EDGE ( 'NONE', *, *, #1766, .F. ) ;
#2658 = EDGE_LOOP ( 'NONE', ( #572, #2594, #2016 ) ) ;
#2659 = CARTESIAN_POINT ( 'NONE',  ( 31.74501956147331683, -2998.675410125310918, -97.34854632453289014 ) ) ;
#2660 = ORIENTED_EDGE ( 'NONE', *, *, #694, .T. ) ;
#2661 = CARTESIAN_POINT ( 'NONE',  ( 101.9822464716453396, -1630.852851143646831, 40.29102775464917841 ) ) ;
#2662 = VERTEX_POINT ( 'NONE', #2972 ) ;
#2663 = CARTESIAN_POINT ( 'NONE',  ( 105.2163066467633286, -1627.398908618767791, 37.45025925509403919 ) ) ;
#2664 = CARTESIAN_POINT ( 'NONE',  ( 39.25218550298983899, -3000.775497512168840, -94.57138030240108151 ) ) ;
#2665 = CARTESIAN_POINT ( 'NONE',  ( 92.77741703055049527, -1623.164388005985302, 43.32533981488518293 ) ) ;
#2666 = CARTESIAN_POINT ( 'NONE',  ( 49.81372173996856390, -5691.397657313528725, -89.45989696772294053 ) ) ;
#2667 = CARTESIAN_POINT ( 'NONE',  ( 104.6845109659832929, -1659.140008738400184, 37.99226352882372737 ) ) ;
#2668 = CARTESIAN_POINT ( 'NONE',  ( 41.31840794120373062, -4096.640000000000327, -106.4989815789247700 ) ) ;
#2669 = ORIENTED_EDGE ( 'NONE', *, *, #2282, .F. ) ;
#2670 = CARTESIAN_POINT ( 'NONE',  ( -241.2999999999993008, 0.000000000000000000, -1.590000000000000080 ) ) ;
#2671 = EDGE_CURVE ( 'NONE', #423, #457, #622, .T. ) ;
#2672 = CARTESIAN_POINT ( 'NONE',  ( 102.0775186544695288, -1660.044693515581002, -8.906811329741689320 ) ) ;
#2673 = ORIENTED_EDGE ( 'NONE', *, *, #2174, .F. ) ;
#2674 = VERTEX_POINT ( 'NONE', #3002 ) ;
#2675 = CARTESIAN_POINT ( 'NONE',  ( 31.39867563148649765, -2997.682388868486214, -97.46086544196643331 ) ) ;
#2676 = ORIENTED_EDGE ( 'NONE', *, *, #2320, .T. ) ;
#2677 = CARTESIAN_POINT ( 'NONE',  ( -102.3937499999994429, -4187.804867196142368, -2.891068018844964449 ) ) ;
#2678 = ORIENTED_EDGE ( 'NONE', *, *, #2186, .F. ) ;
#2679 = CARTESIAN_POINT ( 'NONE',  ( 100.2979698085751181, -1655.601566224432645, -20.61061113457533622 ) ) ;
#2680 = LINE ( 'NONE', #2914, #1002 ) ;
#2681 = PLANE ( 'NONE',  #2537 ) ;
#2682 = AXIS2_PLACEMENT_3D ( 'NONE', #94, #3162, #1886 ) ;
#2683 = CARTESIAN_POINT ( 'NONE',  ( 93.99295154143386810, -1620.083973923102349, 40.61960904419374430 ) ) ;
#2684 = CIRCLE ( 'NONE', #1259, 10.00000000000000355 ) ;
#2685 = VECTOR ( 'NONE', #1246, 999.9999999999998863 ) ;
#2686 = CARTESIAN_POINT ( 'NONE',  ( 92.20792128617723904, -1661.369177195048451, 44.52319775013922509 ) ) ;
#2687 = EDGE_CURVE ( 'NONE', #913, #1148, #697, .T. ) ;
#2688 = DIRECTION ( 'NONE',  ( 0.000000000000000000, 1.000000000000000000, 0.000000000000000000 ) ) ;
#2689 = CARTESIAN_POINT ( 'NONE',  ( 22.97975733169207402, -4106.236055587814008, -99.78181593877246769 ) ) ;
#2690 = EDGE_LOOP ( 'NONE', ( #2409, #2085, #1134, #1741 ) ) ;
#2691 = EDGE_CURVE ( 'NONE', #2662, #1767, #1232, .T. ) ;
#2692 = VERTEX_POINT ( 'NONE', #730 ) ;
#2693 = CARTESIAN_POINT ( 'NONE',  ( 109.3251232360028951, -1657.067403567451038, -12.01776464470879269 ) ) ;
#2694 = VERTEX_POINT ( 'NONE', #2506 ) ;
#2695 = AXIS2_PLACEMENT_3D ( 'NONE', #1930, #1169, #686 ) ;
#2696 = DIRECTION ( 'NONE',  ( 0.000000000000000000, 0.000000000000000000, 1.000000000000000000 ) ) ;
#2697 = ORIENTED_EDGE ( 'NONE', *, *, #1938, .T. ) ;
#2698 = EDGE_CURVE ( 'NONE', #2746, #704, #489, .T. ) ;
#2699 = CARTESIAN_POINT ( 'NONE',  ( -108.3937499999994287, -4174.474026095069348, 8.660254037844234531 ) ) ;
#2700 = CARTESIAN_POINT ( 'NONE',  ( 37.43060093364458396, -2998.477642064339307, -95.30726996312910160 ) ) ;
#2701 = AXIS2_PLACEMENT_3D ( 'NONE', #91, #3078, #823 ) ;
#2702 = CARTESIAN_POINT ( 'NONE',  ( -241.2999999999993008, -5894.030000000000655, -1.590000000000000080 ) ) ;
#2703 = CIRCLE ( 'NONE', #2013, 5.000000000000000000 ) ;
#2704 = CARTESIAN_POINT ( 'NONE',  ( 21.70372093894737375, -4118.578546682448177, -104.7118252279833825 ) ) ;
#2705 = EDGE_CURVE ( 'NONE', #1912, #2029, #2592, .T. ) ;
#2706 = CARTESIAN_POINT ( 'NONE',  ( 92.74028981611833444, -1663.454883542719472, 43.40262999144280087 ) ) ;
#2707 = CARTESIAN_POINT ( 'NONE',  ( -111.3937499999994287, -4179.474026095070258, -7.999999999999745093 ) ) ;
#2708 = CARTESIAN_POINT ( 'NONE',  ( 38.08806417970573222, -3006.314953632330344, -95.04633686326788222 ) ) ;
#2709 = CARTESIAN_POINT ( 'NONE',  ( 145.7659171991534777, -1654.640000000001464, 41.17855840303420933 ) ) ;
#2710 =( BOUNDED_CURVE ( )  B_SPLINE_CURVE ( 3, ( #1576, #2540, #829, #781 ),
 .UNSPECIFIED., .F., .F. ) 
 B_SPLINE_CURVE_WITH_KNOTS ( ( 4, 4 ),
 ( 0.000000000000000000, 0.5586390315122002903 ),
 .UNSPECIFIED. ) 
 CURVE ( )  GEOMETRIC_REPRESENTATION_ITEM ( )  RATIONAL_B_SPLINE_CURVE ( ( 1.000000000000000000, 0.9238039942590059450, 0.8901740513702589563, 0.8991101713337588119 ) ) 
 REPRESENTATION_ITEM ( '' )  );
#2711 = ORIENTED_EDGE ( 'NONE', *, *, #240, .F. ) ;
#2712 = EDGE_LOOP ( 'NONE', ( #935, #3149, #1916, #2159, #1451 ) ) ;
#2713 = DIRECTION ( 'NONE',  ( 0.000000000000000000, 0.000000000000000000, -1.000000000000000000 ) ) ;
#2714 = AXIS2_PLACEMENT_3D ( 'NONE', #1495, #2493, #221 ) ;
#2715 = ORIENTED_EDGE ( 'NONE', *, *, #413, .F. ) ;
#2716 = DIRECTION ( 'NONE',  ( 1.229331597148917955E-16, -1.000000000000000000, 0.000000000000000000 ) ) ;
#2717 = ORIENTED_EDGE ( 'NONE', *, *, #271, .T. ) ;
#2718 = CARTESIAN_POINT ( 'NONE',  ( 95.10190961333894677, -1628.914827038277053, 38.52463963430720639 ) ) ;
#2719 = CARTESIAN_POINT ( 'NONE',  ( 108.8263641879221240, -1631.395039926705522, -12.66128399288004758 ) ) ;
#2720 = FILL_AREA_STYLE_COLOUR ( '', #943 ) ;
#2721 = ADVANCED_FACE ( 'NONE', ( #2726 ), #1334, .F. ) ;
#2722 = CARTESIAN_POINT ( 'NONE',  ( 33.67255419885705692, -4105.635036839337772, -104.0004469719775670 ) ) ;
#2723 = CARTESIAN_POINT ( 'NONE',  ( 100.5681546080203645, -1625.656320929161438, -19.25212845178051424 ) ) ;
#2724 = EDGE_CURVE ( 'NONE', #1297, #2029, #2280, .T. ) ;
#2725 = CARTESIAN_POINT ( 'NONE',  ( 39.39476444671911537, -4236.578150927541174, 94.51207633551389620 ) ) ;
#2726 = FACE_OUTER_BOUND ( 'NONE', #1942, .T. ) ;
#2727 = CARTESIAN_POINT ( 'NONE',  ( 23.76000170687331092, -4103.719564835537312, -102.5884086461528000 ) ) ;
#2728 = VERTEX_POINT ( 'NONE', #2786 ) ;
#2729 = EDGE_LOOP ( 'NONE', ( #2873, #3251, #2180, #2151 ) ) ;
#2730 = CARTESIAN_POINT ( 'NONE',  ( 34.60350199942998017, -4095.703226648402506, -75.86011008703675884 ) ) ;
#2731 = ORIENTED_EDGE ( 'NONE', *, *, #2286, .T. ) ;
#2732 = ORIENTED_EDGE ( 'NONE', *, *, #2627, .F. ) ;
#2733 = ORIENTED_EDGE ( 'NONE', *, *, #1486, .T. ) ;
#2734 = DIRECTION ( 'NONE',  ( 1.000000000000000000, 1.229331597148917955E-16, 0.000000000000000000 ) ) ;
#2735 = DIRECTION ( 'NONE',  ( -0.000000000000000000, 0.5000000000000207612, 0.8660254037844267172 ) ) ;
#2736 = CARTESIAN_POINT ( 'NONE',  ( 22.80232329760438859, -4107.912864479766540, -99.82251453730383162 ) ) ;
#2737 = DIRECTION ( 'NONE',  ( 0.000000000000000000, 1.000000000000000000, 0.000000000000000000 ) ) ;
#2738 = CIRCLE ( 'NONE', #3156, 102.3937499999999261 ) ;
#2739 = CARTESIAN_POINT ( 'NONE',  ( 102.0458991984611146, -1617.246262997638269, -8.484454608402709042 ) ) ;
#2740 = CIRCLE ( 'NONE', #778, 4.760000000000013998 ) ;
#2741 = CARTESIAN_POINT ( 'NONE',  ( -102.3937499999994145, -4171.143184993996329, 2.891068018845051490 ) ) ;
#2742 = FACE_OUTER_BOUND ( 'NONE', #1056, .T. ) ;
#2743 = CARTESIAN_POINT ( 'NONE',  ( 101.7307680863243462, -1655.140854292169706, -13.63814644317087854 ) ) ;
#2744 = ORIENTED_EDGE ( 'NONE', *, *, #456, .T. ) ;
#2745 = CARTESIAN_POINT ( 'NONE',  ( 109.0812326675212347, -1656.438497239838398, -12.33630695361517482 ) ) ;
#2746 = VERTEX_POINT ( 'NONE', #2060 ) ;
#2747 = LINE ( 'NONE', #1499, #1531 ) ;
#2748 = ORIENTED_EDGE ( 'NONE', *, *, #472, .F. ) ;
#2749 = ORIENTED_EDGE ( 'NONE', *, *, #2186, .T. ) ;
#2750 = DIRECTION ( 'NONE',  ( 0.9617544617065607593, 1.182315148474823955E-16, -0.2739130434782609536 ) ) ;
#2751 = VECTOR ( 'NONE', #736, 1000.000000000000000 ) ;
#2752 = CARTESIAN_POINT ( 'NONE',  ( 49.81372173996758335, -5944.544384651105247, 89.45989696772343791 ) ) ;
#2753 = CARTESIAN_POINT ( 'NONE',  ( 28.14543448469760278, -4113.321350310607158, -98.45013129102959226 ) ) ;
#2754 = DIRECTION ( 'NONE',  ( 0.000000000000000000, 1.000000000000000000, -0.000000000000000000 ) ) ;
#2755 = CARTESIAN_POINT ( 'NONE',  ( 100.3675683606258104, -1628.831850046894715, -20.26915847144695704 ) ) ;
#2756 = DIRECTION ( 'NONE',  ( 0.3203490018862338307, -8.700687255488606131E-16, -0.9472995919932057918 ) ) ;
#2757 = CARTESIAN_POINT ( 'NONE',  ( 52.56768252400200936, -5944.544384651105247, 87.86989696772407399 ) ) ;
#2758 = CARTESIAN_POINT ( 'NONE',  ( 0.000000000000000000, 0.000000000000000000, 0.000000000000000000 ) ) ;
#2759 = CARTESIAN_POINT ( 'NONE',  ( 39.25218550299000952, -4107.375767896999605, -94.57138030240105309 ) ) ;
#2760 = CARTESIAN_POINT ( 'NONE',  ( 111.5298622181523456, -1659.492281322547115, -8.561252628870194670 ) ) ;
#2761 = ORIENTED_EDGE ( 'NONE', *, *, #2595, .T. ) ;
#2762 = EDGE_CURVE ( 'NONE', #1686, #362, #65, .T. ) ;
#2763 = ORIENTED_EDGE ( 'NONE', *, *, #2970, .F. ) ;
#2764 = EDGE_CURVE ( 'NONE', #950, #480, #3033, .T. ) ;
#2765 = LINE ( 'NONE', #3270, #843 ) ;
#2766 = DIRECTION ( 'NONE',  ( 0.9914448613738101601, 0.000000000000000000, 0.1305261922200529057 ) ) ;
#2767 = CYLINDRICAL_SURFACE ( 'NONE', #2655, 5.000000000000004441 ) ;
#2768 = FACE_OUTER_BOUND ( 'NONE', #3219, .T. ) ;
#2769 = CARTESIAN_POINT ( 'NONE',  ( 101.2458123144333086, -1620.381318006825040, -15.30900169503331831 ) ) ;
#2770 = CARTESIAN_POINT ( 'NONE',  ( -102.0268594001716025, -4184.474026095069348, -8.660254037844222097 ) ) ;
#2771 = CARTESIAN_POINT ( 'NONE',  ( -102.0268594001721141, -1.254248420185016939E-14, -8.660254037844222097 ) ) ;
#2772 = CARTESIAN_POINT ( 'NONE',  ( 101.9137534976640893, -1658.906662580638795, -11.63457924193419402 ) ) ;
#2773 = CARTESIAN_POINT ( 'NONE',  ( 38.51018800354368210, -4108.821794346270508, -94.87606287381495918 ) ) ;
#2774 = EDGE_CURVE ( 'NONE', #1900, #2498, #1027, .T. ) ;
#2775 = CARTESIAN_POINT ( 'NONE',  ( 24.08072345666039382, -3005.350995198624332, -103.7420668495095128 ) ) ;
#2776 = DIRECTION ( 'NONE',  ( 0.000000000000000000, 0.000000000000000000, 1.000000000000000000 ) ) ;
#2777 = ORIENTED_EDGE ( 'NONE', *, *, #3137, .T. ) ;
#2778 = CARTESIAN_POINT ( 'NONE',  ( 32.97604121149232981, -4102.784133872945858, -91.97504182826276065 ) ) ;
#2779 = LINE ( 'NONE', #3265, #2541 ) ;
#2780 = CARTESIAN_POINT ( 'NONE',  ( 112.0135156775198055, -1627.140000000001464, -7.567463270125819541 ) ) ;
#2781 = CARTESIAN_POINT ( 'NONE',  ( 24.74665827109378569, -4112.406432563136150, -99.35874814170192337 ) ) ;
#2782 = CARTESIAN_POINT ( 'NONE',  ( 39.24019906219650267, -2997.922774713602848, -94.53989404025050192 ) ) ;
#2783 = LINE ( 'NONE', #3061, #2211 ) ;
#2784 = CARTESIAN_POINT ( 'NONE',  ( 101.5722478072258639, -1618.784525662988926, -12.95091254674718506 ) ) ;
#2785 = FACE_OUTER_BOUND ( 'NONE', #885, .T. ) ;
#2786 = CARTESIAN_POINT ( 'NONE',  ( 96.99755759765443486, -1617.140000000001464, 32.80173561188851750 ) ) ;
#2787 = CARTESIAN_POINT ( 'NONE',  ( 108.8185727542302885, -1655.309641775444788, -12.67096914087975534 ) ) ;
#2788 = CARTESIAN_POINT ( 'NONE',  ( 78.84338905642125894, -1627.140000000001464, 32.36804042818067018 ) ) ;
#2789 = CARTESIAN_POINT ( 'NONE',  ( 29.29405426645992705, -4110.402445608284324, -74.91312898754908645 ) ) ;
#2790 = VECTOR ( 'NONE', #2750, 999.9999999999998863 ) ;
#2791 =( BOUNDED_SURFACE ( )  B_SPLINE_SURFACE ( 3, 3, ( 
 ( #701, #1944, #2958, #1200, #1706, #716, #2214 ),
 ( #3221, #949, #2990, #1960, #2730, #208, #477 ),
 ( #2495, #223, #2807, #1513, #2545, #2824, #1299 ),
 ( #1031, #2839, #2081, #3054, #1814, #238, #1017 ),
 ( #288, #257, #1782, #2030, #2048, #816, #3086 ),
 ( #3071, #3036, #525, #2789, #1316, #567, #1285 ),
 ( #305, #1250, #2263, #1533, #274, #2332, #785 ) ),
 .UNSPECIFIED., .T., .F., .F. ) 
 B_SPLINE_SURFACE_WITH_KNOTS ( ( 4, 3, 4 ),
 ( 4, 3, 4 ),
 ( 0.000000000000000000, 0.5000000000000000000, 1.000000000000000000 ),
 ( 0.000000000000000000, 0.5000000000000000000, 1.000000000000000000 ),
 .UNSPECIFIED. ) 
 GEOMETRIC_REPRESENTATION_ITEM ( )  RATIONAL_B_SPLINE_SURFACE ( (
 ( 1.000000000000000000, 0.6018361484906618042, 0.6018361484906618042, 1.000000000000000000, 0.6018361484906618042, 0.6018361484906618042, 1.000000000000000000),
 ( 0.3333333333333333703, 0.2006120494968872958, 0.2006120494968872958, 0.3333333333333333703, 0.2006120494968872958, 0.2006120494968872958, 0.3333333333333333703),
 ( 0.3333333333333333703, 0.2006120494968872958, 0.2006120494968872958, 0.3333333333333333703, 0.2006120494968872958, 0.2006120494968872958, 0.3333333333333333703),
 ( 1.000000000000000000, 0.6018361484906618042, 0.6018361484906618042, 1.000000000000000000, 0.6018361484906618042, 0.6018361484906618042, 1.000000000000000000),
 ( 0.3333333333333333703, 0.2006120494968872958, 0.2006120494968872958, 0.3333333333333333703, 0.2006120494968872958, 0.2006120494968872958, 0.3333333333333333703),
 ( 0.3333333333333333703, 0.2006120494968872958, 0.2006120494968872958, 0.3333333333333333703, 0.2006120494968872958, 0.2006120494968872958, 0.3333333333333333703),
 ( 1.000000000000000000, 0.6018361484906618042, 0.6018361484906618042, 1.000000000000000000, 0.6018361484906618042, 0.6018361484906618042, 1.000000000000000000) ) ) 
 REPRESENTATION_ITEM ( '' )  SURFACE ( )  );
#2792 = DIRECTION ( 'NONE',  ( 0.000000000000000000, 0.000000000000000000, -1.000000000000000000 ) ) ;
#2793 = DIRECTION ( 'NONE',  ( 0.000000000000000000, 1.000000000000000000, -0.000000000000000000 ) ) ;
#2794 = CARTESIAN_POINT ( 'NONE',  ( 41.31840794120359561, -3012.640000000000782, -99.99898157892477002 ) ) ;
#2795 = CARTESIAN_POINT ( 'NONE',  ( 41.37629242494634951, -3007.662394514733478, -93.65103389044872984 ) ) ;
#2796 = EDGE_CURVE ( 'NONE', #901, #687, #2327, .T. ) ;
#2797 = VECTOR ( 'NONE', #692, 1000.000000000000000 ) ;
#2798 = ORIENTED_EDGE ( 'NONE', *, *, #921, .F. ) ;
#2799 = AXIS2_PLACEMENT_3D ( 'NONE', #2172, #1712, #2608 ) ;
#2800 = CARTESIAN_POINT ( 'NONE',  ( 23.99916385082628167, -5169.640000000000327, 128.0745979281654172 ) ) ;
#2801 = ADVANCED_FACE ( 'NONE', ( #51 ), #1824, .T. ) ;
#2802 = CARTESIAN_POINT ( 'NONE',  ( 34.77055730063144523, -4099.438827903901256, -99.87328640058903773 ) ) ;
#2803 = CARTESIAN_POINT ( 'NONE',  ( 147.1522658341789622, -1627.140000000001464, -7.658292820833224823 ) ) ;
#2804 = DIRECTION ( 'NONE',  ( 1.000000000000000000, 1.229331597148917955E-16, 0.000000000000000000 ) ) ;
#2805 = CARTESIAN_POINT ( 'NONE',  ( 35.90339834447845391, -4109.791920710848899, -95.89305687506612230 ) ) ;
#2806 = ORIENTED_EDGE ( 'NONE', *, *, #3102, .F. ) ;
#2807 = CARTESIAN_POINT ( 'NONE',  ( 32.73357029512320793, -4103.897352265465997, -88.02248144034636823 ) ) ;
#2808 = CARTESIAN_POINT ( 'NONE',  ( 26.43930058582447273, -2994.985126108506847, -98.92154307399501079 ) ) ;
#2809 = CARTESIAN_POINT ( 'NONE',  ( 91.70158216074983670, -1657.948149953107759, 45.55554184707688137 ) ) ;
#2810 = DIRECTION ( 'NONE',  ( 0.2739130434782609536, 0.000000000000000000, 0.9617544617065607593 ) ) ;
#2811 = ORIENTED_EDGE ( 'NONE', *, *, #1887, .T. ) ;
#2812 = CARTESIAN_POINT ( 'NONE',  ( 50.73990242684929797, -5944.538398893395424, -88.94417418487776672 ) ) ;
#2813 = DIRECTION ( 'NONE',  ( -1.000000000000000000, 0.000000000000000000, 0.000000000000000000 ) ) ;
#2814 = VECTOR ( 'NONE', #3260, 1000.000000000000000 ) ;
#2815 = CARTESIAN_POINT ( 'NONE',  ( 31.90449697241918514, -4106.692760868955702, -97.29637587040008384 ) ) ;
#2816 = EDGE_CURVE ( 'NONE', #2231, #82, #547, .T. ) ;
#2817 = DIRECTION ( 'NONE',  ( -0.5000000000000039968, 0.000000000000000000, 0.8660254037844363761 ) ) ;
#2818 = CARTESIAN_POINT ( 'NONE',  ( 34.87629242494636372, -3001.825117999263966, -106.6510338904487440 ) ) ;
#2819 = ADVANCED_FACE ( 'NONE', ( #797, #2852, #2044, #578 ), #3049, .T. ) ;
#2820 = CARTESIAN_POINT ( 'NONE',  ( 140.8086928922844265, -1632.140000000001237, 45.52592744193395902 ) ) ;
#2821 = EDGE_CURVE ( 'NONE', #2903, #1500, #2710, .T. ) ;
#2822 = DIRECTION ( 'NONE',  ( 0.9914448613738102711, 1.218814494917753813E-16, 0.1305261922200525726 ) ) ;
#2823 = EDGE_LOOP ( 'NONE', ( #2080, #1496, #699, #2479 ) ) ;
#2824 = CARTESIAN_POINT ( 'NONE',  ( 30.92014283899595739, -4090.516442166906472, -83.25892791690833405 ) ) ;
#2825 = CARTESIAN_POINT ( 'NONE',  ( 105.2592603624031966, -1659.403837599640610, 37.40801009696042456 ) ) ;
#2826 = CARTESIAN_POINT ( 'NONE',  ( 33.68740269684527533, -3012.640000000000327, -113.5738580409904017 ) ) ;
#2827 = CARTESIAN_POINT ( 'NONE',  ( 91.54598066963309577, -1655.600881623048963, 45.86734636206548998 ) ) ;
#2828 = CARTESIAN_POINT ( 'NONE',  ( 34.39657004264815754, -4102.459720850773010, -96.44367010508634053 ) ) ;
#2829 = EDGE_LOOP ( 'NONE', ( #3098, #1284, #1369, #2162 ) ) ;
#2830 = LINE ( 'NONE', #792, #2423 ) ;
#2831 = DIRECTION ( 'NONE',  ( 1.229331597148917955E-16, -1.000000000000000000, 0.000000000000000000 ) ) ;
#2832 = CARTESIAN_POINT ( 'NONE',  ( 31.81677680640064665, -4109.418489266521647, -97.32508799232705599 ) ) ;
#2833 = EDGE_CURVE ( 'NONE', #1252, #2694, #3095, .T. ) ;
#2834 = CARTESIAN_POINT ( 'NONE',  ( 112.1614954983810435, -1627.140000000001464, -7.221770325147251590 ) ) ;
#2835 = DIRECTION ( 'NONE',  ( -0.9914448613738103822, -1.218814494917753813E-16, -0.1305261922200525726 ) ) ;
#2836 = EDGE_CURVE ( 'NONE', #1103, #1037, #2245, .T. ) ;
#2837 = DIRECTION ( 'NONE',  ( 0.1305261922200512958, 0.000000000000000000, -0.9914448613738103822 ) ) ;
#2838 = ORIENTED_EDGE ( 'NONE', *, *, #1032, .T. ) ;
#2839 = CARTESIAN_POINT ( 'NONE',  ( 34.61838240381257492, -4108.339677347002180, -99.47354983353142188 ) ) ;
#2840 = DIRECTION ( 'NONE',  ( 0.9914448613738102711, 1.218814494917753813E-16, 0.1305261922200525726 ) ) ;
#2841 = AXIS2_PLACEMENT_3D ( 'NONE', #2440, #3195, #1458 ) ;
#2842 = EDGE_CURVE ( 'NONE', #210, #848, #253, .T. ) ;
#2843 = CARTESIAN_POINT ( 'NONE',  ( 22.78993803170483901, -3001.040609286020299, -99.82534485719311590 ) ) ;
#2844 = AXIS2_PLACEMENT_3D ( 'NONE', #2555, #780, #1760 ) ;
#2845 = CARTESIAN_POINT ( 'NONE',  ( 39.24019906219650267, -2997.922774713602848, -94.53989404025050192 ) ) ;
#2846 = ORIENTED_EDGE ( 'NONE', *, *, #2724, .F. ) ;
#2847 = CARTESIAN_POINT ( 'NONE',  ( 95.94254373262882041, -1617.518812358759988, 35.77297418773115822 ) ) ;
#2848 = CARTESIAN_POINT ( 'NONE',  ( 32.00587159638045875, -4102.728697240781912, -88.48527496379610113 ) ) ;
#2849 = CARTESIAN_POINT ( 'NONE',  ( 31.66158704080872255, -4105.550001414319922, -97.37572912863139152 ) ) ;
#2850 = CARTESIAN_POINT ( 'NONE',  ( 102.1227649376523345, -1626.768197946968940, -7.812533252232456427 ) ) ;
#2851 = VECTOR ( 'NONE', #1237, 1000.000000000000000 ) ;
#2852 = FACE_BOUND ( 'NONE', #3035, .T. ) ;
#2853 = VECTOR ( 'NONE', #2, 1000.000000000000000 ) ;
#2854 = CARTESIAN_POINT ( 'NONE',  ( 33.57494940732009070, -4104.377172597922254, -96.73263570976664028 ) ) ;
#2855 = VERTEX_POINT ( 'NONE', #2702 ) ;
#2856 = DIRECTION ( 'NONE',  ( 0.9914448613738103822, 3.954878156860869648E-16, 0.1305261922200524061 ) ) ;
#2857 = VECTOR ( 'NONE', #2831, 1000.000000000000000 ) ;
#2858 = CARTESIAN_POINT ( 'NONE',  ( 102.0373050802492116, -1656.095233502815290, 40.24978070906333016 ) ) ;
#2859 = CARTESIAN_POINT ( 'NONE',  ( 30.21074278864517737, -2995.996078552310337, -97.83562459336103245 ) ) ;
#2860 = ADVANCED_FACE ( 'NONE', ( #2984 ), #2454, .T. ) ;
#2861 = CARTESIAN_POINT ( 'NONE',  ( 34.87629242494636372, -3009.034693866505222, -93.65103389044872984 ) ) ;
#2862 = ADVANCED_FACE ( 'NONE', ( #2356 ), #181, .T. ) ;
#2863 = LINE ( 'NONE', #2617, #2527 ) ;
#2864 = CARTESIAN_POINT ( 'NONE',  ( 33.67255419885705692, -4105.635036839337772, -104.0004469719775670 ) ) ;
#2865 = CARTESIAN_POINT ( 'NONE',  ( 23.16010280467603977, -4105.477151263798078, -99.74019384337955785 ) ) ;
#2866 = ADVANCED_FACE ( 'NONE', ( #79 ), #1676, .T. ) ;
#2867 = FACE_OUTER_BOUND ( 'NONE', #2823, .T. ) ;
#2868 = CIRCLE ( 'NONE', #1230, 4.999999999999997335 ) ;
#2869 = CARTESIAN_POINT ( 'NONE',  ( 102.1010199729305725, -1626.724586251037408, -8.350343901959119464 ) ) ;
#2870 = PLANE ( 'NONE',  #526 ) ;
#2871 = CARTESIAN_POINT ( 'NONE',  ( -102.3937499999994287, -4189.474026095069348, 5.117434254131580929E-13 ) ) ;
#2872 = CARTESIAN_POINT ( 'NONE',  ( 33.65855824528080120, -4107.650098360877564, -96.70362659669486050 ) ) ;
#2873 = ORIENTED_EDGE ( 'NONE', *, *, #182, .F. ) ;
#2874 = CARTESIAN_POINT ( 'NONE',  ( 146.4996348730787190, -1654.640000000001464, -2.701068513964177686 ) ) ;
#2875 = FACE_OUTER_BOUND ( 'NONE', #1688, .T. ) ;
#2876 = CARTESIAN_POINT ( 'NONE',  ( 31.45821109685429207, -2989.902775274127634, -105.5553024616152555 ) ) ;
#2877 = EDGE_LOOP ( 'NONE', ( #681, #2496, #2445, #1399 ) ) ;
#2878 = CARTESIAN_POINT ( 'NONE',  ( 35.44016740742554106, -4101.330014917277367, -96.06501088639662100 ) ) ;
#2879 = CARTESIAN_POINT ( 'NONE',  ( 103.9085041728209546, -1628.153336603053503, 38.71613536781772069 ) ) ;
#2880 = CARTESIAN_POINT ( 'NONE',  ( 2671.845959035538272, -3673.765041794863009, -1.590000000000000080 ) ) ;
#2881 = CARTESIAN_POINT ( 'NONE',  ( 92.45408987575585513, -1624.382542590215735, 44.00891773012079256 ) ) ;
#2882 = CARTESIAN_POINT ( 'NONE',  ( 110.1101955409207704, -1628.470351675136044, -10.92115658091543828 ) ) ;
#2883 = CARTESIAN_POINT ( 'NONE',  ( 95.93808306492898907, -1669.258133082909126, 35.78497722330784114 ) ) ;
#2884 = CARTESIAN_POINT ( 'NONE',  ( 33.36979586344552473, -4106.020436422564671, -96.80359911715471810 ) ) ;
#2885 = EDGE_LOOP ( 'NONE', ( #2399, #292, #3152, #1514 ) ) ;
#2886 = LINE ( 'NONE', #3150, #1203 ) ;
#2887 = CARTESIAN_POINT ( 'NONE',  ( 91.54598066963293945, -1654.640000000001464, 45.86734636206585947 ) ) ;
#2888 = CARTESIAN_POINT ( 'NONE',  ( 50.73990242684934060, -5691.409629252383638, -88.94417418487772409 ) ) ;
#2889 = ORIENTED_EDGE ( 'NONE', *, *, #1728, .T. ) ;
#2890 = MANIFOLD_SOLID_BREP ( 'Fillet3', #254 ) ;
#2891 = CARTESIAN_POINT ( 'NONE',  ( 146.4996348730787190, -1654.640000000001464, -2.701068513964177686 ) ) ;
#2892 = AXIS2_PLACEMENT_3D ( 'NONE', #391, #2148, #882 ) ;
#2893 = VECTOR ( 'NONE', #835, 1000.000000000000000 ) ;
#2894 = DIRECTION ( 'NONE',  ( -0.000000000000000000, -1.000000000000000000, -0.000000000000000000 ) ) ;
#2895 = CARTESIAN_POINT ( 'NONE',  ( 33.51726882134396135, -3003.603914583800361, -96.75265607561027537 ) ) ;
#2896 = ADVANCED_FACE ( 'NONE', ( #1608 ), #2681, .T. ) ;
#2897 =( BOUNDED_CURVE ( )  B_SPLINE_CURVE ( 3, ( #1366, #1145, #2920, #2095 ),
 .UNSPECIFIED., .F., .F. ) 
 B_SPLINE_CURVE_WITH_KNOTS ( ( 4, 4 ),
 ( 0.000000000000000000, 0.5042963472680573878 ),
 .UNSPECIFIED. ) 
 CURVE ( )  GEOMETRIC_REPRESENTATION_ITEM ( )  RATIONAL_B_SPLINE_CURVE ( ( 1.000000000000000000, 0.8995784943584430593, 0.8497991871990819845, 0.8506620785219165537 ) ) 
 REPRESENTATION_ITEM ( '' )  );
#2898 = CYLINDRICAL_SURFACE ( 'NONE', #2204, 9.999999999999994671 ) ;
#2899 = CARTESIAN_POINT ( 'NONE',  ( 102.1297241706037653, -1626.796565998876531, -7.639925368624534308 ) ) ;
#2900 = CARTESIAN_POINT ( 'NONE',  ( 96.46078404732638489, -1660.055413748965293, 34.49150132668577129 ) ) ;
#2901 = PLANE ( 'NONE',  #3279 ) ;
#2902 = EDGE_CURVE ( 'NONE', #2583, #342, #2966, .T. ) ;
#2903 = VERTEX_POINT ( 'NONE', #1174 ) ;
#2904 = AXIS2_PLACEMENT_3D ( 'NONE', #570, #1867, #3089 ) ;
#2905 = DIRECTION ( 'NONE',  ( 0.1305261922200524061, 0.000000000000000000, -0.9914448613738103822 ) ) ;
#2906 = AXIS2_PLACEMENT_3D ( 'NONE', #2123, #3127, #1109 ) ;
#2907 = DIRECTION ( 'NONE',  ( 0.000000000000000000, 0.000000000000000000, -1.000000000000000000 ) ) ;
#2908 = ORIENTED_EDGE ( 'NONE', *, *, #3280, .F. ) ;
#2909 = CARTESIAN_POINT ( 'NONE',  ( 140.8086928922844265, -1632.140000000001237, 40.52592744193395902 ) ) ;
#2910 = EDGE_LOOP ( 'NONE', ( #1739, #304, #868, #1974 ) ) ;
#2911 = CARTESIAN_POINT ( 'NONE',  ( -102.2713800226108276, -4186.137204172804559, -5.779545105169788144 ) ) ;
#2912 = ORIENTED_EDGE ( 'NONE', *, *, #354, .F. ) ;
#2913 = CARTESIAN_POINT ( 'NONE',  ( 93.94472030799349227, -1620.180009809005014, 40.73082734988032172 ) ) ;
#2914 = CARTESIAN_POINT ( 'NONE',  ( -241.2999999999993008, 0.000000000000000000, 1.590000000000000080 ) ) ;
#2915 = CARTESIAN_POINT ( 'NONE',  ( 52.56768252400156882, -5691.397657313528725, 87.86989696772363345 ) ) ;
#2916 = CARTESIAN_POINT ( 'NONE',  ( 78.19075809532100152, -1632.140000000001237, 37.32526473504972842 ) ) ;
#2917 = CARTESIAN_POINT ( 'NONE',  ( 94.96686877080928468, -1657.248729121867427, 38.88926707756920109 ) ) ;
#2918 = CARTESIAN_POINT ( 'NONE',  ( 19.62319715764315475, -4096.217847096049809, -66.58384760274037717 ) ) ;
#2919 = ORIENTED_EDGE ( 'NONE', *, *, #344, .F. ) ;
#2920 = CARTESIAN_POINT ( 'NONE',  ( 34.43101102212159503, -3006.275042212134395, -98.98135831937456430 ) ) ;
#2921 = CARTESIAN_POINT ( 'NONE',  ( 102.1821598593103033, -1669.640000000001237, -6.579228339925900393 ) ) ;
#2922 = ORIENTED_EDGE ( 'NONE', *, *, #2833, .T. ) ;
#2923 = B_SPLINE_CURVE_WITH_KNOTS ( 'NONE', 3,
 ( #1404, #2418, #2548, #12, #1475, #2488, #515, #2255, #1519, #279, #217, #2291, #1023, #2535, #1289, #3273, #2516, #1491, #775, #500, #244, #265, #1227, #2039, #760, #468, #2303, #1007, #3258, #1757, #2238, #990, #3244, #2997, #1258, #725, #2273, #1538 ),
 .UNSPECIFIED., .F., .F.,
 ( 4, 2, 2, 2, 2, 2, 2, 2, 2, 2, 2, 2, 2, 2, 2, 2, 2, 2, 4 ),
 ( 0.01665588708818379129, 0.01789786224333079004, 0.01913983739847778531, 0.02038181255362478406, 0.02162378770877177933, 0.02410773801906453129, 0.02534971317421090900, 0.02659168832935728671, 0.02721267590693090058, 0.02783366348450451791, 0.02814415727329133005, 0.02845465106207814565, 0.02907563863965188095, 0.02969662621722561624, 0.03031761379479935500, 0.03155958894994683600, 0.03280156410509432047, 0.03404353926024179799, 0.03652748957053677387 ),
 .UNSPECIFIED. ) ;
#2924 = ORIENTED_EDGE ( 'NONE', *, *, #3209, .F. ) ;
#2925 = CARTESIAN_POINT ( 'NONE',  ( 2.040457334184179871E-13, -1659.640000000001237, -1.590872150442208268E-16 ) ) ;
#2926 = ORIENTED_EDGE ( 'NONE', *, *, #2764, .F. ) ;
#2927 = CARTESIAN_POINT ( 'NONE',  ( 39.39476444671820587, 5.326834159448133285E-15, 94.51207633551423726 ) ) ;
#2928 = VERTEX_POINT ( 'NONE', #1457 ) ;
#2929 = CARTESIAN_POINT ( 'NONE',  ( 95.20420641830827435, -1628.540095274854593, 38.24439055206494231 ) ) ;
#2930 = DIRECTION ( 'NONE',  ( 1.000000000000000000, 1.208387367954123044E-16, -1.922389810624376059E-33 ) ) ;
#2931 = CARTESIAN_POINT ( 'NONE',  ( 31.50000000000054001, -4284.640000000000327, 110.6017630962545013 ) ) ;
#2932 = EDGE_CURVE ( 'NONE', #1595, #457, #2439, .T. ) ;
#2933 = DIRECTION ( 'NONE',  ( -0.2739130434782606760, -0.000000000000000000, -0.9617544617065607593 ) ) ;
#2934 = CARTESIAN_POINT ( 'NONE',  ( 95.31202625215709645, -1668.692956437030034, 37.42023934484630132 ) ) ;
#2935 = ADVANCED_FACE ( 'NONE', ( #2949 ), #674, .T. ) ;
#2936 = CARTESIAN_POINT ( 'NONE',  ( 34.61838240381256782, -4114.498858301666587, -105.9735498335314219 ) ) ;
#2937 = CARTESIAN_POINT ( 'NONE',  ( 16.31265736576156300, -5197.701849072458572, 101.0859893789923518 ) ) ;
#2938 = CARTESIAN_POINT ( 'NONE',  ( -108.3937499999994287, -7.375989582893507732E-16, 0.000000000000000000 ) ) ;
#2939 = EDGE_CURVE ( 'NONE', #2249, #1297, #334, .T. ) ;
#2940 = ORIENTED_EDGE ( 'NONE', *, *, #2796, .T. ) ;
#2941 = EDGE_LOOP ( 'NONE', ( #702, #1482, #1136, #2806 ) ) ;
#2942 = FACE_OUTER_BOUND ( 'NONE', #3186, .T. ) ;
#2943 = ORIENTED_EDGE ( 'NONE', *, *, #2671, .F. ) ;
#2944 = CARTESIAN_POINT ( 'NONE',  ( 102.2456495014921529, -1630.179969023780131, 40.09175126281660084 ) ) ;
#2945 = ORIENTED_EDGE ( 'NONE', *, *, #2517, .F. ) ;
#2946 = ADVANCED_FACE ( 'NONE', ( #3114 ), #2870, .T. ) ;
#2947 = CARTESIAN_POINT ( 'NONE',  ( 102.0973238298560943, -1630.499828865229347, 40.20505302555045546 ) ) ;
#2948 = CARTESIAN_POINT ( 'NONE',  ( 38.35862966678958230, -2999.135583712203243, -94.93750274670198053 ) ) ;
#2949 = FACE_OUTER_BOUND ( 'NONE', #1976, .T. ) ;
#2950 = DIRECTION ( 'NONE',  ( 0.8660254037844432595, 0.000000000000000000, -0.4999999999999918954 ) ) ;
#2951 = VECTOR ( 'NONE', #109, 1000.000000000000000 ) ;
#2952 = CARTESIAN_POINT ( 'NONE',  ( 95.42951232174337406, -1658.887002695771343, 37.61475810842338774 ) ) ;
#2953 = PLANE ( 'NONE',  #2633 ) ;
#2954 = CARTESIAN_POINT ( 'NONE',  ( -96.39374999999941451, -4174.474026095069348, 8.660254037844234531 ) ) ;
#2955 = CARTESIAN_POINT ( 'NONE',  ( -96.39374999999941451, -4174.474026095069348, -8.660254037844222097 ) ) ;
#2956 = ORIENTED_EDGE ( 'NONE', *, *, #2349, .F. ) ;
#2957 = ORIENTED_EDGE ( 'NONE', *, *, #214, .F. ) ;
#2958 = CARTESIAN_POINT ( 'NONE',  ( 36.46429090568214093, -4115.826243671085649, -87.24807377193711488 ) ) ;
#2959 = ORIENTED_EDGE ( 'NONE', *, *, #1201, .F. ) ;
#2960 = AXIS2_PLACEMENT_3D ( 'NONE', #2891, #619, #494 ) ;
#2961 = CARTESIAN_POINT ( 'NONE',  ( 103.7826215854963010, -1628.245703022240150, 38.83005523746627574 ) ) ;
#2962 = ORIENTED_EDGE ( 'NONE', *, *, #1599, .F. ) ;
#2963 = CARTESIAN_POINT ( 'NONE',  ( 108.7880293594699026, -1632.140000000001237, -12.70904037076218351 ) ) ;
#2964 = CARTESIAN_POINT ( 'NONE',  ( -102.3937499999992440, -5691.406636087222068, 1.253961781901942107E-14 ) ) ;
#2965 = AXIS2_PLACEMENT_3D ( 'NONE', #2880, #1541, #281 ) ;
#2966 = LINE ( 'NONE', #1857, #2797 ) ;
#2967 = EDGE_CURVE ( 'NONE', #663, #1500, #2923, .T. ) ;
#2968 = CARTESIAN_POINT ( 'NONE',  ( 24.16740269684524733, -3012.640000000000782, -104.0538580409903489 ) ) ;
#2969 = CARTESIAN_POINT ( 'NONE',  ( 78.19075809532100152, -1654.640000000001464, 37.32526473504972131 ) ) ;
#2970 = EDGE_CURVE ( 'NONE', #174, #2144, #1476, .T. ) ;
#2971 = DIRECTION ( 'NONE',  ( 0.9914448613738100491, 4.528536997479874772E-17, 0.1305261922200539881 ) ) ;
#2972 = CARTESIAN_POINT ( 'NONE',  ( -102.0268594001716309, -4174.474026095069348, -8.660254037844222097 ) ) ;
#2973 = CARTESIAN_POINT ( 'NONE',  ( 102.1507594318168799, -1659.872849898220011, -7.144588303036145227 ) ) ;
#2974 = ORIENTED_EDGE ( 'NONE', *, *, #1182, .T. ) ;
#2975 = VERTEX_POINT ( 'NONE', #742 ) ;
#2976 = FACE_OUTER_BOUND ( 'NONE', #3139, .T. ) ;
#2977 = AXIS2_PLACEMENT_3D ( 'NONE', #2607, #333, #1345 ) ;
#2978 = VERTEX_POINT ( 'NONE', #2022 ) ;
#2979 = CARTESIAN_POINT ( 'NONE',  ( -1921.110542241465737, -5283.207558107435943, -1.590000000000000080 ) ) ;
#2980 = ORIENTED_EDGE ( 'NONE', *, *, #1774, .T. ) ;
#2981 = FACE_OUTER_BOUND ( 'NONE', #87, .T. ) ;
#2982 = CARTESIAN_POINT ( 'NONE',  ( 111.5272002602252996, -1627.288831372660525, -8.566455020341340543 ) ) ;
#2983 = CARTESIAN_POINT ( 'NONE',  ( 22.83705074272975821, -4108.589987909420415, -99.81457543712089375 ) ) ;
#2984 = FACE_OUTER_BOUND ( 'NONE', #2497, .T. ) ;
#2985 = CARTESIAN_POINT ( 'NONE',  ( 140.1560619311841549, -1654.640000000001464, 45.48315174880300304 ) ) ;
#2986 = CARTESIAN_POINT ( 'NONE',  ( 47.08127093178373457, -5169.640000000000327, 121.5006848846871605 ) ) ;
#2987 = CARTESIAN_POINT ( 'NONE',  ( 39.44223000444490879, -3002.635267903284330, -94.49227779554773576 ) ) ;
#2988 = CARTESIAN_POINT ( 'NONE',  ( 101.8585783940290383, -1658.239904725036922, -12.30058274998835799 ) ) ;
#2989 = ORIENTED_EDGE ( 'NONE', *, *, #340, .F. ) ;
#2990 = CARTESIAN_POINT ( 'NONE',  ( 38.47001520896696292, -4107.186426578335158, -86.01675713706146098 ) ) ;
#2991 = ORIENTED_EDGE ( 'NONE', *, *, #166, .T. ) ;
#2992 = ORIENTED_EDGE ( 'NONE', *, *, #3099, .F. ) ;
#2993 = ORIENTED_EDGE ( 'NONE', *, *, #3280, .T. ) ;
#2994 = CARTESIAN_POINT ( 'NONE',  ( 94.73456418335712215, -1631.639145708001024, 39.50329812583605360 ) ) ;
#2995 = DIRECTION ( 'NONE',  ( 0.000000000000000000, 0.5329411146587905712, -0.8461523316201674527 ) ) ;
#2996 = CARTESIAN_POINT ( 'NONE',  ( 26.19631875751254313, -4113.195685806107576, -98.98652839164630279 ) ) ;
#2997 = CARTESIAN_POINT ( 'NONE',  ( 24.05129563722458030, -3005.562590496233952, -99.52918085515415214 ) ) ;
#2998 = CARTESIAN_POINT ( 'NONE',  ( 102.1821598593102891, -1617.140000000001464, -6.579228339925895952 ) ) ;
#2999 = CIRCLE ( 'NONE', #3211, 2189.304990726157030 ) ;
#3000 = LINE ( 'NONE', #283, #1015 ) ;
#3001 = ADVANCED_FACE ( 'NONE', ( #2768 ), #1035, .T. ) ;
#3002 = CARTESIAN_POINT ( 'NONE',  ( 122.0269803920149627, -5894.030000000000655, 208.1769299331855620 ) ) ;
#3003 = CARTESIAN_POINT ( 'NONE',  ( 101.8323010679868332, -1657.865172961836606, -12.59775893771030830 ) ) ;
#3004 = EDGE_LOOP ( 'NONE', ( #1876, #2466, #3123, #1222 ) ) ;
#3005 = CARTESIAN_POINT ( 'NONE',  ( 111.8570437565935691, -1659.608979670521194, -7.904009090665310211 ) ) ;
#3006 = LINE ( 'NONE', #2979, #2851 ) ;
#3007 = ORIENTED_EDGE ( 'NONE', *, *, #1938, .F. ) ;
#3008 = ORIENTED_EDGE ( 'NONE', *, *, #2902, .T. ) ;
#3009 = CARTESIAN_POINT ( 'NONE',  ( 101.2482090941965396, -1666.393681130022287, -15.27769849016249459 ) ) ;
#3010 = CIRCLE ( 'NONE', #2904, 10.00000000000000000 ) ;
#3011 = CARTESIAN_POINT ( 'NONE',  ( 50.73990242684817531, -5944.538398893395424, 88.94417418487839200 ) ) ;
#3012 = CARTESIAN_POINT ( 'NONE',  ( 26.51233424174969855, -4113.282067880957584, -98.90243039082969290 ) ) ;
#3013 = VECTOR ( 'NONE', #17, 999.9999999999998863 ) ;
#3014 = CARTESIAN_POINT ( 'NONE',  ( 106.4705535175865094, -1659.640000000001237, 36.00522563075084292 ) ) ;
#3015 = ADVANCED_FACE ( 'NONE', ( #973 ), #2502, .T. ) ;
#3016 = CARTESIAN_POINT ( 'NONE',  ( 33.57494940732009070, -4104.377172597922254, -96.73263570976665449 ) ) ;
#3017 = EDGE_CURVE ( 'NONE', #2232, #1686, #1982, .T. ) ;
#3018 = CARTESIAN_POINT ( 'NONE',  ( 109.3831986377626464, -1657.171848568413452, -11.93950946460012297 ) ) ;
#3019 = CARTESIAN_POINT ( 'NONE',  ( 39.10369861949416048, -4107.824286895586738, -94.63293582833232165 ) ) ;
#3020 = CARTESIAN_POINT ( 'NONE',  ( 19.11831133155139284, -2989.283971322346133, -95.41192896404739088 ) ) ;
#3021 = ORIENTED_EDGE ( 'NONE', *, *, #2210, .T. ) ;
#3022 = EDGE_LOOP ( 'NONE', ( #2549, #1798, #2033, #1650 ) ) ;
#3023 = CIRCLE ( 'NONE', #589, 102.3937499999999545 ) ;
#3024 = CARTESIAN_POINT ( 'NONE',  ( 140.8086928922844265, -1632.140000000001237, 40.52592744193395191 ) ) ;
#3025 = CARTESIAN_POINT ( 'NONE',  ( 102.0460874966508413, -1669.533566955147762, -8.481256018124025076 ) ) ;
#3026 = DIRECTION ( 'NONE',  ( -0.1305261922200524061, 3.389636702121535101E-32, 0.9914448613738102711 ) ) ;
#3027 = CARTESIAN_POINT ( 'NONE',  ( 34.81840794120358851, -3012.640000000000782, -99.99898157892477002 ) ) ;
#3028 = DIRECTION ( 'NONE',  ( 1.000000000000000000, 1.208387367954123044E-16, 0.000000000000000000 ) ) ;
#3029 = CARTESIAN_POINT ( 'NONE',  ( -102.0268594001716309, -4174.474026095069348, -8.660254037844222097 ) ) ;
#3030 = ADVANCED_FACE ( 'NONE', ( #1243 ), #2139, .F. ) ;
#3031 = DIRECTION ( 'NONE',  ( 1.000000000000000000, 0.000000000000000000, 0.000000000000000000 ) ) ;
#3032 = DIRECTION ( 'NONE',  ( 1.000000000000000000, 0.000000000000000000, 0.000000000000000000 ) ) ;
#3033 = LINE ( 'NONE', #1079, #1583 ) ;
#3034 = CARTESIAN_POINT ( 'NONE',  ( 101.7850109516621160, -1657.049518683463020, -13.10442715972841832 ) ) ;
#3035 = EDGE_LOOP ( 'NONE', ( #2912, #2215, #2749, #1453 ) ) ;
#3036 = CARTESIAN_POINT ( 'NONE',  ( 41.11838240381257492, -4116.843584312509847, -105.9735498335314219 ) ) ;
#3037 = EDGE_CURVE ( 'NONE', #1338, #210, #363, .T. ) ;
#3038 = DIRECTION ( 'NONE',  ( -1.000000000000000000, -1.229331597148917955E-16, 0.000000000000000000 ) ) ;
#3039 = ORIENTED_EDGE ( 'NONE', *, *, #1244, .F. ) ;
#3040 = CARTESIAN_POINT ( 'NONE',  ( -108.3937499999994287, -4189.474026095069348, 5.117434254131580929E-13 ) ) ;
#3041 = CARTESIAN_POINT ( 'NONE',  ( 101.7278688158957891, -1668.615581708205809, -11.66656610497063618 ) ) ;
#3042 = CARTESIAN_POINT ( 'NONE',  ( 91.54598066963293945, -1654.640000000001464, 45.86734636206585947 ) ) ;
#3043 = CARTESIAN_POINT ( 'NONE',  ( 36.18622104403313244, -2997.900427153688270, -86.51763337591056313 ) ) ;
#3044 = EDGE_CURVE ( 'NONE', #2336, #390, #3010, .T. ) ;
#3045 = CARTESIAN_POINT ( 'NONE',  ( 106.4705535175864810, -1617.140000000001464, 36.00522563075085003 ) ) ;
#3046 = CARTESIAN_POINT ( 'NONE',  ( 32.02011854487617626, -4107.869205388984483, -97.25841161305095284 ) ) ;
#3047 = CARTESIAN_POINT ( 'NONE',  ( 109.2435332610847070, -1629.896940935070461, -12.12537942548485326 ) ) ;
#3048 = VECTOR ( 'NONE', #242, 1000.000000000000000 ) ;
#3049 = CYLINDRICAL_SURFACE ( 'NONE', #2278, 102.3937499999999403 ) ;
#3050 = FACE_BOUND ( 'NONE', #1239, .T. ) ;
#3051 = CARTESIAN_POINT ( 'NONE',  ( 36.57109726670353211, -4109.836425173757561, -95.64020574514476891 ) ) ;
#3052 = AXIS2_PLACEMENT_3D ( 'NONE', #1333, #2344, #1861 ) ;
#3053 = VERTEX_POINT ( 'NONE', #58 ) ;
#3054 = CARTESIAN_POINT ( 'NONE',  ( 27.79401159196748239, -4104.218607276052353, -81.54713346866859069 ) ) ;
#3055 = CARTESIAN_POINT ( 'NONE',  ( 2671.845959035538272, -3673.765041794863009, -1.590000000000000080 ) ) ;
#3056 = CARTESIAN_POINT ( 'NONE',  ( 92.66404365955320088, -1663.189669404788901, 43.56509964428936854 ) ) ;
#3057 = EDGE_CURVE ( 'NONE', #342, #704, #88, .T. ) ;
#3058 = CARTESIAN_POINT ( 'NONE',  ( 146.4996348730787190, -1654.640000000001464, -2.701068513964176798 ) ) ;
#3059 = VECTOR ( 'NONE', #3229, 1000.000000000000000 ) ;
#3060 = ORIENTED_EDGE ( 'NONE', *, *, #820, .F. ) ;
#3061 = CARTESIAN_POINT ( 'NONE',  ( -102.0268594001721141, -1.254248420185016939E-14, 8.660254037844234531 ) ) ;
#3062 = CARTESIAN_POINT ( 'NONE',  ( 33.68740269684540323, -4096.640000000000327, -104.0538580409903489 ) ) ;
#3063 = AXIS2_PLACEMENT_3D ( 'NONE', #745, #1196, #995 ) ;
#3064 = ADVANCED_FACE ( 'NONE', ( #2600, #72 ), #2616, .T. ) ;
#3065 = DIRECTION ( 'NONE',  ( -1.000000000000000000, 0.000000000000000000, 0.000000000000000000 ) ) ;
#3066 = CARTESIAN_POINT ( 'NONE',  ( 959.1782907287001763, -5283.207558107435943, 1664.525533059216059 ) ) ;
#3067 = DIRECTION ( 'NONE',  ( 0.000000000000000000, 1.000000000000000000, 0.000000000000000000 ) ) ;
#3068 = CARTESIAN_POINT ( 'NONE',  ( 101.8308750499226534, -1655.305657346684256, 40.40375480946626396 ) ) ;
#3069 = CARTESIAN_POINT ( 'NONE',  ( 35.47457150264209957, -4109.660587752552601, -96.05252285198395157 ) ) ;
#3070 = ORIENTED_EDGE ( 'NONE', *, *, #855, .T. ) ;
#3071 = CARTESIAN_POINT ( 'NONE',  ( 41.31840794120373062, -4096.640000000000327, -106.4989815789247700 ) ) ;
#3072 = DIRECTION ( 'NONE',  ( -0.8660254037844432595, 0.000000000000000000, 0.4999999999999918954 ) ) ;
#3073 = CARTESIAN_POINT ( 'NONE',  ( 22.82896450824662082, -2999.998248631919978, -99.81642448322175198 ) ) ;
#3074 = CARTESIAN_POINT ( 'NONE',  ( 41.34955006847280856, -3008.022631564733274, -100.0807864449421061 ) ) ;
#3075 = CARTESIAN_POINT ( 'NONE',  ( 38.07653042620339789, -4101.947384085675367, -95.05095940766545937 ) ) ;
#3076 = ORIENTED_EDGE ( 'NONE', *, *, #1626, .F. ) ;
#3077 = CARTESIAN_POINT ( 'NONE',  ( -102.3937499999992013, -5944.539895423039525, 1.253961781901942107E-14 ) ) ;
#3078 = DIRECTION ( 'NONE',  ( 1.229331597148917955E-16, -1.000000000000000000, 0.000000000000000000 ) ) ;
#3079 = VECTOR ( 'NONE', #1229, 1000.000000000000000 ) ;
#3080 = CARTESIAN_POINT ( 'NONE',  ( 24.71785194168226596, -4102.319830852863561, -99.36584938063940342 ) ) ;
#3081 = CARTESIAN_POINT ( 'NONE',  ( 101.6029650994090616, -1618.639973784668882, -12.72886520827947798 ) ) ;
#3082 = DIRECTION ( 'NONE',  ( -1.000000000000000000, -1.229331597148917955E-16, 0.000000000000000000 ) ) ;
#3083 = CARTESIAN_POINT ( 'NONE',  ( 24.24693258459721434, -4237.520035190741510, 99.80560310701105209 ) ) ;
#3084 = CARTESIAN_POINT ( 'NONE',  ( 41.31840794120373062, -4096.640000000000327, -99.99898157892477002 ) ) ;
#3085 = ORIENTED_EDGE ( 'NONE', *, *, #2816, .T. ) ;
#3086 = CARTESIAN_POINT ( 'NONE',  ( 28.20188702622284183, -4078.490309121619248, -89.11855016935055573 ) ) ;
#3087 = CARTESIAN_POINT ( 'NONE',  ( 36.99712307646442611, -3007.203152808080631, -95.47621733519414988 ) ) ;
#3088 = DIRECTION ( 'NONE',  ( 1.229331597148917955E-16, -1.000000000000000000, 0.000000000000000000 ) ) ;
#3089 = DIRECTION ( 'NONE',  ( -0.9979335639070759933, 0.000000000000000000, 0.06425419852213540284 ) ) ;
#3090 = ORIENTED_EDGE ( 'NONE', *, *, #711, .F. ) ;
#3091 = CARTESIAN_POINT ( 'NONE',  ( 49.81372173996767572, -5944.544384651105247, -89.45989696772160471 ) ) ;
#3092 = CARTESIAN_POINT ( 'NONE',  ( 2.052541207863720925E-13, -1669.640000000001237, 0.000000000000000000 ) ) ;
#3093 = DIRECTION ( 'NONE',  ( 0.9397966137609635728, -0.3417342897097482846, 0.000000000000000000 ) ) ;
#3094 = CARTESIAN_POINT ( 'NONE',  ( 101.9541360558817615, -1627.496099763852499, -11.07976318227531465 ) ) ;
#3095 = LINE ( 'NONE', #2803, #2853 ) ;
#3096 = DIRECTION ( 'NONE',  ( -1.229331597148917955E-16, 1.000000000000000000, -0.000000000000000000 ) ) ;
#3097 = CARTESIAN_POINT ( 'NONE',  ( 33.95869563246974820, -4108.293523586366064, -96.59868499188328883 ) ) ;
#3098 = ORIENTED_EDGE ( 'NONE', *, *, #2587, .F. ) ;
#3099 = EDGE_CURVE ( 'NONE', #1833, #191, #396, .T. ) ;
#3100 = LINE ( 'NONE', #614, #1260 ) ;
#3101 = CARTESIAN_POINT ( 'NONE',  ( 36.50196628334769144, -3007.318516640196322, -95.66663325008401841 ) ) ;
#3102 = EDGE_CURVE ( 'NONE', #566, #1842, #1894, .T. ) ;
#3103 = TOROIDAL_SURFACE ( 'NONE', #359, -2086.911240726156848, 2189.304990726157030 ) ;
#3104 = CIRCLE ( 'NONE', #936, 9.750000000000008882 ) ;
#3105 = CARTESIAN_POINT ( 'NONE',  ( 29.09158114826662711, -2995.220107232632927, -98.17469942861069399 ) ) ;
#3106 = AXIS2_PLACEMENT_3D ( 'NONE', #1012, #2279, #2817 ) ;
#3107 = CARTESIAN_POINT ( 'NONE',  ( 35.76948743813048992, -4101.140638863315871, -95.94288836620705752 ) ) ;
#3108 = CARTESIAN_POINT ( 'NONE',  ( 96.17568958584941186, -1626.787733970754061, 35.39576355856583234 ) ) ;
#3109 = CARTESIAN_POINT ( 'NONE',  ( 33.67255419885705692, -4105.635036839337772, -104.0004469719775670 ) ) ;
#3110 = CARTESIAN_POINT ( 'NONE',  ( 23.41096345080839569, -4104.733059049827716, -99.68161024052029973 ) ) ;
#3111 = CARTESIAN_POINT ( 'NONE',  ( 49.81372173996734887, -5691.397657313528725, 89.45989696772299737 ) ) ;
#3112 = CARTESIAN_POINT ( 'NONE',  ( 111.2281114597159046, -1627.455681187636401, -9.115697033405281147 ) ) ;
#3113 =( GEOMETRIC_REPRESENTATION_CONTEXT ( 3 ) GLOBAL_UNCERTAINTY_ASSIGNED_CONTEXT ( ( #1076 ) ) GLOBAL_UNIT_ASSIGNED_CONTEXT ( ( #957, #656, #450 ) ) REPRESENTATION_CONTEXT ( 'NONE', 'WORKASPACE' ) );
#3114 = FACE_OUTER_BOUND ( 'NONE', #1908, .T. ) ;
#3115 = EDGE_CURVE ( 'NONE', #1767, #1153, #1011, .T. ) ;
#3116 = CARTESIAN_POINT ( 'NONE',  ( -102.3937499999992440, -5691.406636087222068, 1.253961781901942107E-14 ) ) ;
#3117 = CARTESIAN_POINT ( 'NONE',  ( 32.90127123460928971, -4090.593451064658893, -88.46300217828550672 ) ) ;
#3118 = ORIENTED_EDGE ( 'NONE', *, *, #1520, .F. ) ;
#3119 = CARTESIAN_POINT ( 'NONE',  ( 7.387840339490024034E-13, -6009.640000000001237, 0.000000000000000000 ) ) ;
#3120 = AXIS2_PLACEMENT_3D ( 'NONE', #3092, #2401, #606 ) ;
#3121 = DIRECTION ( 'NONE',  ( -0.4999999999999919509, 0.000000000000000000, -0.8660254037844433705 ) ) ;
#3122 = CARTESIAN_POINT ( 'NONE',  ( 30.68208802437534999, -2996.493662819756082, -97.68904125513051895 ) ) ;
#3123 = ORIENTED_EDGE ( 'NONE', *, *, #1585, .T. ) ;
#3124 = CARTESIAN_POINT ( 'NONE',  ( 33.98962755241142020, -2991.826534743740467, -87.24757037657715841 ) ) ;
#3125 = CARTESIAN_POINT ( 'NONE',  ( 104.6858260249760377, -1627.639144807435969, 37.99104079774419063 ) ) ;
#3126 = CARTESIAN_POINT ( 'NONE',  ( 33.68740269684540323, -4096.640000000000327, -104.0538580409903489 ) ) ;
#3127 = DIRECTION ( 'NONE',  ( 1.229331597148917955E-16, -1.000000000000000000, 0.000000000000000000 ) ) ;
#3128 =( BOUNDED_CURVE ( )  B_SPLINE_CURVE ( 3, ( #2426, #3246, #1715, #2442 ),
 .UNSPECIFIED., .F., .F. ) 
 B_SPLINE_CURVE_WITH_KNOTS ( ( 4, 4 ),
 ( 0.000000000000000000, 0.6227251144528134219 ),
 .UNSPECIFIED. ) 
 CURVE ( )  GEOMETRIC_REPRESENTATION_ITEM ( )  RATIONAL_B_SPLINE_CURVE ( ( 1.000000000000000000, 0.8784053578613080226, 0.8325307531652819115, 0.8623761859119215556 ) ) 
 REPRESENTATION_ITEM ( '' )  );
#3129 = DIRECTION ( 'NONE',  ( 1.229331597148917955E-16, -1.000000000000000000, 0.000000000000000000 ) ) ;
#3130 = VECTOR ( 'NONE', #1295, 1000.000000000000000 ) ;
#3131 = CARTESIAN_POINT ( 'NONE',  ( 101.7966619859043362, -1617.923942501206284, -11.05039227636491361 ) ) ;
#3132 = CARTESIAN_POINT ( 'NONE',  ( -102.3937499999992298, -5691.406636087223887, -0.5300266275552089068 ) ) ;
#3133 = CARTESIAN_POINT ( 'NONE',  ( 30.72784599183840015, -4112.537169358216488, -89.25379807522200792 ) ) ;
#3134 = EDGE_LOOP ( 'NONE', ( #2640, #3240, #644, #2321 ) ) ;
#3135 = CARTESIAN_POINT ( 'NONE',  ( 108.7880293594699026, -1632.140000000001237, -12.70904037076218351 ) ) ;
#3136 = DIRECTION ( 'NONE',  ( -0.9979335639070759933, 0.000000000000000000, 0.06425419852213645755 ) ) ;
#3137 = EDGE_CURVE ( 'NONE', #2197, #1931, #1915, .T. ) ;
#3138 = CARTESIAN_POINT ( 'NONE',  ( 24.16740269684524733, -3012.640000000000782, -104.0538580409903489 ) ) ;
#3139 = EDGE_LOOP ( 'NONE', ( #2601, #3172, #998, #3157 ) ) ;
#3140 = CARTESIAN_POINT ( 'NONE',  ( 24.16740269684537878, -4096.640000000000327, -104.0538580409903489 ) ) ;
#3141 = CARTESIAN_POINT ( 'NONE',  ( 95.42987586783429776, -1627.873337419140398, 37.61536093088115251 ) ) ;
#3142 = CARTESIAN_POINT ( 'NONE',  ( 36.77843574432086626, -2998.291306029304906, -95.56088487031938428 ) ) ;
#3143 = EDGE_CURVE ( 'NONE', #738, #1218, #1419, .T. ) ;
#3144 = LINE ( 'NONE', #1919, #2315 ) ;
#3145 = CARTESIAN_POINT ( 'NONE',  ( 102.1821598593100475, -1627.140000000001464, -6.579228339925885294 ) ) ;
#3146 = CARTESIAN_POINT ( 'NONE',  ( 102.9608335950229332, -1657.710639473596530, 39.52666108161369607 ) ) ;
#3147 = CARTESIAN_POINT ( 'NONE',  ( 34.45856660239702052, -4124.466060763836140, -88.47939040681191614 ) ) ;
#3148 =( BOUNDED_SURFACE ( )  B_SPLINE_SURFACE ( 3, 3, ( 
 ( #2968, #2599, #2347, #1352 ),
 ( #1118, #601, #2381, #2133 ),
 ( #289, #2629, #1052, #1102 ),
 ( #1831, #1865, #361, #2614 ),
 ( #2826, #2066, #2876, #553 ),
 ( #1086, #1368, #1584, #2579 ),
 ( #3138, #106, #71, #2116 ) ),
 .UNSPECIFIED., .T., .F., .F. ) 
 B_SPLINE_SURFACE_WITH_KNOTS ( ( 4, 3, 4 ),
 ( 4, 4 ),
 ( 0.000000000000000000, 0.5000000000000000000, 1.000000000000000000 ),
 ( 0.000000000000000000, 1.000000000000000000 ),
 .UNSPECIFIED. ) 
 GEOMETRIC_REPRESENTATION_ITEM ( )  RATIONAL_B_SPLINE_SURFACE ( (
 ( 1.000000000000000000, 0.8636042212540425700, 0.8636042212540425700, 1.000000000000000000),
 ( 0.3333333333333333703, 0.2878680737513475418, 0.2878680737513475418, 0.3333333333333333703),
 ( 0.3333333333333333703, 0.2878680737513475418, 0.2878680737513475418, 0.3333333333333333703),
 ( 1.000000000000000000, 0.8636042212540425700, 0.8636042212540425700, 1.000000000000000000),
 ( 0.3333333333333333703, 0.2878680737513475418, 0.2878680737513475418, 0.3333333333333333703),
 ( 0.3333333333333333703, 0.2878680737513475418, 0.2878680737513475418, 0.3333333333333333703),
 ( 1.000000000000000000, 0.8636042212540425700, 0.8636042212540425700, 1.000000000000000000) ) ) 
 REPRESENTATION_ITEM ( '' )  SURFACE ( )  );
#3149 = ORIENTED_EDGE ( 'NONE', *, *, #2836, .T. ) ;
#3150 = CARTESIAN_POINT ( 'NONE',  ( 35.25820524132273448, -5149.640000000000327, 79.98792581904206145 ) ) ;
#3151 = CARTESIAN_POINT ( 'NONE',  ( 112.1614954983810577, -1659.640000000001237, -7.221770325147256919 ) ) ;
#3152 = ORIENTED_EDGE ( 'NONE', *, *, #2967, .T. ) ;
#3153 = PLANE ( 'NONE',  #989 ) ;
#3154 = ORIENTED_EDGE ( 'NONE', *, *, #2461, .T. ) ;
#3155 = CARTESIAN_POINT ( 'NONE',  ( 39.08324131458756767, -4103.748535056660330, -94.64144045113606296 ) ) ;
#3156 = AXIS2_PLACEMENT_3D ( 'NONE', #2236, #2468, #3227 ) ;
#3157 = ORIENTED_EDGE ( 'NONE', *, *, #1694, .F. ) ;
#3158 = CIRCLE ( 'NONE', #1786, 5.000000000000003553 ) ;
#3159 = EDGE_CURVE ( 'NONE', #1252, #2249, #888, .T. ) ;
#3160 = CARTESIAN_POINT ( 'NONE',  ( 95.25919401093810279, -1628.362789203119519, 38.09241010886871237 ) ) ;
#3161 = FACE_OUTER_BOUND ( 'NONE', #2425, .T. ) ;
#3162 = DIRECTION ( 'NONE',  ( -0.5000000000000041078, 0.000000000000000000, 0.8660254037844363761 ) ) ;
#3163 = EDGE_CURVE ( 'NONE', #1297, #2182, #1845, .T. ) ;
#3164 = DIRECTION ( 'NONE',  ( -0.9914448613738103822, -1.218814494917753813E-16, -0.1305261922200525726 ) ) ;
#3165 = CARTESIAN_POINT ( 'NONE',  ( 102.3828710075269726, -1656.883059064932240, 39.98652410288899972 ) ) ;
#3166 = CARTESIAN_POINT ( 'NONE',  ( 26.62929942859705434, -4077.387993219738291, -67.91328884830977586 ) ) ;
#3167 = ORIENTED_EDGE ( 'NONE', *, *, #907, .T. ) ;
#3168 = CARTESIAN_POINT ( 'NONE',  ( 24.16740269684524733, -3012.640000000000782, -104.0538580409903489 ) ) ;
#3169 = VECTOR ( 'NONE', #234, 1000.000000000000000 ) ;
#3170 = CARTESIAN_POINT ( 'NONE',  ( 111.5924974543529231, -1659.513729213752640, -8.434639114661088399 ) ) ;
#3171 = ORIENTED_EDGE ( 'NONE', *, *, #1082, .T. ) ;
#3172 = ORIENTED_EDGE ( 'NONE', *, *, #1673, .T. ) ;
#3173 = VERTEX_POINT ( 'NONE', #192 ) ;
#3174 = CARTESIAN_POINT ( 'NONE',  ( 39.32566050795973212, -4107.121181427450210, -94.54088424201067653 ) ) ;
#3175 = ORIENTED_EDGE ( 'NONE', *, *, #994, .T. ) ;
#3176 = CARTESIAN_POINT ( 'NONE',  ( 96.67381639676894167, -1626.797498539359367, 33.80812700699643614 ) ) ;
#3177 = FACE_OUTER_BOUND ( 'NONE', #550, .T. ) ;
#3178 = EDGE_CURVE ( 'NONE', #37, #320, #1949, .T. ) ;
#3179 = CARTESIAN_POINT ( 'NONE',  ( -102.3937499999992440, -5691.406636087222068, 1.253961781901942107E-14 ) ) ;
#3180 = EDGE_CURVE ( 'NONE', #3189, #2249, #1881, .T. ) ;
#3181 = CARTESIAN_POINT ( 'NONE',  ( 94.82966165307486506, -1656.344581620476447, 39.25384786339802190 ) ) ;
#3182 = FACE_OUTER_BOUND ( 'NONE', #2195, .T. ) ;
#3183 = DIRECTION ( 'NONE',  ( 0.000000000000000000, 1.000000000000000000, 0.000000000000000000 ) ) ;
#3184 = CARTESIAN_POINT ( 'NONE',  ( 31.73583247350876491, -4109.750138902428262, -97.35152686438333092 ) ) ;
#3185 = ADVANCED_FACE ( 'NONE', ( #1187 ), #1708, .T. ) ;
#3186 = EDGE_LOOP ( 'NONE', ( #895, #1667, #1563, #2957 ) ) ;
#3187 = EDGE_LOOP ( 'NONE', ( #2054, #953, #1431 ) ) ;
#3188 = CARTESIAN_POINT ( 'NONE',  ( 33.68740269684527533, -3012.640000000000782, -104.0538580409903489 ) ) ;
#3189 = VERTEX_POINT ( 'NONE', #445 ) ;
#3190 = CARTESIAN_POINT ( 'NONE',  ( 140.8086928922844265, -1632.140000000001237, 40.52592744193395902 ) ) ;
#3191 = EDGE_LOOP ( 'NONE', ( #2731, #1722, #1705, #2524, #154, #1305, #1977, #2331, #2711, #2630, #852, #771, #542, #132, #682, #1723, #225, #2216 ) ) ;
#3192 = CARTESIAN_POINT ( 'NONE',  ( 94.75957304417130445, -1631.138976161973687, 39.43826735608487866 ) ) ;
#3193 = CARTESIAN_POINT ( 'NONE',  ( 36.10682617119339710, -2998.287784880483287, -95.81667289851823455 ) ) ;
#3194 = CARTESIAN_POINT ( 'NONE',  ( 39.39476444671888089, 3.424144691489179673E-15, 94.51207633551396725 ) ) ;
#3195 = DIRECTION ( 'NONE',  ( -0.000000000000000000, 1.000000000000000000, 0.000000000000000000 ) ) ;
#3196 = CARTESIAN_POINT ( 'NONE',  ( 94.53900367607720057, -1667.687213263385729, 39.33766729072736013 ) ) ;
#3197 = DIRECTION ( 'NONE',  ( 0.1305261922200540159, 0.000000000000000000, -0.9914448613738100491 ) ) ;
#3198 = CARTESIAN_POINT ( 'NONE',  ( 41.31840794120359561, -3012.640000000000327, -93.49898157892477002 ) ) ;
#3199 = CARTESIAN_POINT ( 'NONE',  ( 102.1231887477302678, -1669.639999999330257, -7.495110148432796215 ) ) ;
#3200 = EDGE_LOOP ( 'NONE', ( #2732, #1880, #2993, #386 ) ) ;
#3201 = VERTEX_POINT ( 'NONE', #3140 ) ;
#3202 = CARTESIAN_POINT ( 'NONE',  ( 140.1560619311841549, -1659.640000000001237, 45.48315174880298883 ) ) ;
#3203 = EDGE_CURVE ( 'NONE', #2645, #2694, #1582, .T. ) ;
#3204 = ORIENTED_EDGE ( 'NONE', *, *, #1377, .F. ) ;
#3205 = CARTESIAN_POINT ( 'NONE',  ( 102.0398649978407803, -1630.677572887910628, 40.24785380775776389 ) ) ;
#3206 = ORIENTED_EDGE ( 'NONE', *, *, #2372, .T. ) ;
#3207 = CARTESIAN_POINT ( 'NONE',  ( 94.92509548319274870, -1629.730481316540590, 39.00180397254086273 ) ) ;
#3208 = FACE_OUTER_BOUND ( 'NONE', #965, .T. ) ;
#3209 = EDGE_CURVE ( 'NONE', #901, #2285, #1752, .T. ) ;
#3210 = DIRECTION ( 'NONE',  ( 0.9617544617065607593, 1.182315148474823955E-16, -0.2739130434782609536 ) ) ;
#3211 = AXIS2_PLACEMENT_3D ( 'NONE', #1892, #69, #1084 ) ;
#3212 = DIRECTION ( 'NONE',  ( 1.000000000000000000, 0.000000000000000000, 0.000000000000000000 ) ) ;
#3213 = CIRCLE ( 'NONE', #424, 9.750000000000008882 ) ;
#3214 = CARTESIAN_POINT ( 'NONE',  ( 95.98807614510911890, -1659.828119276253574, 35.97228348611325544 ) ) ;
#3215 = APPLICATION_CONTEXT ( 'automotive_design' ) ;
#3216 = DIRECTION ( 'NONE',  ( 0.2739130434782609536, -0.000000000000000000, 0.9617544617065607593 ) ) ;
#3217 = CARTESIAN_POINT ( 'NONE',  ( 34.81840794120358851, -3012.640000000000327, -93.49898157892477002 ) ) ;
#3218 = LINE ( 'NONE', #1957, #2181 ) ;
#3219 = EDGE_LOOP ( 'NONE', ( #2444, #632, #2428, #1670, #475 ) ) ;
#3220 = ORIENTED_EDGE ( 'NONE', *, *, #1970, .F. ) ;
#3221 = CARTESIAN_POINT ( 'NONE',  ( 41.31840794120373062, -4096.640000000000327, -93.49898157892477002 ) ) ;
#3222 = AXIS2_PLACEMENT_3D ( 'NONE', #850, #2613, #3136 ) ;
#3223 = EDGE_LOOP ( 'NONE', ( #2615, #3238, #1911, #2397 ) ) ;
#3224 = ORIENTED_EDGE ( 'NONE', *, *, #937, .T. ) ;
#3225 = VERTEX_POINT ( 'NONE', #2528 ) ;
#3226 = CARTESIAN_POINT ( 'NONE',  ( 101.7918254566404670, -1631.804622660033601, 40.43240419889583137 ) ) ;
#3227 = DIRECTION ( 'NONE',  ( 1.000000000000000000, 0.000000000000000000, 0.000000000000000000 ) ) ;
#3228 = CARTESIAN_POINT ( 'NONE',  ( 119.2730196079804443, -5792.430000000000291, 209.7669299331855370 ) ) ;
#3229 = DIRECTION ( 'NONE',  ( 1.229331597148917955E-16, -1.000000000000000000, 0.000000000000000000 ) ) ;
#3230 = B_SPLINE_CURVE_WITH_KNOTS ( 'NONE', 3,
 ( #2271, #1711, #2719, #2289, #2532, #758, #215, #10, #263, #1455, #1005, #3271, #2020, #513, #498, #1771, #2982, #2220, #2780, #1503 ),
 .UNSPECIFIED., .F., .F.,
 ( 4, 2, 2, 2, 2, 2, 2, 2, 2, 4 ),
 ( 0.000000000000000000, 0.001114639179974541731, 0.001671958769961498503, 0.002229278359948455492, 0.003343917539922369470, 0.004458556719896283882, 0.005573195899870197860, 0.006687835079844110971, 0.007802474259818025816, 0.008917113439791939794 ),
 .UNSPECIFIED. ) ;
#3231 = CARTESIAN_POINT ( 'NONE',  ( 8.134588669078021102E-14, -661.7082557662934050, 0.000000000000000000 ) ) ;
#3232 = CARTESIAN_POINT ( 'NONE',  ( -96.39374999999941451, -4184.474026095069348, -8.660254037844222097 ) ) ;
#3233 = FACE_BOUND ( 'NONE', #3239, .T. ) ;
#3234 = ORIENTED_EDGE ( 'NONE', *, *, #2561, .F. ) ;
#3235 = DIRECTION ( 'NONE',  ( 1.229331597148917955E-16, -1.000000000000000000, 0.000000000000000000 ) ) ;
#3236 =( BOUNDED_SURFACE ( )  B_SPLINE_SURFACE ( 3, 3, ( 
 ( #2471, #2722, #1696, #200 ),
 ( #1769, #1212, #2778, #2287 ),
 ( #2050, #1535, #24, #1424 ),
 ( #1176, #1287, #1935, #2035 ),
 ( #260, #435, #2704, #165 ),
 ( #511, #2301, #1441, #1272 ),
 ( #2269, #772, #8, #1019 ) ),
 .UNSPECIFIED., .T., .F., .F. ) 
 B_SPLINE_SURFACE_WITH_KNOTS ( ( 4, 3, 4 ),
 ( 4, 4 ),
 ( 0.000000000000000000, 0.5000000000000000000, 1.000000000000000000 ),
 ( 0.000000000000000000, 1.000000000000000000 ),
 .UNSPECIFIED. ) 
 GEOMETRIC_REPRESENTATION_ITEM ( )  RATIONAL_B_SPLINE_SURFACE ( (
 ( 1.000000000000000000, 0.8047378541243886962, 0.8047378541243886962, 1.000000000000000000),
 ( 0.3333333333333333703, 0.2682459513747962876, 0.2682459513747962876, 0.3333333333333333703),
 ( 0.3333333333333333703, 0.2682459513747962876, 0.2682459513747962876, 0.3333333333333333703),
 ( 1.000000000000000000, 0.8047378541243886962, 0.8047378541243886962, 1.000000000000000000),
 ( 0.3333333333333333703, 0.2682459513747962876, 0.2682459513747962876, 0.3333333333333333703),
 ( 0.3333333333333333703, 0.2682459513747962876, 0.2682459513747962876, 0.3333333333333333703),
 ( 1.000000000000000000, 0.8047378541243886962, 0.8047378541243886962, 1.000000000000000000) ) ) 
 REPRESENTATION_ITEM ( '' )  SURFACE ( )  );
#3237 = CIRCLE ( 'NONE', #1121, 112.3937499999999261 ) ;
#3238 = ORIENTED_EDGE ( 'NONE', *, *, #2671, .T. ) ;
#3239 = EDGE_LOOP ( 'NONE', ( #1485, #462, #3167, #1768 ) ) ;
#3240 = ORIENTED_EDGE ( 'NONE', *, *, #3180, .F. ) ;
#3241 = CARTESIAN_POINT ( 'NONE',  ( 52.56768252400319597, -5944.544384651105247, -87.86989696772243974 ) ) ;
#3242 = PLANE ( 'NONE',  #1410 ) ;
#3243 = DIRECTION ( 'NONE',  ( 0.8660254037844432595, 0.000000000000000000, -0.4999999999999918954 ) ) ;
#3244 = CARTESIAN_POINT ( 'NONE',  ( 24.45246062485954752, -3006.292907173205094, -99.43138253547950001 ) ) ;
#3245 = CARTESIAN_POINT ( 'NONE',  ( 101.7758401075474524, -1617.994185932709115, -11.24112417406375108 ) ) ;
#3246 = CARTESIAN_POINT ( 'NONE',  ( 33.67893162509764693, -4101.771670725182958, -104.0233870130057738 ) ) ;
#3247 = DIRECTION ( 'NONE',  ( 0.000000000000000000, 0.000000000000000000, 1.000000000000000000 ) ) ;
#3248 = CARTESIAN_POINT ( 'NONE',  ( 101.9803017312906519, -1659.503628500792502, -10.69228740933208854 ) ) ;
#3249 = ORIENTED_EDGE ( 'NONE', *, *, #1587, .T. ) ;
#3250 = CARTESIAN_POINT ( 'NONE',  ( 110.8301710808423337, -1659.044690739507359, -9.803370730046809811 ) ) ;
#3251 = ORIENTED_EDGE ( 'NONE', *, *, #1060, .T. ) ;
#3252 = ORIENTED_EDGE ( 'NONE', *, *, #3163, .T. ) ;
#3253 = ORIENTED_EDGE ( 'NONE', *, *, #169, .F. ) ;
#3254 =( BOUNDED_CURVE ( )  B_SPLINE_CURVE ( 3, ( #1649, #1879, #2888, #633 ),
 .UNSPECIFIED., .F., .F. ) 
 B_SPLINE_CURVE_WITH_KNOTS ( ( 4, 4 ),
 ( 6.267656391539606631, 6.298714222819574715 ),
 .UNSPECIFIED. ) 
 CURVE ( )  GEOMETRIC_REPRESENTATION_ITEM ( )  RATIONAL_B_SPLINE_CURVE ( ( 1.000000000000000000, 0.9999196192083351642, 0.9999196192083351642, 1.000000000000000000 ) ) 
 REPRESENTATION_ITEM ( '' )  );
#3255 = CARTESIAN_POINT ( 'NONE',  ( 101.9849620023747150, -1630.814569176399573, 40.28910996915841736 ) ) ;
#3256 = CARTESIAN_POINT ( 'NONE',  ( 33.68740269684540323, -4096.640000000000327, -104.0538580409903489 ) ) ;
#3257 = DIRECTION ( 'NONE',  ( 0.000000000000000000, 0.000000000000000000, 1.000000000000000000 ) ) ;
#3258 = CARTESIAN_POINT ( 'NONE',  ( 25.84729484035173996, -3008.082429486610636, -99.07784746222714034 ) ) ;
#3259 = AXIS2_PLACEMENT_3D ( 'NONE', #425, #1235, #1220 ) ;
#3260 = DIRECTION ( 'NONE',  ( 1.229331597148917955E-16, -1.000000000000000000, -0.000000000000000000 ) ) ;
#3261 = AXIS2_PLACEMENT_3D ( 'NONE', #3119, #101, #849 ) ;
#3262 = CARTESIAN_POINT ( 'NONE',  ( 101.7580627095660333, -1630.435418379526482, -13.37258295603076341 ) ) ;
#3263 = CARTESIAN_POINT ( 'NONE',  ( 146.4996348730787190, -1659.640000000001237, -2.701068513964177686 ) ) ;
#3264 = CARTESIAN_POINT ( 'NONE',  ( 101.1768866926824444, -1665.981710204028104, -15.74320073965235167 ) ) ;
#3265 = CARTESIAN_POINT ( 'NONE',  ( 85.18696199831582305, -1632.140000000001237, -15.81617983458651011 ) ) ;
#3266 = CARTESIAN_POINT ( 'NONE',  ( 28.13655454279296109, -2986.825477368825887, -93.60707526820321789 ) ) ;
#3267 = EDGE_LOOP ( 'NONE', ( #2406, #1704, #207, #1202 ) ) ;
#3268 = EDGE_CURVE ( 'NONE', #2855, #1103, #3006, .T. ) ;
#3269 = DIRECTION ( 'NONE',  ( -1.000000000000000000, -4.059191156308227880E-16, 0.000000000000000000 ) ) ;
#3270 = CARTESIAN_POINT ( 'NONE',  ( 23.99916385082628167, -5169.640000000000327, 128.0745979281654172 ) ) ;
#3271 = CARTESIAN_POINT ( 'NONE',  ( 110.2927771756728532, -1628.249634981619920, -10.65129232068046505 ) ) ;
#3272 = DIRECTION ( 'NONE',  ( 1.000000000000000000, 4.270088556250607616E-16, 0.000000000000000000 ) ) ;
#3273 = CARTESIAN_POINT ( 'NONE',  ( 28.76579394937503409, -3008.285126220422626, -98.27021275589933680 ) ) ;
#3274 = AXIS2_PLACEMENT_3D ( 'NONE', #1605, #348, #1359 ) ;
#3275 = EDGE_CURVE ( 'NONE', #124, #423, #1469, .T. ) ;
#3276 = CARTESIAN_POINT ( 'NONE',  ( 41.31840794120372351, -4096.640000000000327, -99.99898157892501160 ) ) ;
#3277 = AXIS2_PLACEMENT_3D ( 'NONE', #2351, #1040, #346 ) ;
#3278 = DIRECTION ( 'NONE',  ( 1.229331597148917955E-16, -1.000000000000000000, 0.000000000000000000 ) ) ;
#3279 = AXIS2_PLACEMENT_3D ( 'NONE', #1679, #626, #385 ) ;
#3280 = EDGE_CURVE ( 'NONE', #1153, #1148, #2747, .T. ) ;
ENDSEC;
END-ISO-10303-21;
